[0.077s] DEBUG:colcon:Command line arguments: ['/usr/bin/colcon', 'build']
[0.077s] DEBUG:colcon:Parsed command line arguments: Namespace(log_base=None, log_level=None, verb_name='build', build_base='build', install_base='install', merge_install=False, symlink_install=False, test_result_base=None, continue_on_error=False, executor='parallel', parallel_workers=12, event_handlers=None, ignore_user_meta=False, metas=['./colcon.meta'], base_paths=['.'], packages_ignore=None, packages_ignore_regex=None, paths=None, packages_up_to=None, packages_up_to_regex=None, packages_above=None, packages_above_and_dependencies=None, packages_above_depth=None, packages_select_by_dep=None, packages_skip_by_dep=None, packages_skip_up_to=None, packages_select_build_failed=False, packages_skip_build_finished=False, packages_select_test_failures=False, packages_skip_test_passed=False, packages_select=None, packages_skip=None, packages_select_regex=None, packages_skip_regex=None, packages_start=None, packages_end=None, cmake_args=None, cmake_target=None, cmake_target_skip_unavailable=False, cmake_clean_cache=False, cmake_clean_first=False, cmake_force_configure=False, ament_cmake_args=None, catkin_cmake_args=None, catkin_skip_building_tests=False, mixin_files=None, mixin=None, verb_parser=<colcon_mixin.mixin.mixin_argument.MixinArgumentDecorator object at 0xffffa9763b30>, verb_extension=<colcon_core.verb.build.BuildVerb object at 0xffffa9940680>, main=<bound method BuildVerb.main of <colcon_core.verb.build.BuildVerb object at 0xffffa9940680>>, mixin_verb=('build',))
[0.112s] Level 1:colcon.colcon_core.package_discovery:discover_packages(colcon_meta) check parameters
[0.112s] Level 1:colcon.colcon_core.package_discovery:discover_packages(recursive) check parameters
[0.112s] Level 1:colcon.colcon_core.package_discovery:discover_packages(ignore) check parameters
[0.112s] Level 1:colcon.colcon_core.package_discovery:discover_packages(path) check parameters
[0.112s] Level 1:colcon.colcon_core.package_discovery:discover_packages(colcon_meta) discover
[0.112s] Level 1:colcon.colcon_core.package_discovery:discover_packages(recursive) discover
[0.112s] INFO:colcon.colcon_core.package_discovery:Crawling recursively for packages in '/workspaces/ros2_jazzy_docker/ros2_ws'
[0.113s] Level 1:colcon.colcon_core.package_identification:_identify(.) by extensions ['ignore', 'ignore_ament_install']
[0.113s] Level 1:colcon.colcon_core.package_identification:_identify(.) by extension 'ignore'
[0.113s] Level 1:colcon.colcon_core.package_identification:_identify(.) by extension 'ignore_ament_install'
[0.113s] Level 1:colcon.colcon_core.package_identification:_identify(.) by extensions ['colcon_pkg']
[0.114s] Level 1:colcon.colcon_core.package_identification:_identify(.) by extension 'colcon_pkg'
[0.114s] Level 1:colcon.colcon_core.package_identification:_identify(.) by extensions ['colcon_meta']
[0.114s] Level 1:colcon.colcon_core.package_identification:_identify(.) by extension 'colcon_meta'
[0.114s] Level 1:colcon.colcon_core.package_identification:_identify(.) by extensions ['ros']
[0.114s] Level 1:colcon.colcon_core.package_identification:_identify(.) by extension 'ros'
[0.128s] Level 1:colcon.colcon_core.package_identification:_identify(.) by extensions ['cmake', 'python']
[0.128s] Level 1:colcon.colcon_core.package_identification:_identify(.) by extension 'cmake'
[0.128s] Level 1:colcon.colcon_core.package_identification:_identify(.) by extension 'python'
[0.129s] Level 1:colcon.colcon_core.package_identification:_identify(.) by extensions ['python_setup_py']
[0.129s] Level 1:colcon.colcon_core.package_identification:_identify(.) by extension 'python_setup_py'
[0.129s] Level 1:colcon.colcon_core.package_identification:_identify(build) by extensions ['ignore', 'ignore_ament_install']
[0.129s] Level 1:colcon.colcon_core.package_identification:_identify(build) by extension 'ignore'
[0.129s] Level 1:colcon.colcon_core.package_identification:_identify(build) ignored
[0.129s] Level 1:colcon.colcon_core.package_identification:_identify(install) by extensions ['ignore', 'ignore_ament_install']
[0.130s] Level 1:colcon.colcon_core.package_identification:_identify(install) by extension 'ignore'
[0.130s] Level 1:colcon.colcon_core.package_identification:_identify(install) ignored
[0.130s] Level 1:colcon.colcon_core.package_identification:_identify(log) by extensions ['ignore', 'ignore_ament_install']
[0.130s] Level 1:colcon.colcon_core.package_identification:_identify(log) by extension 'ignore'
[0.130s] Level 1:colcon.colcon_core.package_identification:_identify(log) ignored
[0.130s] Level 1:colcon.colcon_core.package_identification:_identify(src) by extensions ['ignore', 'ignore_ament_install']
[0.131s] Level 1:colcon.colcon_core.package_identification:_identify(src) by extension 'ignore'
[0.131s] Level 1:colcon.colcon_core.package_identification:_identify(src) by extension 'ignore_ament_install'
[0.131s] Level 1:colcon.colcon_core.package_identification:_identify(src) by extensions ['colcon_pkg']
[0.131s] Level 1:colcon.colcon_core.package_identification:_identify(src) by extension 'colcon_pkg'
[0.131s] Level 1:colcon.colcon_core.package_identification:_identify(src) by extensions ['colcon_meta']
[0.131s] Level 1:colcon.colcon_core.package_identification:_identify(src) by extension 'colcon_meta'
[0.131s] Level 1:colcon.colcon_core.package_identification:_identify(src) by extensions ['ros']
[0.131s] Level 1:colcon.colcon_core.package_identification:_identify(src) by extension 'ros'
[0.131s] Level 1:colcon.colcon_core.package_identification:_identify(src) by extensions ['cmake', 'python']
[0.131s] Level 1:colcon.colcon_core.package_identification:_identify(src) by extension 'cmake'
[0.131s] Level 1:colcon.colcon_core.package_identification:_identify(src) by extension 'python'
[0.131s] Level 1:colcon.colcon_core.package_identification:_identify(src) by extensions ['python_setup_py']
[0.132s] Level 1:colcon.colcon_core.package_identification:_identify(src) by extension 'python_setup_py'
[0.132s] Level 1:colcon.colcon_core.package_identification:_identify(src/Stage) by extensions ['ignore', 'ignore_ament_install']
[0.132s] Level 1:colcon.colcon_core.package_identification:_identify(src/Stage) by extension 'ignore'
[0.132s] Level 1:colcon.colcon_core.package_identification:_identify(src/Stage) by extension 'ignore_ament_install'
[0.132s] Level 1:colcon.colcon_core.package_identification:_identify(src/Stage) by extensions ['colcon_pkg']
[0.132s] Level 1:colcon.colcon_core.package_identification:_identify(src/Stage) by extension 'colcon_pkg'
[0.132s] Level 1:colcon.colcon_core.package_identification:_identify(src/Stage) by extensions ['colcon_meta']
[0.133s] Level 1:colcon.colcon_core.package_identification:_identify(src/Stage) by extension 'colcon_meta'
[0.133s] Level 1:colcon.colcon_core.package_identification:_identify(src/Stage) by extensions ['ros']
[0.133s] Level 1:colcon.colcon_core.package_identification:_identify(src/Stage) by extension 'ros'
[0.134s] DEBUG:colcon.colcon_core.package_identification:Package 'src/Stage' with type 'ros.catkin' and name 'stage'
[0.135s] Level 1:colcon.colcon_core.package_identification:_identify(src/stage_autonomous_nav) by extensions ['ignore', 'ignore_ament_install']
[0.135s] Level 1:colcon.colcon_core.package_identification:_identify(src/stage_autonomous_nav) by extension 'ignore'
[0.135s] Level 1:colcon.colcon_core.package_identification:_identify(src/stage_autonomous_nav) by extension 'ignore_ament_install'
[0.135s] Level 1:colcon.colcon_core.package_identification:_identify(src/stage_autonomous_nav) by extensions ['colcon_pkg']
[0.135s] Level 1:colcon.colcon_core.package_identification:_identify(src/stage_autonomous_nav) by extension 'colcon_pkg'
[0.135s] Level 1:colcon.colcon_core.package_identification:_identify(src/stage_autonomous_nav) by extensions ['colcon_meta']
[0.135s] Level 1:colcon.colcon_core.package_identification:_identify(src/stage_autonomous_nav) by extension 'colcon_meta'
[0.135s] Level 1:colcon.colcon_core.package_identification:_identify(src/stage_autonomous_nav) by extensions ['ros']
[0.135s] Level 1:colcon.colcon_core.package_identification:_identify(src/stage_autonomous_nav) by extension 'ros'
[0.136s] DEBUG:colcon.colcon_core.package_identification:Package 'src/stage_autonomous_nav' with type 'ros.ament_python' and name 'stage_autonomous_nav'
[0.136s] Level 1:colcon.colcon_core.package_identification:_identify(src/stage_ros2) by extensions ['ignore', 'ignore_ament_install']
[0.136s] Level 1:colcon.colcon_core.package_identification:_identify(src/stage_ros2) by extension 'ignore'
[0.136s] Level 1:colcon.colcon_core.package_identification:_identify(src/stage_ros2) by extension 'ignore_ament_install'
[0.136s] Level 1:colcon.colcon_core.package_identification:_identify(src/stage_ros2) by extensions ['colcon_pkg']
[0.137s] Level 1:colcon.colcon_core.package_identification:_identify(src/stage_ros2) by extension 'colcon_pkg'
[0.137s] Level 1:colcon.colcon_core.package_identification:_identify(src/stage_ros2) by extensions ['colcon_meta']
[0.137s] Level 1:colcon.colcon_core.package_identification:_identify(src/stage_ros2) by extension 'colcon_meta'
[0.137s] Level 1:colcon.colcon_core.package_identification:_identify(src/stage_ros2) by extensions ['ros']
[0.137s] Level 1:colcon.colcon_core.package_identification:_identify(src/stage_ros2) by extension 'ros'
[0.138s] DEBUG:colcon.colcon_core.package_identification:Package 'src/stage_ros2' with type 'ros.ament_cmake' and name 'stage_ros2'
[0.138s] Level 1:colcon.colcon_core.package_identification:_identify(src/turtle_py) by extensions ['ignore', 'ignore_ament_install']
[0.138s] Level 1:colcon.colcon_core.package_identification:_identify(src/turtle_py) by extension 'ignore'
[0.138s] Level 1:colcon.colcon_core.package_identification:_identify(src/turtle_py) by extension 'ignore_ament_install'
[0.138s] Level 1:colcon.colcon_core.package_identification:_identify(src/turtle_py) by extensions ['colcon_pkg']
[0.138s] Level 1:colcon.colcon_core.package_identification:_identify(src/turtle_py) by extension 'colcon_pkg'
[0.138s] Level 1:colcon.colcon_core.package_identification:_identify(src/turtle_py) by extensions ['colcon_meta']
[0.138s] Level 1:colcon.colcon_core.package_identification:_identify(src/turtle_py) by extension 'colcon_meta'
[0.138s] Level 1:colcon.colcon_core.package_identification:_identify(src/turtle_py) by extensions ['ros']
[0.138s] Level 1:colcon.colcon_core.package_identification:_identify(src/turtle_py) by extension 'ros'
[0.139s] DEBUG:colcon.colcon_core.package_identification:Package 'src/turtle_py' with type 'ros.ament_python' and name 'turtle_py'
[0.139s] Level 1:colcon.colcon_core.package_identification:_identify(src/turtleboot3_autonomous_nav) by extensions ['ignore', 'ignore_ament_install']
[0.139s] Level 1:colcon.colcon_core.package_identification:_identify(src/turtleboot3_autonomous_nav) by extension 'ignore'
[0.139s] Level 1:colcon.colcon_core.package_identification:_identify(src/turtleboot3_autonomous_nav) by extension 'ignore_ament_install'
[0.139s] Level 1:colcon.colcon_core.package_identification:_identify(src/turtleboot3_autonomous_nav) by extensions ['colcon_pkg']
[0.139s] Level 1:colcon.colcon_core.package_identification:_identify(src/turtleboot3_autonomous_nav) by extension 'colcon_pkg'
[0.140s] Level 1:colcon.colcon_core.package_identification:_identify(src/turtleboot3_autonomous_nav) by extensions ['colcon_meta']
[0.140s] Level 1:colcon.colcon_core.package_identification:_identify(src/turtleboot3_autonomous_nav) by extension 'colcon_meta'
[0.140s] Level 1:colcon.colcon_core.package_identification:_identify(src/turtleboot3_autonomous_nav) by extensions ['ros']
[0.140s] Level 1:colcon.colcon_core.package_identification:_identify(src/turtleboot3_autonomous_nav) by extension 'ros'
[0.140s] DEBUG:colcon.colcon_core.package_identification:Package 'src/turtleboot3_autonomous_nav' with type 'ros.ament_python' and name 'turtleboot3_autonomous_nav'
[0.141s] Level 1:colcon.colcon_core.package_identification:_identify(src/turtlebot3) by extensions ['ignore', 'ignore_ament_install']
[0.141s] Level 1:colcon.colcon_core.package_identification:_identify(src/turtlebot3) by extension 'ignore'
[0.141s] Level 1:colcon.colcon_core.package_identification:_identify(src/turtlebot3) by extension 'ignore_ament_install'
[0.141s] Level 1:colcon.colcon_core.package_identification:_identify(src/turtlebot3) by extensions ['colcon_pkg']
[0.141s] Level 1:colcon.colcon_core.package_identification:_identify(src/turtlebot3) by extension 'colcon_pkg'
[0.141s] Level 1:colcon.colcon_core.package_identification:_identify(src/turtlebot3) by extensions ['colcon_meta']
[0.141s] Level 1:colcon.colcon_core.package_identification:_identify(src/turtlebot3) by extension 'colcon_meta'
[0.141s] Level 1:colcon.colcon_core.package_identification:_identify(src/turtlebot3) by extensions ['ros']
[0.141s] Level 1:colcon.colcon_core.package_identification:_identify(src/turtlebot3) by extension 'ros'
[0.141s] Level 1:colcon.colcon_core.package_identification:_identify(src/turtlebot3) by extensions ['cmake', 'python']
[0.141s] Level 1:colcon.colcon_core.package_identification:_identify(src/turtlebot3) by extension 'cmake'
[0.142s] Level 1:colcon.colcon_core.package_identification:_identify(src/turtlebot3) by extension 'python'
[0.142s] Level 1:colcon.colcon_core.package_identification:_identify(src/turtlebot3) by extensions ['python_setup_py']
[0.142s] Level 1:colcon.colcon_core.package_identification:_identify(src/turtlebot3) by extension 'python_setup_py'
[0.142s] Level 1:colcon.colcon_core.package_identification:_identify(src/turtlebot3/docker) by extensions ['ignore', 'ignore_ament_install']
[0.142s] Level 1:colcon.colcon_core.package_identification:_identify(src/turtlebot3/docker) by extension 'ignore'
[0.142s] Level 1:colcon.colcon_core.package_identification:_identify(src/turtlebot3/docker) by extension 'ignore_ament_install'
[0.142s] Level 1:colcon.colcon_core.package_identification:_identify(src/turtlebot3/docker) by extensions ['colcon_pkg']
[0.142s] Level 1:colcon.colcon_core.package_identification:_identify(src/turtlebot3/docker) by extension 'colcon_pkg'
[0.143s] Level 1:colcon.colcon_core.package_identification:_identify(src/turtlebot3/docker) by extensions ['colcon_meta']
[0.143s] Level 1:colcon.colcon_core.package_identification:_identify(src/turtlebot3/docker) by extension 'colcon_meta'
[0.143s] Level 1:colcon.colcon_core.package_identification:_identify(src/turtlebot3/docker) by extensions ['ros']
[0.143s] Level 1:colcon.colcon_core.package_identification:_identify(src/turtlebot3/docker) by extension 'ros'
[0.143s] Level 1:colcon.colcon_core.package_identification:_identify(src/turtlebot3/docker) by extensions ['cmake', 'python']
[0.143s] Level 1:colcon.colcon_core.package_identification:_identify(src/turtlebot3/docker) by extension 'cmake'
[0.143s] Level 1:colcon.colcon_core.package_identification:_identify(src/turtlebot3/docker) by extension 'python'
[0.143s] Level 1:colcon.colcon_core.package_identification:_identify(src/turtlebot3/docker) by extensions ['python_setup_py']
[0.143s] Level 1:colcon.colcon_core.package_identification:_identify(src/turtlebot3/docker) by extension 'python_setup_py'
[0.143s] Level 1:colcon.colcon_core.package_identification:_identify(src/turtlebot3/docker/humble) by extensions ['ignore', 'ignore_ament_install']
[0.143s] Level 1:colcon.colcon_core.package_identification:_identify(src/turtlebot3/docker/humble) by extension 'ignore'
[0.143s] Level 1:colcon.colcon_core.package_identification:_identify(src/turtlebot3/docker/humble) by extension 'ignore_ament_install'
[0.144s] Level 1:colcon.colcon_core.package_identification:_identify(src/turtlebot3/docker/humble) by extensions ['colcon_pkg']
[0.144s] Level 1:colcon.colcon_core.package_identification:_identify(src/turtlebot3/docker/humble) by extension 'colcon_pkg'
[0.144s] Level 1:colcon.colcon_core.package_identification:_identify(src/turtlebot3/docker/humble) by extensions ['colcon_meta']
[0.144s] Level 1:colcon.colcon_core.package_identification:_identify(src/turtlebot3/docker/humble) by extension 'colcon_meta'
[0.144s] Level 1:colcon.colcon_core.package_identification:_identify(src/turtlebot3/docker/humble) by extensions ['ros']
[0.144s] Level 1:colcon.colcon_core.package_identification:_identify(src/turtlebot3/docker/humble) by extension 'ros'
[0.144s] Level 1:colcon.colcon_core.package_identification:_identify(src/turtlebot3/docker/humble) by extensions ['cmake', 'python']
[0.144s] Level 1:colcon.colcon_core.package_identification:_identify(src/turtlebot3/docker/humble) by extension 'cmake'
[0.144s] Level 1:colcon.colcon_core.package_identification:_identify(src/turtlebot3/docker/humble) by extension 'python'
[0.144s] Level 1:colcon.colcon_core.package_identification:_identify(src/turtlebot3/docker/humble) by extensions ['python_setup_py']
[0.144s] Level 1:colcon.colcon_core.package_identification:_identify(src/turtlebot3/docker/humble) by extension 'python_setup_py'
[0.145s] Level 1:colcon.colcon_core.package_identification:_identify(src/turtlebot3/docker/jazzy) by extensions ['ignore', 'ignore_ament_install']
[0.145s] Level 1:colcon.colcon_core.package_identification:_identify(src/turtlebot3/docker/jazzy) by extension 'ignore'
[0.145s] Level 1:colcon.colcon_core.package_identification:_identify(src/turtlebot3/docker/jazzy) by extension 'ignore_ament_install'
[0.145s] Level 1:colcon.colcon_core.package_identification:_identify(src/turtlebot3/docker/jazzy) by extensions ['colcon_pkg']
[0.145s] Level 1:colcon.colcon_core.package_identification:_identify(src/turtlebot3/docker/jazzy) by extension 'colcon_pkg'
[0.146s] Level 1:colcon.colcon_core.package_identification:_identify(src/turtlebot3/docker/jazzy) by extensions ['colcon_meta']
[0.146s] Level 1:colcon.colcon_core.package_identification:_identify(src/turtlebot3/docker/jazzy) by extension 'colcon_meta'
[0.146s] Level 1:colcon.colcon_core.package_identification:_identify(src/turtlebot3/docker/jazzy) by extensions ['ros']
[0.146s] Level 1:colcon.colcon_core.package_identification:_identify(src/turtlebot3/docker/jazzy) by extension 'ros'
[0.146s] Level 1:colcon.colcon_core.package_identification:_identify(src/turtlebot3/docker/jazzy) by extensions ['cmake', 'python']
[0.146s] Level 1:colcon.colcon_core.package_identification:_identify(src/turtlebot3/docker/jazzy) by extension 'cmake'
[0.146s] Level 1:colcon.colcon_core.package_identification:_identify(src/turtlebot3/docker/jazzy) by extension 'python'
[0.146s] Level 1:colcon.colcon_core.package_identification:_identify(src/turtlebot3/docker/jazzy) by extensions ['python_setup_py']
[0.146s] Level 1:colcon.colcon_core.package_identification:_identify(src/turtlebot3/docker/jazzy) by extension 'python_setup_py'
[0.147s] Level 1:colcon.colcon_core.package_identification:_identify(src/turtlebot3/turtlebot3) by extensions ['ignore', 'ignore_ament_install']
[0.147s] Level 1:colcon.colcon_core.package_identification:_identify(src/turtlebot3/turtlebot3) by extension 'ignore'
[0.147s] Level 1:colcon.colcon_core.package_identification:_identify(src/turtlebot3/turtlebot3) by extension 'ignore_ament_install'
[0.147s] Level 1:colcon.colcon_core.package_identification:_identify(src/turtlebot3/turtlebot3) by extensions ['colcon_pkg']
[0.147s] Level 1:colcon.colcon_core.package_identification:_identify(src/turtlebot3/turtlebot3) by extension 'colcon_pkg'
[0.147s] Level 1:colcon.colcon_core.package_identification:_identify(src/turtlebot3/turtlebot3) by extensions ['colcon_meta']
[0.147s] Level 1:colcon.colcon_core.package_identification:_identify(src/turtlebot3/turtlebot3) by extension 'colcon_meta'
[0.148s] Level 1:colcon.colcon_core.package_identification:_identify(src/turtlebot3/turtlebot3) by extensions ['ros']
[0.148s] Level 1:colcon.colcon_core.package_identification:_identify(src/turtlebot3/turtlebot3) by extension 'ros'
[0.149s] DEBUG:colcon.colcon_core.package_identification:Package 'src/turtlebot3/turtlebot3' with type 'ros.ament_cmake' and name 'turtlebot3'
[0.149s] Level 1:colcon.colcon_core.package_identification:_identify(src/turtlebot3/turtlebot3_bringup) by extensions ['ignore', 'ignore_ament_install']
[0.149s] Level 1:colcon.colcon_core.package_identification:_identify(src/turtlebot3/turtlebot3_bringup) by extension 'ignore'
[0.149s] Level 1:colcon.colcon_core.package_identification:_identify(src/turtlebot3/turtlebot3_bringup) by extension 'ignore_ament_install'
[0.149s] Level 1:colcon.colcon_core.package_identification:_identify(src/turtlebot3/turtlebot3_bringup) by extensions ['colcon_pkg']
[0.149s] Level 1:colcon.colcon_core.package_identification:_identify(src/turtlebot3/turtlebot3_bringup) by extension 'colcon_pkg'
[0.149s] Level 1:colcon.colcon_core.package_identification:_identify(src/turtlebot3/turtlebot3_bringup) by extensions ['colcon_meta']
[0.150s] Level 1:colcon.colcon_core.package_identification:_identify(src/turtlebot3/turtlebot3_bringup) by extension 'colcon_meta'
[0.150s] Level 1:colcon.colcon_core.package_identification:_identify(src/turtlebot3/turtlebot3_bringup) by extensions ['ros']
[0.150s] Level 1:colcon.colcon_core.package_identification:_identify(src/turtlebot3/turtlebot3_bringup) by extension 'ros'
[0.150s] DEBUG:colcon.colcon_core.package_identification:Package 'src/turtlebot3/turtlebot3_bringup' with type 'ros.ament_cmake' and name 'turtlebot3_bringup'
[0.151s] Level 1:colcon.colcon_core.package_identification:_identify(src/turtlebot3/turtlebot3_cartographer) by extensions ['ignore', 'ignore_ament_install']
[0.151s] Level 1:colcon.colcon_core.package_identification:_identify(src/turtlebot3/turtlebot3_cartographer) by extension 'ignore'
[0.151s] Level 1:colcon.colcon_core.package_identification:_identify(src/turtlebot3/turtlebot3_cartographer) by extension 'ignore_ament_install'
[0.151s] Level 1:colcon.colcon_core.package_identification:_identify(src/turtlebot3/turtlebot3_cartographer) by extensions ['colcon_pkg']
[0.151s] Level 1:colcon.colcon_core.package_identification:_identify(src/turtlebot3/turtlebot3_cartographer) by extension 'colcon_pkg'
[0.151s] Level 1:colcon.colcon_core.package_identification:_identify(src/turtlebot3/turtlebot3_cartographer) by extensions ['colcon_meta']
[0.151s] Level 1:colcon.colcon_core.package_identification:_identify(src/turtlebot3/turtlebot3_cartographer) by extension 'colcon_meta'
[0.151s] Level 1:colcon.colcon_core.package_identification:_identify(src/turtlebot3/turtlebot3_cartographer) by extensions ['ros']
[0.151s] Level 1:colcon.colcon_core.package_identification:_identify(src/turtlebot3/turtlebot3_cartographer) by extension 'ros'
[0.152s] DEBUG:colcon.colcon_core.package_identification:Package 'src/turtlebot3/turtlebot3_cartographer' with type 'ros.ament_cmake' and name 'turtlebot3_cartographer'
[0.152s] Level 1:colcon.colcon_core.package_identification:_identify(src/turtlebot3/turtlebot3_description) by extensions ['ignore', 'ignore_ament_install']
[0.152s] Level 1:colcon.colcon_core.package_identification:_identify(src/turtlebot3/turtlebot3_description) by extension 'ignore'
[0.152s] Level 1:colcon.colcon_core.package_identification:_identify(src/turtlebot3/turtlebot3_description) by extension 'ignore_ament_install'
[0.152s] Level 1:colcon.colcon_core.package_identification:_identify(src/turtlebot3/turtlebot3_description) by extensions ['colcon_pkg']
[0.152s] Level 1:colcon.colcon_core.package_identification:_identify(src/turtlebot3/turtlebot3_description) by extension 'colcon_pkg'
[0.153s] Level 1:colcon.colcon_core.package_identification:_identify(src/turtlebot3/turtlebot3_description) by extensions ['colcon_meta']
[0.153s] Level 1:colcon.colcon_core.package_identification:_identify(src/turtlebot3/turtlebot3_description) by extension 'colcon_meta'
[0.153s] Level 1:colcon.colcon_core.package_identification:_identify(src/turtlebot3/turtlebot3_description) by extensions ['ros']
[0.153s] Level 1:colcon.colcon_core.package_identification:_identify(src/turtlebot3/turtlebot3_description) by extension 'ros'
[0.153s] DEBUG:colcon.colcon_core.package_identification:Package 'src/turtlebot3/turtlebot3_description' with type 'ros.ament_cmake' and name 'turtlebot3_description'
[0.153s] Level 1:colcon.colcon_core.package_identification:_identify(src/turtlebot3/turtlebot3_example) by extensions ['ignore', 'ignore_ament_install']
[0.153s] Level 1:colcon.colcon_core.package_identification:_identify(src/turtlebot3/turtlebot3_example) by extension 'ignore'
[0.153s] Level 1:colcon.colcon_core.package_identification:_identify(src/turtlebot3/turtlebot3_example) by extension 'ignore_ament_install'
[0.153s] Level 1:colcon.colcon_core.package_identification:_identify(src/turtlebot3/turtlebot3_example) by extensions ['colcon_pkg']
[0.154s] Level 1:colcon.colcon_core.package_identification:_identify(src/turtlebot3/turtlebot3_example) by extension 'colcon_pkg'
[0.154s] Level 1:colcon.colcon_core.package_identification:_identify(src/turtlebot3/turtlebot3_example) by extensions ['colcon_meta']
[0.154s] Level 1:colcon.colcon_core.package_identification:_identify(src/turtlebot3/turtlebot3_example) by extension 'colcon_meta'
[0.154s] Level 1:colcon.colcon_core.package_identification:_identify(src/turtlebot3/turtlebot3_example) by extensions ['ros']
[0.154s] Level 1:colcon.colcon_core.package_identification:_identify(src/turtlebot3/turtlebot3_example) by extension 'ros'
[0.154s] DEBUG:colcon.colcon_core.package_identification:Package 'src/turtlebot3/turtlebot3_example' with type 'ros.ament_python' and name 'turtlebot3_example'
[0.155s] Level 1:colcon.colcon_core.package_identification:_identify(src/turtlebot3/turtlebot3_navigation2) by extensions ['ignore', 'ignore_ament_install']
[0.155s] Level 1:colcon.colcon_core.package_identification:_identify(src/turtlebot3/turtlebot3_navigation2) by extension 'ignore'
[0.155s] Level 1:colcon.colcon_core.package_identification:_identify(src/turtlebot3/turtlebot3_navigation2) by extension 'ignore_ament_install'
[0.155s] Level 1:colcon.colcon_core.package_identification:_identify(src/turtlebot3/turtlebot3_navigation2) by extensions ['colcon_pkg']
[0.155s] Level 1:colcon.colcon_core.package_identification:_identify(src/turtlebot3/turtlebot3_navigation2) by extension 'colcon_pkg'
[0.155s] Level 1:colcon.colcon_core.package_identification:_identify(src/turtlebot3/turtlebot3_navigation2) by extensions ['colcon_meta']
[0.155s] Level 1:colcon.colcon_core.package_identification:_identify(src/turtlebot3/turtlebot3_navigation2) by extension 'colcon_meta'
[0.156s] Level 1:colcon.colcon_core.package_identification:_identify(src/turtlebot3/turtlebot3_navigation2) by extensions ['ros']
[0.156s] Level 1:colcon.colcon_core.package_identification:_identify(src/turtlebot3/turtlebot3_navigation2) by extension 'ros'
[0.156s] DEBUG:colcon.colcon_core.package_identification:Package 'src/turtlebot3/turtlebot3_navigation2' with type 'ros.ament_cmake' and name 'turtlebot3_navigation2'
[0.157s] Level 1:colcon.colcon_core.package_identification:_identify(src/turtlebot3/turtlebot3_node) by extensions ['ignore', 'ignore_ament_install']
[0.157s] Level 1:colcon.colcon_core.package_identification:_identify(src/turtlebot3/turtlebot3_node) by extension 'ignore'
[0.157s] Level 1:colcon.colcon_core.package_identification:_identify(src/turtlebot3/turtlebot3_node) by extension 'ignore_ament_install'
[0.157s] Level 1:colcon.colcon_core.package_identification:_identify(src/turtlebot3/turtlebot3_node) by extensions ['colcon_pkg']
[0.157s] Level 1:colcon.colcon_core.package_identification:_identify(src/turtlebot3/turtlebot3_node) by extension 'colcon_pkg'
[0.157s] Level 1:colcon.colcon_core.package_identification:_identify(src/turtlebot3/turtlebot3_node) by extensions ['colcon_meta']
[0.157s] Level 1:colcon.colcon_core.package_identification:_identify(src/turtlebot3/turtlebot3_node) by extension 'colcon_meta'
[0.157s] Level 1:colcon.colcon_core.package_identification:_identify(src/turtlebot3/turtlebot3_node) by extensions ['ros']
[0.157s] Level 1:colcon.colcon_core.package_identification:_identify(src/turtlebot3/turtlebot3_node) by extension 'ros'
[0.158s] DEBUG:colcon.colcon_core.package_identification:Package 'src/turtlebot3/turtlebot3_node' with type 'ros.ament_cmake' and name 'turtlebot3_node'
[0.158s] Level 1:colcon.colcon_core.package_identification:_identify(src/turtlebot3/turtlebot3_teleop) by extensions ['ignore', 'ignore_ament_install']
[0.158s] Level 1:colcon.colcon_core.package_identification:_identify(src/turtlebot3/turtlebot3_teleop) by extension 'ignore'
[0.158s] Level 1:colcon.colcon_core.package_identification:_identify(src/turtlebot3/turtlebot3_teleop) by extension 'ignore_ament_install'
[0.159s] Level 1:colcon.colcon_core.package_identification:_identify(src/turtlebot3/turtlebot3_teleop) by extensions ['colcon_pkg']
[0.159s] Level 1:colcon.colcon_core.package_identification:_identify(src/turtlebot3/turtlebot3_teleop) by extension 'colcon_pkg'
[0.159s] Level 1:colcon.colcon_core.package_identification:_identify(src/turtlebot3/turtlebot3_teleop) by extensions ['colcon_meta']
[0.159s] Level 1:colcon.colcon_core.package_identification:_identify(src/turtlebot3/turtlebot3_teleop) by extension 'colcon_meta'
[0.159s] Level 1:colcon.colcon_core.package_identification:_identify(src/turtlebot3/turtlebot3_teleop) by extensions ['ros']
[0.159s] Level 1:colcon.colcon_core.package_identification:_identify(src/turtlebot3/turtlebot3_teleop) by extension 'ros'
[0.159s] DEBUG:colcon.colcon_core.package_identification:Package 'src/turtlebot3/turtlebot3_teleop' with type 'ros.ament_python' and name 'turtlebot3_teleop'
[0.159s] Level 1:colcon.colcon_core.package_identification:_identify(src/turtlebot3_msgs) by extensions ['ignore', 'ignore_ament_install']
[0.159s] Level 1:colcon.colcon_core.package_identification:_identify(src/turtlebot3_msgs) by extension 'ignore'
[0.160s] Level 1:colcon.colcon_core.package_identification:_identify(src/turtlebot3_msgs) by extension 'ignore_ament_install'
[0.160s] Level 1:colcon.colcon_core.package_identification:_identify(src/turtlebot3_msgs) by extensions ['colcon_pkg']
[0.160s] Level 1:colcon.colcon_core.package_identification:_identify(src/turtlebot3_msgs) by extension 'colcon_pkg'
[0.160s] Level 1:colcon.colcon_core.package_identification:_identify(src/turtlebot3_msgs) by extensions ['colcon_meta']
[0.160s] Level 1:colcon.colcon_core.package_identification:_identify(src/turtlebot3_msgs) by extension 'colcon_meta'
[0.160s] Level 1:colcon.colcon_core.package_identification:_identify(src/turtlebot3_msgs) by extensions ['ros']
[0.160s] Level 1:colcon.colcon_core.package_identification:_identify(src/turtlebot3_msgs) by extension 'ros'
[0.160s] DEBUG:colcon.colcon_core.package_identification:Package 'src/turtlebot3_msgs' with type 'ros.ament_cmake' and name 'turtlebot3_msgs'
[0.160s] Level 1:colcon.colcon_core.package_identification:_identify(src/turtlebot3_simulations) by extensions ['ignore', 'ignore_ament_install']
[0.161s] Level 1:colcon.colcon_core.package_identification:_identify(src/turtlebot3_simulations) by extension 'ignore'
[0.161s] Level 1:colcon.colcon_core.package_identification:_identify(src/turtlebot3_simulations) by extension 'ignore_ament_install'
[0.161s] Level 1:colcon.colcon_core.package_identification:_identify(src/turtlebot3_simulations) by extensions ['colcon_pkg']
[0.161s] Level 1:colcon.colcon_core.package_identification:_identify(src/turtlebot3_simulations) by extension 'colcon_pkg'
[0.161s] Level 1:colcon.colcon_core.package_identification:_identify(src/turtlebot3_simulations) by extensions ['colcon_meta']
[0.161s] Level 1:colcon.colcon_core.package_identification:_identify(src/turtlebot3_simulations) by extension 'colcon_meta'
[0.161s] Level 1:colcon.colcon_core.package_identification:_identify(src/turtlebot3_simulations) by extensions ['ros']
[0.161s] Level 1:colcon.colcon_core.package_identification:_identify(src/turtlebot3_simulations) by extension 'ros'
[0.161s] Level 1:colcon.colcon_core.package_identification:_identify(src/turtlebot3_simulations) by extensions ['cmake', 'python']
[0.161s] Level 1:colcon.colcon_core.package_identification:_identify(src/turtlebot3_simulations) by extension 'cmake'
[0.161s] Level 1:colcon.colcon_core.package_identification:_identify(src/turtlebot3_simulations) by extension 'python'
[0.161s] Level 1:colcon.colcon_core.package_identification:_identify(src/turtlebot3_simulations) by extensions ['python_setup_py']
[0.161s] Level 1:colcon.colcon_core.package_identification:_identify(src/turtlebot3_simulations) by extension 'python_setup_py'
[0.162s] Level 1:colcon.colcon_core.package_identification:_identify(src/turtlebot3_simulations/turtlebot3_fake_node) by extensions ['ignore', 'ignore_ament_install']
[0.162s] Level 1:colcon.colcon_core.package_identification:_identify(src/turtlebot3_simulations/turtlebot3_fake_node) by extension 'ignore'
[0.162s] Level 1:colcon.colcon_core.package_identification:_identify(src/turtlebot3_simulations/turtlebot3_fake_node) by extension 'ignore_ament_install'
[0.162s] Level 1:colcon.colcon_core.package_identification:_identify(src/turtlebot3_simulations/turtlebot3_fake_node) by extensions ['colcon_pkg']
[0.162s] Level 1:colcon.colcon_core.package_identification:_identify(src/turtlebot3_simulations/turtlebot3_fake_node) by extension 'colcon_pkg'
[0.162s] Level 1:colcon.colcon_core.package_identification:_identify(src/turtlebot3_simulations/turtlebot3_fake_node) by extensions ['colcon_meta']
[0.162s] Level 1:colcon.colcon_core.package_identification:_identify(src/turtlebot3_simulations/turtlebot3_fake_node) by extension 'colcon_meta'
[0.162s] Level 1:colcon.colcon_core.package_identification:_identify(src/turtlebot3_simulations/turtlebot3_fake_node) by extensions ['ros']
[0.162s] Level 1:colcon.colcon_core.package_identification:_identify(src/turtlebot3_simulations/turtlebot3_fake_node) by extension 'ros'
[0.163s] DEBUG:colcon.colcon_core.package_identification:Package 'src/turtlebot3_simulations/turtlebot3_fake_node' with type 'ros.ament_cmake' and name 'turtlebot3_fake_node'
[0.163s] Level 1:colcon.colcon_core.package_identification:_identify(src/turtlebot3_simulations/turtlebot3_gazebo) by extensions ['ignore', 'ignore_ament_install']
[0.163s] Level 1:colcon.colcon_core.package_identification:_identify(src/turtlebot3_simulations/turtlebot3_gazebo) by extension 'ignore'
[0.163s] Level 1:colcon.colcon_core.package_identification:_identify(src/turtlebot3_simulations/turtlebot3_gazebo) by extension 'ignore_ament_install'
[0.164s] Level 1:colcon.colcon_core.package_identification:_identify(src/turtlebot3_simulations/turtlebot3_gazebo) by extensions ['colcon_pkg']
[0.164s] Level 1:colcon.colcon_core.package_identification:_identify(src/turtlebot3_simulations/turtlebot3_gazebo) by extension 'colcon_pkg'
[0.164s] Level 1:colcon.colcon_core.package_identification:_identify(src/turtlebot3_simulations/turtlebot3_gazebo) by extensions ['colcon_meta']
[0.164s] Level 1:colcon.colcon_core.package_identification:_identify(src/turtlebot3_simulations/turtlebot3_gazebo) by extension 'colcon_meta'
[0.164s] Level 1:colcon.colcon_core.package_identification:_identify(src/turtlebot3_simulations/turtlebot3_gazebo) by extensions ['ros']
[0.164s] Level 1:colcon.colcon_core.package_identification:_identify(src/turtlebot3_simulations/turtlebot3_gazebo) by extension 'ros'
[0.165s] DEBUG:colcon.colcon_core.package_identification:Package 'src/turtlebot3_simulations/turtlebot3_gazebo' with type 'ros.ament_cmake' and name 'turtlebot3_gazebo'
[0.165s] Level 1:colcon.colcon_core.package_identification:_identify(src/turtlebot3_simulations/turtlebot3_simulations) by extensions ['ignore', 'ignore_ament_install']
[0.165s] Level 1:colcon.colcon_core.package_identification:_identify(src/turtlebot3_simulations/turtlebot3_simulations) by extension 'ignore'
[0.165s] Level 1:colcon.colcon_core.package_identification:_identify(src/turtlebot3_simulations/turtlebot3_simulations) by extension 'ignore_ament_install'
[0.165s] Level 1:colcon.colcon_core.package_identification:_identify(src/turtlebot3_simulations/turtlebot3_simulations) by extensions ['colcon_pkg']
[0.165s] Level 1:colcon.colcon_core.package_identification:_identify(src/turtlebot3_simulations/turtlebot3_simulations) by extension 'colcon_pkg'
[0.165s] Level 1:colcon.colcon_core.package_identification:_identify(src/turtlebot3_simulations/turtlebot3_simulations) by extensions ['colcon_meta']
[0.165s] Level 1:colcon.colcon_core.package_identification:_identify(src/turtlebot3_simulations/turtlebot3_simulations) by extension 'colcon_meta'
[0.166s] Level 1:colcon.colcon_core.package_identification:_identify(src/turtlebot3_simulations/turtlebot3_simulations) by extensions ['ros']
[0.166s] Level 1:colcon.colcon_core.package_identification:_identify(src/turtlebot3_simulations/turtlebot3_simulations) by extension 'ros'
[0.166s] DEBUG:colcon.colcon_core.package_identification:Package 'src/turtlebot3_simulations/turtlebot3_simulations' with type 'ros.ament_cmake' and name 'turtlebot3_simulations'
[0.166s] Level 1:colcon.colcon_core.package_discovery:discover_packages(recursive) using defaults
[0.166s] Level 1:colcon.colcon_core.package_discovery:discover_packages(ignore) discover
[0.166s] Level 1:colcon.colcon_core.package_discovery:discover_packages(ignore) using defaults
[0.166s] Level 1:colcon.colcon_core.package_discovery:discover_packages(path) discover
[0.167s] Level 1:colcon.colcon_core.package_discovery:discover_packages(path) using defaults
[0.180s] Level 5:colcon.colcon_core.verb:set package 'stage' build argument 'cmake_args' from command line to 'None'
[0.180s] Level 5:colcon.colcon_core.verb:set package 'stage' build argument 'cmake_target' from command line to 'None'
[0.180s] Level 5:colcon.colcon_core.verb:set package 'stage' build argument 'cmake_target_skip_unavailable' from command line to 'False'
[0.180s] Level 5:colcon.colcon_core.verb:set package 'stage' build argument 'cmake_clean_cache' from command line to 'False'
[0.180s] Level 5:colcon.colcon_core.verb:set package 'stage' build argument 'cmake_clean_first' from command line to 'False'
[0.180s] Level 5:colcon.colcon_core.verb:set package 'stage' build argument 'cmake_force_configure' from command line to 'False'
[0.180s] Level 5:colcon.colcon_core.verb:set package 'stage' build argument 'ament_cmake_args' from command line to 'None'
[0.180s] Level 5:colcon.colcon_core.verb:set package 'stage' build argument 'catkin_cmake_args' from command line to 'None'
[0.180s] Level 5:colcon.colcon_core.verb:set package 'stage' build argument 'catkin_skip_building_tests' from command line to 'False'
[0.180s] DEBUG:colcon.colcon_core.verb:Building package 'stage' with the following arguments: {'ament_cmake_args': None, 'build_base': '/workspaces/ros2_jazzy_docker/ros2_ws/build/stage', 'catkin_cmake_args': None, 'catkin_skip_building_tests': False, 'cmake_args': None, 'cmake_clean_cache': False, 'cmake_clean_first': False, 'cmake_force_configure': False, 'cmake_target': None, 'cmake_target_skip_unavailable': False, 'install_base': '/workspaces/ros2_jazzy_docker/ros2_ws/install/stage', 'merge_install': False, 'path': '/workspaces/ros2_jazzy_docker/ros2_ws/src/Stage', 'symlink_install': False, 'test_result_base': None}
[0.181s] Level 5:colcon.colcon_core.verb:set package 'turtle_py' build argument 'cmake_args' from command line to 'None'
[0.181s] Level 5:colcon.colcon_core.verb:set package 'turtle_py' build argument 'cmake_target' from command line to 'None'
[0.181s] Level 5:colcon.colcon_core.verb:set package 'turtle_py' build argument 'cmake_target_skip_unavailable' from command line to 'False'
[0.181s] Level 5:colcon.colcon_core.verb:set package 'turtle_py' build argument 'cmake_clean_cache' from command line to 'False'
[0.181s] Level 5:colcon.colcon_core.verb:set package 'turtle_py' build argument 'cmake_clean_first' from command line to 'False'
[0.181s] Level 5:colcon.colcon_core.verb:set package 'turtle_py' build argument 'cmake_force_configure' from command line to 'False'
[0.181s] Level 5:colcon.colcon_core.verb:set package 'turtle_py' build argument 'ament_cmake_args' from command line to 'None'
[0.181s] Level 5:colcon.colcon_core.verb:set package 'turtle_py' build argument 'catkin_cmake_args' from command line to 'None'
[0.181s] Level 5:colcon.colcon_core.verb:set package 'turtle_py' build argument 'catkin_skip_building_tests' from command line to 'False'
[0.181s] DEBUG:colcon.colcon_core.verb:Building package 'turtle_py' with the following arguments: {'ament_cmake_args': None, 'build_base': '/workspaces/ros2_jazzy_docker/ros2_ws/build/turtle_py', 'catkin_cmake_args': None, 'catkin_skip_building_tests': False, 'cmake_args': None, 'cmake_clean_cache': False, 'cmake_clean_first': False, 'cmake_force_configure': False, 'cmake_target': None, 'cmake_target_skip_unavailable': False, 'install_base': '/workspaces/ros2_jazzy_docker/ros2_ws/install/turtle_py', 'merge_install': False, 'path': '/workspaces/ros2_jazzy_docker/ros2_ws/src/turtle_py', 'symlink_install': False, 'test_result_base': None}
[0.181s] Level 5:colcon.colcon_core.verb:set package 'turtlebot3_cartographer' build argument 'cmake_args' from command line to 'None'
[0.181s] Level 5:colcon.colcon_core.verb:set package 'turtlebot3_cartographer' build argument 'cmake_target' from command line to 'None'
[0.181s] Level 5:colcon.colcon_core.verb:set package 'turtlebot3_cartographer' build argument 'cmake_target_skip_unavailable' from command line to 'False'
[0.181s] Level 5:colcon.colcon_core.verb:set package 'turtlebot3_cartographer' build argument 'cmake_clean_cache' from command line to 'False'
[0.181s] Level 5:colcon.colcon_core.verb:set package 'turtlebot3_cartographer' build argument 'cmake_clean_first' from command line to 'False'
[0.182s] Level 5:colcon.colcon_core.verb:set package 'turtlebot3_cartographer' build argument 'cmake_force_configure' from command line to 'False'
[0.182s] Level 5:colcon.colcon_core.verb:set package 'turtlebot3_cartographer' build argument 'ament_cmake_args' from command line to 'None'
[0.182s] Level 5:colcon.colcon_core.verb:set package 'turtlebot3_cartographer' build argument 'catkin_cmake_args' from command line to 'None'
[0.182s] Level 5:colcon.colcon_core.verb:set package 'turtlebot3_cartographer' build argument 'catkin_skip_building_tests' from command line to 'False'
[0.182s] DEBUG:colcon.colcon_core.verb:Building package 'turtlebot3_cartographer' with the following arguments: {'ament_cmake_args': None, 'build_base': '/workspaces/ros2_jazzy_docker/ros2_ws/build/turtlebot3_cartographer', 'catkin_cmake_args': None, 'catkin_skip_building_tests': False, 'cmake_args': None, 'cmake_clean_cache': False, 'cmake_clean_first': False, 'cmake_force_configure': False, 'cmake_target': None, 'cmake_target_skip_unavailable': False, 'install_base': '/workspaces/ros2_jazzy_docker/ros2_ws/install/turtlebot3_cartographer', 'merge_install': False, 'path': '/workspaces/ros2_jazzy_docker/ros2_ws/src/turtlebot3/turtlebot3_cartographer', 'symlink_install': False, 'test_result_base': None}
[0.182s] Level 5:colcon.colcon_core.verb:set package 'turtlebot3_description' build argument 'cmake_args' from command line to 'None'
[0.182s] Level 5:colcon.colcon_core.verb:set package 'turtlebot3_description' build argument 'cmake_target' from command line to 'None'
[0.182s] Level 5:colcon.colcon_core.verb:set package 'turtlebot3_description' build argument 'cmake_target_skip_unavailable' from command line to 'False'
[0.182s] Level 5:colcon.colcon_core.verb:set package 'turtlebot3_description' build argument 'cmake_clean_cache' from command line to 'False'
[0.182s] Level 5:colcon.colcon_core.verb:set package 'turtlebot3_description' build argument 'cmake_clean_first' from command line to 'False'
[0.182s] Level 5:colcon.colcon_core.verb:set package 'turtlebot3_description' build argument 'cmake_force_configure' from command line to 'False'
[0.182s] Level 5:colcon.colcon_core.verb:set package 'turtlebot3_description' build argument 'ament_cmake_args' from command line to 'None'
[0.182s] Level 5:colcon.colcon_core.verb:set package 'turtlebot3_description' build argument 'catkin_cmake_args' from command line to 'None'
[0.182s] Level 5:colcon.colcon_core.verb:set package 'turtlebot3_description' build argument 'catkin_skip_building_tests' from command line to 'False'
[0.182s] DEBUG:colcon.colcon_core.verb:Building package 'turtlebot3_description' with the following arguments: {'ament_cmake_args': None, 'build_base': '/workspaces/ros2_jazzy_docker/ros2_ws/build/turtlebot3_description', 'catkin_cmake_args': None, 'catkin_skip_building_tests': False, 'cmake_args': None, 'cmake_clean_cache': False, 'cmake_clean_first': False, 'cmake_force_configure': False, 'cmake_target': None, 'cmake_target_skip_unavailable': False, 'install_base': '/workspaces/ros2_jazzy_docker/ros2_ws/install/turtlebot3_description', 'merge_install': False, 'path': '/workspaces/ros2_jazzy_docker/ros2_ws/src/turtlebot3/turtlebot3_description', 'symlink_install': False, 'test_result_base': None}
[0.183s] Level 5:colcon.colcon_core.verb:set package 'turtlebot3_gazebo' build argument 'cmake_args' from command line to 'None'
[0.183s] Level 5:colcon.colcon_core.verb:set package 'turtlebot3_gazebo' build argument 'cmake_target' from command line to 'None'
[0.183s] Level 5:colcon.colcon_core.verb:set package 'turtlebot3_gazebo' build argument 'cmake_target_skip_unavailable' from command line to 'False'
[0.183s] Level 5:colcon.colcon_core.verb:set package 'turtlebot3_gazebo' build argument 'cmake_clean_cache' from command line to 'False'
[0.183s] Level 5:colcon.colcon_core.verb:set package 'turtlebot3_gazebo' build argument 'cmake_clean_first' from command line to 'False'
[0.183s] Level 5:colcon.colcon_core.verb:set package 'turtlebot3_gazebo' build argument 'cmake_force_configure' from command line to 'False'
[0.183s] Level 5:colcon.colcon_core.verb:set package 'turtlebot3_gazebo' build argument 'ament_cmake_args' from command line to 'None'
[0.183s] Level 5:colcon.colcon_core.verb:set package 'turtlebot3_gazebo' build argument 'catkin_cmake_args' from command line to 'None'
[0.183s] Level 5:colcon.colcon_core.verb:set package 'turtlebot3_gazebo' build argument 'catkin_skip_building_tests' from command line to 'False'
[0.183s] DEBUG:colcon.colcon_core.verb:Building package 'turtlebot3_gazebo' with the following arguments: {'ament_cmake_args': None, 'build_base': '/workspaces/ros2_jazzy_docker/ros2_ws/build/turtlebot3_gazebo', 'catkin_cmake_args': None, 'catkin_skip_building_tests': False, 'cmake_args': None, 'cmake_clean_cache': False, 'cmake_clean_first': False, 'cmake_force_configure': False, 'cmake_target': None, 'cmake_target_skip_unavailable': False, 'install_base': '/workspaces/ros2_jazzy_docker/ros2_ws/install/turtlebot3_gazebo', 'merge_install': False, 'path': '/workspaces/ros2_jazzy_docker/ros2_ws/src/turtlebot3_simulations/turtlebot3_gazebo', 'symlink_install': False, 'test_result_base': None}
[0.183s] Level 5:colcon.colcon_core.verb:set package 'turtlebot3_msgs' build argument 'cmake_args' from command line to 'None'
[0.183s] Level 5:colcon.colcon_core.verb:set package 'turtlebot3_msgs' build argument 'cmake_target' from command line to 'None'
[0.183s] Level 5:colcon.colcon_core.verb:set package 'turtlebot3_msgs' build argument 'cmake_target_skip_unavailable' from command line to 'False'
[0.183s] Level 5:colcon.colcon_core.verb:set package 'turtlebot3_msgs' build argument 'cmake_clean_cache' from command line to 'False'
[0.183s] Level 5:colcon.colcon_core.verb:set package 'turtlebot3_msgs' build argument 'cmake_clean_first' from command line to 'False'
[0.183s] Level 5:colcon.colcon_core.verb:set package 'turtlebot3_msgs' build argument 'cmake_force_configure' from command line to 'False'
[0.183s] Level 5:colcon.colcon_core.verb:set package 'turtlebot3_msgs' build argument 'ament_cmake_args' from command line to 'None'
[0.184s] Level 5:colcon.colcon_core.verb:set package 'turtlebot3_msgs' build argument 'catkin_cmake_args' from command line to 'None'
[0.184s] Level 5:colcon.colcon_core.verb:set package 'turtlebot3_msgs' build argument 'catkin_skip_building_tests' from command line to 'False'
[0.184s] DEBUG:colcon.colcon_core.verb:Building package 'turtlebot3_msgs' with the following arguments: {'ament_cmake_args': None, 'build_base': '/workspaces/ros2_jazzy_docker/ros2_ws/build/turtlebot3_msgs', 'catkin_cmake_args': None, 'catkin_skip_building_tests': False, 'cmake_args': None, 'cmake_clean_cache': False, 'cmake_clean_first': False, 'cmake_force_configure': False, 'cmake_target': None, 'cmake_target_skip_unavailable': False, 'install_base': '/workspaces/ros2_jazzy_docker/ros2_ws/install/turtlebot3_msgs', 'merge_install': False, 'path': '/workspaces/ros2_jazzy_docker/ros2_ws/src/turtlebot3_msgs', 'symlink_install': False, 'test_result_base': None}
[0.184s] Level 5:colcon.colcon_core.verb:set package 'turtlebot3_navigation2' build argument 'cmake_args' from command line to 'None'
[0.184s] Level 5:colcon.colcon_core.verb:set package 'turtlebot3_navigation2' build argument 'cmake_target' from command line to 'None'
[0.184s] Level 5:colcon.colcon_core.verb:set package 'turtlebot3_navigation2' build argument 'cmake_target_skip_unavailable' from command line to 'False'
[0.184s] Level 5:colcon.colcon_core.verb:set package 'turtlebot3_navigation2' build argument 'cmake_clean_cache' from command line to 'False'
[0.184s] Level 5:colcon.colcon_core.verb:set package 'turtlebot3_navigation2' build argument 'cmake_clean_first' from command line to 'False'
[0.184s] Level 5:colcon.colcon_core.verb:set package 'turtlebot3_navigation2' build argument 'cmake_force_configure' from command line to 'False'
[0.184s] Level 5:colcon.colcon_core.verb:set package 'turtlebot3_navigation2' build argument 'ament_cmake_args' from command line to 'None'
[0.184s] Level 5:colcon.colcon_core.verb:set package 'turtlebot3_navigation2' build argument 'catkin_cmake_args' from command line to 'None'
[0.184s] Level 5:colcon.colcon_core.verb:set package 'turtlebot3_navigation2' build argument 'catkin_skip_building_tests' from command line to 'False'
[0.184s] DEBUG:colcon.colcon_core.verb:Building package 'turtlebot3_navigation2' with the following arguments: {'ament_cmake_args': None, 'build_base': '/workspaces/ros2_jazzy_docker/ros2_ws/build/turtlebot3_navigation2', 'catkin_cmake_args': None, 'catkin_skip_building_tests': False, 'cmake_args': None, 'cmake_clean_cache': False, 'cmake_clean_first': False, 'cmake_force_configure': False, 'cmake_target': None, 'cmake_target_skip_unavailable': False, 'install_base': '/workspaces/ros2_jazzy_docker/ros2_ws/install/turtlebot3_navigation2', 'merge_install': False, 'path': '/workspaces/ros2_jazzy_docker/ros2_ws/src/turtlebot3/turtlebot3_navigation2', 'symlink_install': False, 'test_result_base': None}
[0.184s] Level 5:colcon.colcon_core.verb:set package 'turtlebot3_teleop' build argument 'cmake_args' from command line to 'None'
[0.184s] Level 5:colcon.colcon_core.verb:set package 'turtlebot3_teleop' build argument 'cmake_target' from command line to 'None'
[0.184s] Level 5:colcon.colcon_core.verb:set package 'turtlebot3_teleop' build argument 'cmake_target_skip_unavailable' from command line to 'False'
[0.184s] Level 5:colcon.colcon_core.verb:set package 'turtlebot3_teleop' build argument 'cmake_clean_cache' from command line to 'False'
[0.185s] Level 5:colcon.colcon_core.verb:set package 'turtlebot3_teleop' build argument 'cmake_clean_first' from command line to 'False'
[0.185s] Level 5:colcon.colcon_core.verb:set package 'turtlebot3_teleop' build argument 'cmake_force_configure' from command line to 'False'
[0.185s] Level 5:colcon.colcon_core.verb:set package 'turtlebot3_teleop' build argument 'ament_cmake_args' from command line to 'None'
[0.185s] Level 5:colcon.colcon_core.verb:set package 'turtlebot3_teleop' build argument 'catkin_cmake_args' from command line to 'None'
[0.185s] Level 5:colcon.colcon_core.verb:set package 'turtlebot3_teleop' build argument 'catkin_skip_building_tests' from command line to 'False'
[0.185s] DEBUG:colcon.colcon_core.verb:Building package 'turtlebot3_teleop' with the following arguments: {'ament_cmake_args': None, 'build_base': '/workspaces/ros2_jazzy_docker/ros2_ws/build/turtlebot3_teleop', 'catkin_cmake_args': None, 'catkin_skip_building_tests': False, 'cmake_args': None, 'cmake_clean_cache': False, 'cmake_clean_first': False, 'cmake_force_configure': False, 'cmake_target': None, 'cmake_target_skip_unavailable': False, 'install_base': '/workspaces/ros2_jazzy_docker/ros2_ws/install/turtlebot3_teleop', 'merge_install': False, 'path': '/workspaces/ros2_jazzy_docker/ros2_ws/src/turtlebot3/turtlebot3_teleop', 'symlink_install': False, 'test_result_base': None}
[0.185s] Level 5:colcon.colcon_core.verb:set package 'stage_ros2' build argument 'cmake_args' from command line to 'None'
[0.185s] Level 5:colcon.colcon_core.verb:set package 'stage_ros2' build argument 'cmake_target' from command line to 'None'
[0.185s] Level 5:colcon.colcon_core.verb:set package 'stage_ros2' build argument 'cmake_target_skip_unavailable' from command line to 'False'
[0.185s] Level 5:colcon.colcon_core.verb:set package 'stage_ros2' build argument 'cmake_clean_cache' from command line to 'False'
[0.185s] Level 5:colcon.colcon_core.verb:set package 'stage_ros2' build argument 'cmake_clean_first' from command line to 'False'
[0.185s] Level 5:colcon.colcon_core.verb:set package 'stage_ros2' build argument 'cmake_force_configure' from command line to 'False'
[0.185s] Level 5:colcon.colcon_core.verb:set package 'stage_ros2' build argument 'ament_cmake_args' from command line to 'None'
[0.185s] Level 5:colcon.colcon_core.verb:set package 'stage_ros2' build argument 'catkin_cmake_args' from command line to 'None'
[0.185s] Level 5:colcon.colcon_core.verb:set package 'stage_ros2' build argument 'catkin_skip_building_tests' from command line to 'False'
[0.185s] DEBUG:colcon.colcon_core.verb:Building package 'stage_ros2' with the following arguments: {'ament_cmake_args': None, 'build_base': '/workspaces/ros2_jazzy_docker/ros2_ws/build/stage_ros2', 'catkin_cmake_args': None, 'catkin_skip_building_tests': False, 'cmake_args': None, 'cmake_clean_cache': False, 'cmake_clean_first': False, 'cmake_force_configure': False, 'cmake_target': None, 'cmake_target_skip_unavailable': False, 'install_base': '/workspaces/ros2_jazzy_docker/ros2_ws/install/stage_ros2', 'merge_install': False, 'path': '/workspaces/ros2_jazzy_docker/ros2_ws/src/stage_ros2', 'symlink_install': False, 'test_result_base': None}
[0.185s] Level 5:colcon.colcon_core.verb:set package 'turtleboot3_autonomous_nav' build argument 'cmake_args' from command line to 'None'
[0.185s] Level 5:colcon.colcon_core.verb:set package 'turtleboot3_autonomous_nav' build argument 'cmake_target' from command line to 'None'
[0.186s] Level 5:colcon.colcon_core.verb:set package 'turtleboot3_autonomous_nav' build argument 'cmake_target_skip_unavailable' from command line to 'False'
[0.186s] Level 5:colcon.colcon_core.verb:set package 'turtleboot3_autonomous_nav' build argument 'cmake_clean_cache' from command line to 'False'
[0.186s] Level 5:colcon.colcon_core.verb:set package 'turtleboot3_autonomous_nav' build argument 'cmake_clean_first' from command line to 'False'
[0.186s] Level 5:colcon.colcon_core.verb:set package 'turtleboot3_autonomous_nav' build argument 'cmake_force_configure' from command line to 'False'
[0.186s] Level 5:colcon.colcon_core.verb:set package 'turtleboot3_autonomous_nav' build argument 'ament_cmake_args' from command line to 'None'
[0.186s] Level 5:colcon.colcon_core.verb:set package 'turtleboot3_autonomous_nav' build argument 'catkin_cmake_args' from command line to 'None'
[0.186s] Level 5:colcon.colcon_core.verb:set package 'turtleboot3_autonomous_nav' build argument 'catkin_skip_building_tests' from command line to 'False'
[0.186s] DEBUG:colcon.colcon_core.verb:Building package 'turtleboot3_autonomous_nav' with the following arguments: {'ament_cmake_args': None, 'build_base': '/workspaces/ros2_jazzy_docker/ros2_ws/build/turtleboot3_autonomous_nav', 'catkin_cmake_args': None, 'catkin_skip_building_tests': False, 'cmake_args': None, 'cmake_clean_cache': False, 'cmake_clean_first': False, 'cmake_force_configure': False, 'cmake_target': None, 'cmake_target_skip_unavailable': False, 'install_base': '/workspaces/ros2_jazzy_docker/ros2_ws/install/turtleboot3_autonomous_nav', 'merge_install': False, 'path': '/workspaces/ros2_jazzy_docker/ros2_ws/src/turtleboot3_autonomous_nav', 'symlink_install': False, 'test_result_base': None}
[0.186s] Level 5:colcon.colcon_core.verb:set package 'turtlebot3_example' build argument 'cmake_args' from command line to 'None'
[0.186s] Level 5:colcon.colcon_core.verb:set package 'turtlebot3_example' build argument 'cmake_target' from command line to 'None'
[0.186s] Level 5:colcon.colcon_core.verb:set package 'turtlebot3_example' build argument 'cmake_target_skip_unavailable' from command line to 'False'
[0.186s] Level 5:colcon.colcon_core.verb:set package 'turtlebot3_example' build argument 'cmake_clean_cache' from command line to 'False'
[0.186s] Level 5:colcon.colcon_core.verb:set package 'turtlebot3_example' build argument 'cmake_clean_first' from command line to 'False'
[0.186s] Level 5:colcon.colcon_core.verb:set package 'turtlebot3_example' build argument 'cmake_force_configure' from command line to 'False'
[0.186s] Level 5:colcon.colcon_core.verb:set package 'turtlebot3_example' build argument 'ament_cmake_args' from command line to 'None'
[0.186s] Level 5:colcon.colcon_core.verb:set package 'turtlebot3_example' build argument 'catkin_cmake_args' from command line to 'None'
[0.186s] Level 5:colcon.colcon_core.verb:set package 'turtlebot3_example' build argument 'catkin_skip_building_tests' from command line to 'False'
[0.186s] DEBUG:colcon.colcon_core.verb:Building package 'turtlebot3_example' with the following arguments: {'ament_cmake_args': None, 'build_base': '/workspaces/ros2_jazzy_docker/ros2_ws/build/turtlebot3_example', 'catkin_cmake_args': None, 'catkin_skip_building_tests': False, 'cmake_args': None, 'cmake_clean_cache': False, 'cmake_clean_first': False, 'cmake_force_configure': False, 'cmake_target': None, 'cmake_target_skip_unavailable': False, 'install_base': '/workspaces/ros2_jazzy_docker/ros2_ws/install/turtlebot3_example', 'merge_install': False, 'path': '/workspaces/ros2_jazzy_docker/ros2_ws/src/turtlebot3/turtlebot3_example', 'symlink_install': False, 'test_result_base': None}
[0.186s] Level 5:colcon.colcon_core.verb:set package 'turtlebot3_fake_node' build argument 'cmake_args' from command line to 'None'
[0.187s] Level 5:colcon.colcon_core.verb:set package 'turtlebot3_fake_node' build argument 'cmake_target' from command line to 'None'
[0.187s] Level 5:colcon.colcon_core.verb:set package 'turtlebot3_fake_node' build argument 'cmake_target_skip_unavailable' from command line to 'False'
[0.187s] Level 5:colcon.colcon_core.verb:set package 'turtlebot3_fake_node' build argument 'cmake_clean_cache' from command line to 'False'
[0.187s] Level 5:colcon.colcon_core.verb:set package 'turtlebot3_fake_node' build argument 'cmake_clean_first' from command line to 'False'
[0.187s] Level 5:colcon.colcon_core.verb:set package 'turtlebot3_fake_node' build argument 'cmake_force_configure' from command line to 'False'
[0.187s] Level 5:colcon.colcon_core.verb:set package 'turtlebot3_fake_node' build argument 'ament_cmake_args' from command line to 'None'
[0.187s] Level 5:colcon.colcon_core.verb:set package 'turtlebot3_fake_node' build argument 'catkin_cmake_args' from command line to 'None'
[0.187s] Level 5:colcon.colcon_core.verb:set package 'turtlebot3_fake_node' build argument 'catkin_skip_building_tests' from command line to 'False'
[0.187s] DEBUG:colcon.colcon_core.verb:Building package 'turtlebot3_fake_node' with the following arguments: {'ament_cmake_args': None, 'build_base': '/workspaces/ros2_jazzy_docker/ros2_ws/build/turtlebot3_fake_node', 'catkin_cmake_args': None, 'catkin_skip_building_tests': False, 'cmake_args': None, 'cmake_clean_cache': False, 'cmake_clean_first': False, 'cmake_force_configure': False, 'cmake_target': None, 'cmake_target_skip_unavailable': False, 'install_base': '/workspaces/ros2_jazzy_docker/ros2_ws/install/turtlebot3_fake_node', 'merge_install': False, 'path': '/workspaces/ros2_jazzy_docker/ros2_ws/src/turtlebot3_simulations/turtlebot3_fake_node', 'symlink_install': False, 'test_result_base': None}
[0.187s] Level 5:colcon.colcon_core.verb:set package 'turtlebot3_node' build argument 'cmake_args' from command line to 'None'
[0.187s] Level 5:colcon.colcon_core.verb:set package 'turtlebot3_node' build argument 'cmake_target' from command line to 'None'
[0.187s] Level 5:colcon.colcon_core.verb:set package 'turtlebot3_node' build argument 'cmake_target_skip_unavailable' from command line to 'False'
[0.187s] Level 5:colcon.colcon_core.verb:set package 'turtlebot3_node' build argument 'cmake_clean_cache' from command line to 'False'
[0.187s] Level 5:colcon.colcon_core.verb:set package 'turtlebot3_node' build argument 'cmake_clean_first' from command line to 'False'
[0.187s] Level 5:colcon.colcon_core.verb:set package 'turtlebot3_node' build argument 'cmake_force_configure' from command line to 'False'
[0.187s] Level 5:colcon.colcon_core.verb:set package 'turtlebot3_node' build argument 'ament_cmake_args' from command line to 'None'
[0.187s] Level 5:colcon.colcon_core.verb:set package 'turtlebot3_node' build argument 'catkin_cmake_args' from command line to 'None'
[0.187s] Level 5:colcon.colcon_core.verb:set package 'turtlebot3_node' build argument 'catkin_skip_building_tests' from command line to 'False'
[0.187s] DEBUG:colcon.colcon_core.verb:Building package 'turtlebot3_node' with the following arguments: {'ament_cmake_args': None, 'build_base': '/workspaces/ros2_jazzy_docker/ros2_ws/build/turtlebot3_node', 'catkin_cmake_args': None, 'catkin_skip_building_tests': False, 'cmake_args': None, 'cmake_clean_cache': False, 'cmake_clean_first': False, 'cmake_force_configure': False, 'cmake_target': None, 'cmake_target_skip_unavailable': False, 'install_base': '/workspaces/ros2_jazzy_docker/ros2_ws/install/turtlebot3_node', 'merge_install': False, 'path': '/workspaces/ros2_jazzy_docker/ros2_ws/src/turtlebot3/turtlebot3_node', 'symlink_install': False, 'test_result_base': None}
[0.188s] Level 5:colcon.colcon_core.verb:set package 'stage_autonomous_nav' build argument 'cmake_args' from command line to 'None'
[0.188s] Level 5:colcon.colcon_core.verb:set package 'stage_autonomous_nav' build argument 'cmake_target' from command line to 'None'
[0.188s] Level 5:colcon.colcon_core.verb:set package 'stage_autonomous_nav' build argument 'cmake_target_skip_unavailable' from command line to 'False'
[0.188s] Level 5:colcon.colcon_core.verb:set package 'stage_autonomous_nav' build argument 'cmake_clean_cache' from command line to 'False'
[0.188s] Level 5:colcon.colcon_core.verb:set package 'stage_autonomous_nav' build argument 'cmake_clean_first' from command line to 'False'
[0.188s] Level 5:colcon.colcon_core.verb:set package 'stage_autonomous_nav' build argument 'cmake_force_configure' from command line to 'False'
[0.188s] Level 5:colcon.colcon_core.verb:set package 'stage_autonomous_nav' build argument 'ament_cmake_args' from command line to 'None'
[0.188s] Level 5:colcon.colcon_core.verb:set package 'stage_autonomous_nav' build argument 'catkin_cmake_args' from command line to 'None'
[0.188s] Level 5:colcon.colcon_core.verb:set package 'stage_autonomous_nav' build argument 'catkin_skip_building_tests' from command line to 'False'
[0.188s] DEBUG:colcon.colcon_core.verb:Building package 'stage_autonomous_nav' with the following arguments: {'ament_cmake_args': None, 'build_base': '/workspaces/ros2_jazzy_docker/ros2_ws/build/stage_autonomous_nav', 'catkin_cmake_args': None, 'catkin_skip_building_tests': False, 'cmake_args': None, 'cmake_clean_cache': False, 'cmake_clean_first': False, 'cmake_force_configure': False, 'cmake_target': None, 'cmake_target_skip_unavailable': False, 'install_base': '/workspaces/ros2_jazzy_docker/ros2_ws/install/stage_autonomous_nav', 'merge_install': False, 'path': '/workspaces/ros2_jazzy_docker/ros2_ws/src/stage_autonomous_nav', 'symlink_install': False, 'test_result_base': None}
[0.188s] Level 5:colcon.colcon_core.verb:set package 'turtlebot3_bringup' build argument 'cmake_args' from command line to 'None'
[0.188s] Level 5:colcon.colcon_core.verb:set package 'turtlebot3_bringup' build argument 'cmake_target' from command line to 'None'
[0.188s] Level 5:colcon.colcon_core.verb:set package 'turtlebot3_bringup' build argument 'cmake_target_skip_unavailable' from command line to 'False'
[0.188s] Level 5:colcon.colcon_core.verb:set package 'turtlebot3_bringup' build argument 'cmake_clean_cache' from command line to 'False'
[0.188s] Level 5:colcon.colcon_core.verb:set package 'turtlebot3_bringup' build argument 'cmake_clean_first' from command line to 'False'
[0.188s] Level 5:colcon.colcon_core.verb:set package 'turtlebot3_bringup' build argument 'cmake_force_configure' from command line to 'False'
[0.188s] Level 5:colcon.colcon_core.verb:set package 'turtlebot3_bringup' build argument 'ament_cmake_args' from command line to 'None'
[0.188s] Level 5:colcon.colcon_core.verb:set package 'turtlebot3_bringup' build argument 'catkin_cmake_args' from command line to 'None'
[0.188s] Level 5:colcon.colcon_core.verb:set package 'turtlebot3_bringup' build argument 'catkin_skip_building_tests' from command line to 'False'
[0.188s] DEBUG:colcon.colcon_core.verb:Building package 'turtlebot3_bringup' with the following arguments: {'ament_cmake_args': None, 'build_base': '/workspaces/ros2_jazzy_docker/ros2_ws/build/turtlebot3_bringup', 'catkin_cmake_args': None, 'catkin_skip_building_tests': False, 'cmake_args': None, 'cmake_clean_cache': False, 'cmake_clean_first': False, 'cmake_force_configure': False, 'cmake_target': None, 'cmake_target_skip_unavailable': False, 'install_base': '/workspaces/ros2_jazzy_docker/ros2_ws/install/turtlebot3_bringup', 'merge_install': False, 'path': '/workspaces/ros2_jazzy_docker/ros2_ws/src/turtlebot3/turtlebot3_bringup', 'symlink_install': False, 'test_result_base': None}
[0.189s] Level 5:colcon.colcon_core.verb:set package 'turtlebot3_simulations' build argument 'cmake_args' from command line to 'None'
[0.189s] Level 5:colcon.colcon_core.verb:set package 'turtlebot3_simulations' build argument 'cmake_target' from command line to 'None'
[0.189s] Level 5:colcon.colcon_core.verb:set package 'turtlebot3_simulations' build argument 'cmake_target_skip_unavailable' from command line to 'False'
[0.189s] Level 5:colcon.colcon_core.verb:set package 'turtlebot3_simulations' build argument 'cmake_clean_cache' from command line to 'False'
[0.189s] Level 5:colcon.colcon_core.verb:set package 'turtlebot3_simulations' build argument 'cmake_clean_first' from command line to 'False'
[0.189s] Level 5:colcon.colcon_core.verb:set package 'turtlebot3_simulations' build argument 'cmake_force_configure' from command line to 'False'
[0.189s] Level 5:colcon.colcon_core.verb:set package 'turtlebot3_simulations' build argument 'ament_cmake_args' from command line to 'None'
[0.189s] Level 5:colcon.colcon_core.verb:set package 'turtlebot3_simulations' build argument 'catkin_cmake_args' from command line to 'None'
[0.189s] Level 5:colcon.colcon_core.verb:set package 'turtlebot3_simulations' build argument 'catkin_skip_building_tests' from command line to 'False'
[0.189s] DEBUG:colcon.colcon_core.verb:Building package 'turtlebot3_simulations' with the following arguments: {'ament_cmake_args': None, 'build_base': '/workspaces/ros2_jazzy_docker/ros2_ws/build/turtlebot3_simulations', 'catkin_cmake_args': None, 'catkin_skip_building_tests': False, 'cmake_args': None, 'cmake_clean_cache': False, 'cmake_clean_first': False, 'cmake_force_configure': False, 'cmake_target': None, 'cmake_target_skip_unavailable': False, 'install_base': '/workspaces/ros2_jazzy_docker/ros2_ws/install/turtlebot3_simulations', 'merge_install': False, 'path': '/workspaces/ros2_jazzy_docker/ros2_ws/src/turtlebot3_simulations/turtlebot3_simulations', 'symlink_install': False, 'test_result_base': None}
[0.189s] Level 5:colcon.colcon_core.verb:set package 'turtlebot3' build argument 'cmake_args' from command line to 'None'
[0.189s] Level 5:colcon.colcon_core.verb:set package 'turtlebot3' build argument 'cmake_target' from command line to 'None'
[0.189s] Level 5:colcon.colcon_core.verb:set package 'turtlebot3' build argument 'cmake_target_skip_unavailable' from command line to 'False'
[0.189s] Level 5:colcon.colcon_core.verb:set package 'turtlebot3' build argument 'cmake_clean_cache' from command line to 'False'
[0.189s] Level 5:colcon.colcon_core.verb:set package 'turtlebot3' build argument 'cmake_clean_first' from command line to 'False'
[0.189s] Level 5:colcon.colcon_core.verb:set package 'turtlebot3' build argument 'cmake_force_configure' from command line to 'False'
[0.189s] Level 5:colcon.colcon_core.verb:set package 'turtlebot3' build argument 'ament_cmake_args' from command line to 'None'
[0.190s] Level 5:colcon.colcon_core.verb:set package 'turtlebot3' build argument 'catkin_cmake_args' from command line to 'None'
[0.190s] Level 5:colcon.colcon_core.verb:set package 'turtlebot3' build argument 'catkin_skip_building_tests' from command line to 'False'
[0.190s] DEBUG:colcon.colcon_core.verb:Building package 'turtlebot3' with the following arguments: {'ament_cmake_args': None, 'build_base': '/workspaces/ros2_jazzy_docker/ros2_ws/build/turtlebot3', 'catkin_cmake_args': None, 'catkin_skip_building_tests': False, 'cmake_args': None, 'cmake_clean_cache': False, 'cmake_clean_first': False, 'cmake_force_configure': False, 'cmake_target': None, 'cmake_target_skip_unavailable': False, 'install_base': '/workspaces/ros2_jazzy_docker/ros2_ws/install/turtlebot3', 'merge_install': False, 'path': '/workspaces/ros2_jazzy_docker/ros2_ws/src/turtlebot3/turtlebot3', 'symlink_install': False, 'test_result_base': None}
[0.190s] INFO:colcon.colcon_core.executor:Executing jobs using 'parallel' executor
[0.190s] DEBUG:colcon.colcon_parallel_executor.executor.parallel:run_until_complete
[0.191s] INFO:colcon.colcon_ros.task.ament_cmake.build:Building ROS package in '/workspaces/ros2_jazzy_docker/ros2_ws/src/turtlebot3_msgs' with build type 'ament_cmake'
[0.191s] INFO:colcon.colcon_cmake.task.cmake.build:Building CMake package in '/workspaces/ros2_jazzy_docker/ros2_ws/src/turtlebot3_msgs'
[0.192s] INFO:colcon.colcon_core.plugin_system:Skipping extension 'colcon_core.shell.bat': Not used on non-Windows systems
[0.193s] INFO:colcon.colcon_core.shell:Skip shell extension 'powershell' for command environment: Not usable outside of PowerShell
[0.194s] DEBUG:colcon.colcon_core.shell:Skip shell extension 'dsv' for command environment
[0.196s] WARNING:colcon.colcon_core.prefix_path.colcon:The path '/workspaces/ros2_jazzy_docker/ros2_ws/src/install' in the environment variable COLCON_PREFIX_PATH doesn't exist
[0.196s] WARNING:colcon.colcon_ros.prefix_path.ament:The path '/workspaces/ros2_jazzy_docker/ros2_ws/install/turtlebot3' in the environment variable AMENT_PREFIX_PATH doesn't exist
[0.196s] WARNING:colcon.colcon_ros.prefix_path.ament:The path '/workspaces/ros2_jazzy_docker/ros2_ws/install/turtlebot3_teleop' in the environment variable AMENT_PREFIX_PATH doesn't exist
[0.197s] WARNING:colcon.colcon_ros.prefix_path.ament:The path '/workspaces/ros2_jazzy_docker/ros2_ws/install/turtlebot3_simulations' in the environment variable AMENT_PREFIX_PATH doesn't exist
[0.197s] WARNING:colcon.colcon_ros.prefix_path.ament:The path '/workspaces/ros2_jazzy_docker/ros2_ws/install/turtlebot3_bringup' in the environment variable AMENT_PREFIX_PATH doesn't exist
[0.197s] WARNING:colcon.colcon_ros.prefix_path.ament:The path '/workspaces/ros2_jazzy_docker/ros2_ws/install/turtlebot3_node' in the environment variable AMENT_PREFIX_PATH doesn't exist
[0.197s] WARNING:colcon.colcon_ros.prefix_path.ament:The path '/workspaces/ros2_jazzy_docker/ros2_ws/install/turtlebot3_navigation2' in the environment variable AMENT_PREFIX_PATH doesn't exist
[0.197s] WARNING:colcon.colcon_ros.prefix_path.ament:The path '/workspaces/ros2_jazzy_docker/ros2_ws/install/turtlebot3_fake_node' in the environment variable AMENT_PREFIX_PATH doesn't exist
[0.197s] WARNING:colcon.colcon_ros.prefix_path.ament:The path '/workspaces/ros2_jazzy_docker/ros2_ws/install/turtlebot3_example' in the environment variable AMENT_PREFIX_PATH doesn't exist
[0.198s] WARNING:colcon.colcon_ros.prefix_path.ament:The path '/workspaces/ros2_jazzy_docker/ros2_ws/install/turtlebot3_msgs' in the environment variable AMENT_PREFIX_PATH doesn't exist
[0.198s] WARNING:colcon.colcon_ros.prefix_path.ament:The path '/workspaces/ros2_jazzy_docker/ros2_ws/install/turtlebot3_gazebo' in the environment variable AMENT_PREFIX_PATH doesn't exist
[0.198s] WARNING:colcon.colcon_ros.prefix_path.ament:The path '/workspaces/ros2_jazzy_docker/ros2_ws/install/turtlebot3_description' in the environment variable AMENT_PREFIX_PATH doesn't exist
[0.198s] WARNING:colcon.colcon_ros.prefix_path.ament:The path '/workspaces/ros2_jazzy_docker/ros2_ws/install/turtlebot3_cartographer' in the environment variable AMENT_PREFIX_PATH doesn't exist
[0.198s] WARNING:colcon.colcon_ros.prefix_path.ament:The path '/workspaces/ros2_jazzy_docker/ros2_ws/src/install/turtlebot3' in the environment variable AMENT_PREFIX_PATH doesn't exist
[0.198s] WARNING:colcon.colcon_ros.prefix_path.ament:The path '/workspaces/ros2_jazzy_docker/ros2_ws/src/install/turtlebot3_teleop' in the environment variable AMENT_PREFIX_PATH doesn't exist
[0.199s] WARNING:colcon.colcon_ros.prefix_path.ament:The path '/workspaces/ros2_jazzy_docker/ros2_ws/src/install/turtlebot3_simulations' in the environment variable AMENT_PREFIX_PATH doesn't exist
[0.199s] WARNING:colcon.colcon_ros.prefix_path.ament:The path '/workspaces/ros2_jazzy_docker/ros2_ws/src/install/turtlebot3_bringup' in the environment variable AMENT_PREFIX_PATH doesn't exist
[0.199s] WARNING:colcon.colcon_ros.prefix_path.ament:The path '/workspaces/ros2_jazzy_docker/ros2_ws/src/install/turtlebot3_node' in the environment variable AMENT_PREFIX_PATH doesn't exist
[0.199s] WARNING:colcon.colcon_ros.prefix_path.ament:The path '/workspaces/ros2_jazzy_docker/ros2_ws/src/install/turtlebot3_navigation2' in the environment variable AMENT_PREFIX_PATH doesn't exist
[0.199s] WARNING:colcon.colcon_ros.prefix_path.ament:The path '/workspaces/ros2_jazzy_docker/ros2_ws/src/install/turtlebot3_fake_node' in the environment variable AMENT_PREFIX_PATH doesn't exist
[0.199s] WARNING:colcon.colcon_ros.prefix_path.ament:The path '/workspaces/ros2_jazzy_docker/ros2_ws/src/install/turtlebot3_example' in the environment variable AMENT_PREFIX_PATH doesn't exist
[0.199s] WARNING:colcon.colcon_ros.prefix_path.ament:The path '/workspaces/ros2_jazzy_docker/ros2_ws/src/install/turtlebot3_msgs' in the environment variable AMENT_PREFIX_PATH doesn't exist
[0.199s] WARNING:colcon.colcon_ros.prefix_path.ament:The path '/workspaces/ros2_jazzy_docker/ros2_ws/src/install/turtleboot3_autonomous_nav' in the environment variable AMENT_PREFIX_PATH doesn't exist
[0.199s] WARNING:colcon.colcon_ros.prefix_path.ament:The path '/workspaces/ros2_jazzy_docker/ros2_ws/src/install/turtlebot3_gazebo' in the environment variable AMENT_PREFIX_PATH doesn't exist
[0.199s] WARNING:colcon.colcon_ros.prefix_path.ament:The path '/workspaces/ros2_jazzy_docker/ros2_ws/src/install/turtlebot3_description' in the environment variable AMENT_PREFIX_PATH doesn't exist
[0.200s] WARNING:colcon.colcon_ros.prefix_path.ament:The path '/workspaces/ros2_jazzy_docker/ros2_ws/src/install/turtlebot3_cartographer' in the environment variable AMENT_PREFIX_PATH doesn't exist
[0.200s] WARNING:colcon.colcon_ros.prefix_path.ament:The path '/workspaces/ros2_jazzy_docker/ros2_ws/src/install/turtle_py' in the environment variable AMENT_PREFIX_PATH doesn't exist
[0.200s] WARNING:colcon.colcon_ros.prefix_path.ament:The path '/workspaces/ros2_jazzy_docker/ros2_ws/src/install/stage_autonomous_nav' in the environment variable AMENT_PREFIX_PATH doesn't exist
[0.200s] WARNING:colcon.colcon_ros.prefix_path.ament:The path '/workspaces/ros2_jazzy_docker/ros2_ws/src/install/stage_ros2' in the environment variable AMENT_PREFIX_PATH doesn't exist
[0.200s] WARNING:colcon.colcon_ros.prefix_path.ament:The path '/workspaces/ros2_jazzy_docker/ros2_ws/install/turtleboot3_autonomous_nav' in the environment variable AMENT_PREFIX_PATH doesn't exist
[0.200s] WARNING:colcon.colcon_ros.prefix_path.ament:The path '/workspaces/ros2_jazzy_docker/ros2_ws/install/turtle_py' in the environment variable AMENT_PREFIX_PATH doesn't exist
[0.200s] WARNING:colcon.colcon_ros.prefix_path.ament:The path '/workspaces/ros2_jazzy_docker/ros2_ws/install/stage_autonomous_nav' in the environment variable AMENT_PREFIX_PATH doesn't exist
[0.201s] WARNING:colcon.colcon_ros.prefix_path.ament:The path '/workspaces/ros2_jazzy_docker/ros2_ws/install/stage_ros2' in the environment variable AMENT_PREFIX_PATH doesn't exist
[0.201s] WARNING:colcon.colcon_ros.prefix_path.catkin:The path '/workspaces/ros2_jazzy_docker/ros2_ws/install/turtlebot3' in the environment variable CMAKE_PREFIX_PATH doesn't exist
[0.201s] WARNING:colcon.colcon_ros.prefix_path.catkin:The path '/workspaces/ros2_jazzy_docker/ros2_ws/install/turtlebot3_simulations' in the environment variable CMAKE_PREFIX_PATH doesn't exist
[0.201s] WARNING:colcon.colcon_ros.prefix_path.catkin:The path '/workspaces/ros2_jazzy_docker/ros2_ws/install/turtlebot3_bringup' in the environment variable CMAKE_PREFIX_PATH doesn't exist
[0.201s] WARNING:colcon.colcon_ros.prefix_path.catkin:The path '/workspaces/ros2_jazzy_docker/ros2_ws/install/turtlebot3_node' in the environment variable CMAKE_PREFIX_PATH doesn't exist
[0.202s] WARNING:colcon.colcon_ros.prefix_path.catkin:The path '/workspaces/ros2_jazzy_docker/ros2_ws/install/turtlebot3_navigation2' in the environment variable CMAKE_PREFIX_PATH doesn't exist
[0.202s] WARNING:colcon.colcon_ros.prefix_path.catkin:The path '/workspaces/ros2_jazzy_docker/ros2_ws/install/turtlebot3_fake_node' in the environment variable CMAKE_PREFIX_PATH doesn't exist
[0.202s] WARNING:colcon.colcon_ros.prefix_path.catkin:The path '/workspaces/ros2_jazzy_docker/ros2_ws/install/turtlebot3_msgs' in the environment variable CMAKE_PREFIX_PATH doesn't exist
[0.202s] WARNING:colcon.colcon_ros.prefix_path.catkin:The path '/workspaces/ros2_jazzy_docker/ros2_ws/install/turtlebot3_gazebo' in the environment variable CMAKE_PREFIX_PATH doesn't exist
[0.202s] WARNING:colcon.colcon_ros.prefix_path.catkin:The path '/workspaces/ros2_jazzy_docker/ros2_ws/install/turtlebot3_description' in the environment variable CMAKE_PREFIX_PATH doesn't exist
[0.202s] WARNING:colcon.colcon_ros.prefix_path.catkin:The path '/workspaces/ros2_jazzy_docker/ros2_ws/install/turtlebot3_cartographer' in the environment variable CMAKE_PREFIX_PATH doesn't exist
[0.202s] WARNING:colcon.colcon_ros.prefix_path.catkin:The path '/workspaces/ros2_jazzy_docker/ros2_ws/src/install/turtlebot3' in the environment variable CMAKE_PREFIX_PATH doesn't exist
[0.202s] WARNING:colcon.colcon_ros.prefix_path.catkin:The path '/workspaces/ros2_jazzy_docker/ros2_ws/src/install/turtlebot3_simulations' in the environment variable CMAKE_PREFIX_PATH doesn't exist
[0.203s] WARNING:colcon.colcon_ros.prefix_path.catkin:The path '/workspaces/ros2_jazzy_docker/ros2_ws/src/install/turtlebot3_bringup' in the environment variable CMAKE_PREFIX_PATH doesn't exist
[0.203s] WARNING:colcon.colcon_ros.prefix_path.catkin:The path '/workspaces/ros2_jazzy_docker/ros2_ws/src/install/turtlebot3_node' in the environment variable CMAKE_PREFIX_PATH doesn't exist
[0.203s] WARNING:colcon.colcon_ros.prefix_path.catkin:The path '/workspaces/ros2_jazzy_docker/ros2_ws/src/install/turtlebot3_navigation2' in the environment variable CMAKE_PREFIX_PATH doesn't exist
[0.203s] WARNING:colcon.colcon_ros.prefix_path.catkin:The path '/workspaces/ros2_jazzy_docker/ros2_ws/src/install/turtlebot3_fake_node' in the environment variable CMAKE_PREFIX_PATH doesn't exist
[0.203s] WARNING:colcon.colcon_ros.prefix_path.catkin:The path '/workspaces/ros2_jazzy_docker/ros2_ws/src/install/turtlebot3_msgs' in the environment variable CMAKE_PREFIX_PATH doesn't exist
[0.203s] WARNING:colcon.colcon_ros.prefix_path.catkin:The path '/workspaces/ros2_jazzy_docker/ros2_ws/src/install/turtlebot3_gazebo' in the environment variable CMAKE_PREFIX_PATH doesn't exist
[0.203s] WARNING:colcon.colcon_ros.prefix_path.catkin:The path '/workspaces/ros2_jazzy_docker/ros2_ws/src/install/turtlebot3_description' in the environment variable CMAKE_PREFIX_PATH doesn't exist
[0.203s] WARNING:colcon.colcon_ros.prefix_path.catkin:The path '/workspaces/ros2_jazzy_docker/ros2_ws/src/install/turtlebot3_cartographer' in the environment variable CMAKE_PREFIX_PATH doesn't exist
[0.204s] WARNING:colcon.colcon_ros.prefix_path.catkin:The path '/workspaces/ros2_jazzy_docker/ros2_ws/src/install/stage_ros2' in the environment variable CMAKE_PREFIX_PATH doesn't exist
[0.204s] WARNING:colcon.colcon_ros.prefix_path.catkin:The path '/workspaces/ros2_jazzy_docker/ros2_ws/src/install/stage' in the environment variable CMAKE_PREFIX_PATH doesn't exist
[0.204s] WARNING:colcon.colcon_ros.prefix_path.catkin:The path '/workspaces/ros2_jazzy_docker/ros2_ws/install/stage_ros2' in the environment variable CMAKE_PREFIX_PATH doesn't exist
[0.204s] WARNING:colcon.colcon_ros.prefix_path.catkin:The path '/workspaces/ros2_jazzy_docker/ros2_ws/install/stage' in the environment variable CMAKE_PREFIX_PATH doesn't exist
[0.208s] INFO:colcon.colcon_ros.task.catkin.build:Building ROS package in '/workspaces/ros2_jazzy_docker/ros2_ws/src/Stage' with build type 'catkin'
[0.208s] INFO:colcon.colcon_cmake.task.cmake.build:Building CMake package in '/workspaces/ros2_jazzy_docker/ros2_ws/src/Stage'
[0.209s] INFO:colcon.colcon_core.shell:Skip shell extension 'powershell' for command environment: Not usable outside of PowerShell
[0.209s] DEBUG:colcon.colcon_core.shell:Skip shell extension 'dsv' for command environment
[0.214s] INFO:colcon.colcon_ros.task.ament_cmake.build:Building ROS package in '/workspaces/ros2_jazzy_docker/ros2_ws/src/turtlebot3/turtlebot3_description' with build type 'ament_cmake'
[0.214s] INFO:colcon.colcon_cmake.task.cmake.build:Building CMake package in '/workspaces/ros2_jazzy_docker/ros2_ws/src/turtlebot3/turtlebot3_description'
[0.214s] INFO:colcon.colcon_core.shell:Skip shell extension 'powershell' for command environment: Not usable outside of PowerShell
[0.214s] DEBUG:colcon.colcon_core.shell:Skip shell extension 'dsv' for command environment
[0.219s] INFO:colcon.colcon_ros.task.ament_cmake.build:Building ROS package in '/workspaces/ros2_jazzy_docker/ros2_ws/src/turtlebot3_simulations/turtlebot3_gazebo' with build type 'ament_cmake'
[0.219s] INFO:colcon.colcon_cmake.task.cmake.build:Building CMake package in '/workspaces/ros2_jazzy_docker/ros2_ws/src/turtlebot3_simulations/turtlebot3_gazebo'
[0.219s] INFO:colcon.colcon_core.shell:Skip shell extension 'powershell' for command environment: Not usable outside of PowerShell
[0.219s] DEBUG:colcon.colcon_core.shell:Skip shell extension 'dsv' for command environment
[0.224s] INFO:colcon.colcon_ros.task.ament_cmake.build:Building ROS package in '/workspaces/ros2_jazzy_docker/ros2_ws/src/turtlebot3/turtlebot3_cartographer' with build type 'ament_cmake'
[0.224s] INFO:colcon.colcon_cmake.task.cmake.build:Building CMake package in '/workspaces/ros2_jazzy_docker/ros2_ws/src/turtlebot3/turtlebot3_cartographer'
[0.224s] INFO:colcon.colcon_core.shell:Skip shell extension 'powershell' for command environment: Not usable outside of PowerShell
[0.224s] DEBUG:colcon.colcon_core.shell:Skip shell extension 'dsv' for command environment
[0.228s] INFO:colcon.colcon_ros.task.ament_cmake.build:Building ROS package in '/workspaces/ros2_jazzy_docker/ros2_ws/src/turtlebot3/turtlebot3_navigation2' with build type 'ament_cmake'
[0.229s] INFO:colcon.colcon_cmake.task.cmake.build:Building CMake package in '/workspaces/ros2_jazzy_docker/ros2_ws/src/turtlebot3/turtlebot3_navigation2'
[0.229s] INFO:colcon.colcon_core.shell:Skip shell extension 'powershell' for command environment: Not usable outside of PowerShell
[0.229s] DEBUG:colcon.colcon_core.shell:Skip shell extension 'dsv' for command environment
[0.234s] INFO:colcon.colcon_ros.task.ament_python.build:Building ROS package in '/workspaces/ros2_jazzy_docker/ros2_ws/src/turtlebot3/turtlebot3_teleop' with build type 'ament_python'
[0.234s] Level 1:colcon.colcon_core.shell:create_environment_hook('turtlebot3_teleop', 'ament_prefix_path')
[0.234s] INFO:colcon.colcon_core.shell:Creating environment hook '/workspaces/ros2_jazzy_docker/ros2_ws/install/turtlebot3_teleop/share/turtlebot3_teleop/hook/ament_prefix_path.ps1'
[0.236s] INFO:colcon.colcon_core.shell:Creating environment descriptor '/workspaces/ros2_jazzy_docker/ros2_ws/install/turtlebot3_teleop/share/turtlebot3_teleop/hook/ament_prefix_path.dsv'
[0.237s] INFO:colcon.colcon_core.shell:Creating environment hook '/workspaces/ros2_jazzy_docker/ros2_ws/install/turtlebot3_teleop/share/turtlebot3_teleop/hook/ament_prefix_path.sh'
[0.237s] INFO:colcon.colcon_core.shell:Skip shell extension 'powershell' for command environment: Not usable outside of PowerShell
[0.237s] DEBUG:colcon.colcon_core.shell:Skip shell extension 'dsv' for command environment
[0.242s] INFO:colcon.colcon_ros.task.ament_python.build:Building ROS package in '/workspaces/ros2_jazzy_docker/ros2_ws/src/turtle_py' with build type 'ament_python'
[0.242s] Level 1:colcon.colcon_core.shell:create_environment_hook('turtle_py', 'ament_prefix_path')
[0.242s] INFO:colcon.colcon_core.shell:Creating environment hook '/workspaces/ros2_jazzy_docker/ros2_ws/install/turtle_py/share/turtle_py/hook/ament_prefix_path.ps1'
[0.244s] INFO:colcon.colcon_core.shell:Creating environment descriptor '/workspaces/ros2_jazzy_docker/ros2_ws/install/turtle_py/share/turtle_py/hook/ament_prefix_path.dsv'
[0.245s] INFO:colcon.colcon_core.shell:Creating environment hook '/workspaces/ros2_jazzy_docker/ros2_ws/install/turtle_py/share/turtle_py/hook/ament_prefix_path.sh'
[0.246s] INFO:colcon.colcon_core.shell:Skip shell extension 'powershell' for command environment: Not usable outside of PowerShell
[0.246s] DEBUG:colcon.colcon_core.shell:Skip shell extension 'dsv' for command environment
[0.258s] DEBUG:colcon.colcon_core.event_handler.log_command:Invoking command in '/workspaces/ros2_jazzy_docker/ros2_ws/build/turtlebot3_msgs': CMAKE_PREFIX_PATH=${CMAKE_PREFIX_PATH}:/workspaces/ros2_jazzy_docker/ros2_ws/install/turtlebot3_teleop:/workspaces/ros2_jazzy_docker/ros2_ws/install/turtlebot3_example:/workspaces/ros2_jazzy_docker/ros2_ws/src/install/turtlebot3_teleop:/workspaces/ros2_jazzy_docker/ros2_ws/src/install/turtlebot3_example:/workspaces/ros2_jazzy_docker/ros2_ws/src/install/turtleboot3_autonomous_nav:/workspaces/ros2_jazzy_docker/ros2_ws/src/install/turtle_py:/workspaces/ros2_jazzy_docker/ros2_ws/src/install/stage_autonomous_nav:/workspaces/ros2_jazzy_docker/ros2_ws/install/turtleboot3_autonomous_nav:/workspaces/ros2_jazzy_docker/ros2_ws/install/turtle_py:/workspaces/ros2_jazzy_docker/ros2_ws/install/stage_autonomous_nav:/opt/ros/jazzy /usr/bin/cmake /workspaces/ros2_jazzy_docker/ros2_ws/src/turtlebot3_msgs -DCMAKE_INSTALL_PREFIX=/workspaces/ros2_jazzy_docker/ros2_ws/install/turtlebot3_msgs
[0.262s] DEBUG:colcon.colcon_core.event_handler.log_command:Invoking command in '/workspaces/ros2_jazzy_docker/ros2_ws/build/stage': /usr/bin/cmake /workspaces/ros2_jazzy_docker/ros2_ws/src/Stage -DCATKIN_INSTALL_INTO_PREFIX_ROOT=0 -DCMAKE_INSTALL_PREFIX=/workspaces/ros2_jazzy_docker/ros2_ws/install/stage
[0.267s] DEBUG:colcon.colcon_core.event_handler.log_command:Invoking command in '/workspaces/ros2_jazzy_docker/ros2_ws/build/turtlebot3_description': CMAKE_PREFIX_PATH=${CMAKE_PREFIX_PATH}:/workspaces/ros2_jazzy_docker/ros2_ws/install/turtlebot3_teleop:/workspaces/ros2_jazzy_docker/ros2_ws/install/turtlebot3_example:/workspaces/ros2_jazzy_docker/ros2_ws/src/install/turtlebot3_teleop:/workspaces/ros2_jazzy_docker/ros2_ws/src/install/turtlebot3_example:/workspaces/ros2_jazzy_docker/ros2_ws/src/install/turtleboot3_autonomous_nav:/workspaces/ros2_jazzy_docker/ros2_ws/src/install/turtle_py:/workspaces/ros2_jazzy_docker/ros2_ws/src/install/stage_autonomous_nav:/workspaces/ros2_jazzy_docker/ros2_ws/install/turtleboot3_autonomous_nav:/workspaces/ros2_jazzy_docker/ros2_ws/install/turtle_py:/workspaces/ros2_jazzy_docker/ros2_ws/install/stage_autonomous_nav:/opt/ros/jazzy /usr/bin/cmake /workspaces/ros2_jazzy_docker/ros2_ws/src/turtlebot3/turtlebot3_description -DCMAKE_INSTALL_PREFIX=/workspaces/ros2_jazzy_docker/ros2_ws/install/turtlebot3_description
[0.275s] DEBUG:colcon.colcon_core.event_handler.log_command:Invoking command in '/workspaces/ros2_jazzy_docker/ros2_ws/build/turtlebot3_gazebo': CMAKE_PREFIX_PATH=${CMAKE_PREFIX_PATH}:/workspaces/ros2_jazzy_docker/ros2_ws/install/turtlebot3_teleop:/workspaces/ros2_jazzy_docker/ros2_ws/install/turtlebot3_example:/workspaces/ros2_jazzy_docker/ros2_ws/src/install/turtlebot3_teleop:/workspaces/ros2_jazzy_docker/ros2_ws/src/install/turtlebot3_example:/workspaces/ros2_jazzy_docker/ros2_ws/src/install/turtleboot3_autonomous_nav:/workspaces/ros2_jazzy_docker/ros2_ws/src/install/turtle_py:/workspaces/ros2_jazzy_docker/ros2_ws/src/install/stage_autonomous_nav:/workspaces/ros2_jazzy_docker/ros2_ws/install/turtleboot3_autonomous_nav:/workspaces/ros2_jazzy_docker/ros2_ws/install/turtle_py:/workspaces/ros2_jazzy_docker/ros2_ws/install/stage_autonomous_nav:/opt/ros/jazzy /usr/bin/cmake /workspaces/ros2_jazzy_docker/ros2_ws/src/turtlebot3_simulations/turtlebot3_gazebo -DCMAKE_INSTALL_PREFIX=/workspaces/ros2_jazzy_docker/ros2_ws/install/turtlebot3_gazebo
[0.284s] DEBUG:colcon.colcon_core.event_handler.log_command:Invoking command in '/workspaces/ros2_jazzy_docker/ros2_ws/build/turtlebot3_cartographer': CMAKE_PREFIX_PATH=${CMAKE_PREFIX_PATH}:/workspaces/ros2_jazzy_docker/ros2_ws/install/turtlebot3_teleop:/workspaces/ros2_jazzy_docker/ros2_ws/install/turtlebot3_example:/workspaces/ros2_jazzy_docker/ros2_ws/src/install/turtlebot3_teleop:/workspaces/ros2_jazzy_docker/ros2_ws/src/install/turtlebot3_example:/workspaces/ros2_jazzy_docker/ros2_ws/src/install/turtleboot3_autonomous_nav:/workspaces/ros2_jazzy_docker/ros2_ws/src/install/turtle_py:/workspaces/ros2_jazzy_docker/ros2_ws/src/install/stage_autonomous_nav:/workspaces/ros2_jazzy_docker/ros2_ws/install/turtleboot3_autonomous_nav:/workspaces/ros2_jazzy_docker/ros2_ws/install/turtle_py:/workspaces/ros2_jazzy_docker/ros2_ws/install/stage_autonomous_nav:/opt/ros/jazzy /usr/bin/cmake /workspaces/ros2_jazzy_docker/ros2_ws/src/turtlebot3/turtlebot3_cartographer -DCMAKE_INSTALL_PREFIX=/workspaces/ros2_jazzy_docker/ros2_ws/install/turtlebot3_cartographer
[0.294s] DEBUG:colcon.colcon_core.event_handler.log_command:Invoking command in '/workspaces/ros2_jazzy_docker/ros2_ws/build/turtlebot3_navigation2': CMAKE_PREFIX_PATH=${CMAKE_PREFIX_PATH}:/workspaces/ros2_jazzy_docker/ros2_ws/install/turtlebot3_teleop:/workspaces/ros2_jazzy_docker/ros2_ws/install/turtlebot3_example:/workspaces/ros2_jazzy_docker/ros2_ws/src/install/turtlebot3_teleop:/workspaces/ros2_jazzy_docker/ros2_ws/src/install/turtlebot3_example:/workspaces/ros2_jazzy_docker/ros2_ws/src/install/turtleboot3_autonomous_nav:/workspaces/ros2_jazzy_docker/ros2_ws/src/install/turtle_py:/workspaces/ros2_jazzy_docker/ros2_ws/src/install/stage_autonomous_nav:/workspaces/ros2_jazzy_docker/ros2_ws/install/turtleboot3_autonomous_nav:/workspaces/ros2_jazzy_docker/ros2_ws/install/turtle_py:/workspaces/ros2_jazzy_docker/ros2_ws/install/stage_autonomous_nav:/opt/ros/jazzy /usr/bin/cmake /workspaces/ros2_jazzy_docker/ros2_ws/src/turtlebot3/turtlebot3_navigation2 -DCMAKE_INSTALL_PREFIX=/workspaces/ros2_jazzy_docker/ros2_ws/install/turtlebot3_navigation2
[0.570s] INFO:colcon.colcon_core.task.python.build:Building Python package in '/workspaces/ros2_jazzy_docker/ros2_ws/src/turtlebot3/turtlebot3_teleop'
[0.571s] INFO:colcon.colcon_core.shell:Skip shell extension 'powershell' for command environment: Not usable outside of PowerShell
[0.571s] DEBUG:colcon.colcon_core.shell:Skip shell extension 'dsv' for command environment
[0.851s] INFO:colcon.colcon_core.task.python.build:Building Python package in '/workspaces/ros2_jazzy_docker/ros2_ws/src/turtle_py'
[0.852s] INFO:colcon.colcon_core.shell:Skip shell extension 'powershell' for command environment: Not usable outside of PowerShell
[0.853s] DEBUG:colcon.colcon_core.shell:Skip shell extension 'dsv' for command environment
[1.492s] DEBUG:colcon.colcon_core.task.python.build:Available setuptools commands: develop, editable_wheel, install_egg_info, bdist, rotate, check, compile_catalog, install_scripts, build_scripts, bdist_egg, upload_docs, install_data, easy_install, extract_messages, build, bdist_dumb, dist_info, symlink_data, bdist_wheel, update_catalog, build_py, test, upload, alias, saveopts, install_lib, init_catalog, egg_info, register, sdist, build_ext, setopt, build_clib, clean, install_headers, install, bdist_rpm
[1.497s] DEBUG:colcon.colcon_core.task.python.build:Available setuptools commands: develop, editable_wheel, install_egg_info, bdist, rotate, check, compile_catalog, install_scripts, build_scripts, bdist_egg, upload_docs, install_data, easy_install, extract_messages, build, bdist_dumb, dist_info, symlink_data, bdist_wheel, update_catalog, build_py, test, upload, alias, saveopts, install_lib, init_catalog, egg_info, register, sdist, build_ext, setopt, build_clib, clean, install_headers, install, bdist_rpm
[1.499s] DEBUG:colcon.colcon_core.event_handler.log_command:Invoking command in '/workspaces/ros2_jazzy_docker/ros2_ws/src/turtlebot3/turtlebot3_teleop': PYTHONPATH=/workspaces/ros2_jazzy_docker/ros2_ws/build/turtlebot3_teleop/prefix_override:/usr/lib/python3/dist-packages/colcon_core/task/python/colcon_distutils_commands:/workspaces/ros2_jazzy_docker/ros2_ws/install/turtlebot3_teleop/lib/python3.12/site-packages:${PYTHONPATH} /usr/bin/python3 -W ignore:setup.py install is deprecated -W ignore:easy_install command is deprecated setup.py egg_info --egg-base ../../../build/turtlebot3_teleop build --build-base /workspaces/ros2_jazzy_docker/ros2_ws/build/turtlebot3_teleop/build install --record /workspaces/ros2_jazzy_docker/ros2_ws/build/turtlebot3_teleop/install.log --install-scripts $base/lib/turtlebot3_teleop --single-version-externally-managed install_data
[1.507s] DEBUG:colcon.colcon_core.event_handler.log_command:Invoking command in '/workspaces/ros2_jazzy_docker/ros2_ws/src/turtle_py': PYTHONPATH=/workspaces/ros2_jazzy_docker/ros2_ws/build/turtle_py/prefix_override:/usr/lib/python3/dist-packages/colcon_core/task/python/colcon_distutils_commands:/workspaces/ros2_jazzy_docker/ros2_ws/install/turtle_py/lib/python3.12/site-packages:${PYTHONPATH} /usr/bin/python3 -W ignore:setup.py install is deprecated -W ignore:easy_install command is deprecated setup.py egg_info --egg-base ../../build/turtle_py build --build-base /workspaces/ros2_jazzy_docker/ros2_ws/build/turtle_py/build install --record /workspaces/ros2_jazzy_docker/ros2_ws/build/turtle_py/install.log --install-scripts $base/lib/turtle_py --single-version-externally-managed install_data
[2.250s] DEBUG:colcon.colcon_core.event_handler.log_command:Invoked command in '/workspaces/ros2_jazzy_docker/ros2_ws/src/turtle_py' returned '0': PYTHONPATH=/workspaces/ros2_jazzy_docker/ros2_ws/build/turtle_py/prefix_override:/usr/lib/python3/dist-packages/colcon_core/task/python/colcon_distutils_commands:/workspaces/ros2_jazzy_docker/ros2_ws/install/turtle_py/lib/python3.12/site-packages:${PYTHONPATH} /usr/bin/python3 -W ignore:setup.py install is deprecated -W ignore:easy_install command is deprecated setup.py egg_info --egg-base ../../build/turtle_py build --build-base /workspaces/ros2_jazzy_docker/ros2_ws/build/turtle_py/build install --record /workspaces/ros2_jazzy_docker/ros2_ws/build/turtle_py/install.log --install-scripts $base/lib/turtle_py --single-version-externally-managed install_data
[2.251s] Level 1:colcon.colcon_core.environment:checking '/workspaces/ros2_jazzy_docker/ros2_ws/install/turtle_py' for CMake module files
[2.254s] Level 1:colcon.colcon_core.environment:checking '/workspaces/ros2_jazzy_docker/ros2_ws/install/turtle_py' for CMake config files
[2.260s] Level 1:colcon.colcon_core.environment:checking '/workspaces/ros2_jazzy_docker/ros2_ws/install/turtle_py/lib'
[2.260s] Level 1:colcon.colcon_core.environment:checking '/workspaces/ros2_jazzy_docker/ros2_ws/install/turtle_py/bin'
[2.261s] Level 1:colcon.colcon_core.environment:checking '/workspaces/ros2_jazzy_docker/ros2_ws/install/turtle_py/lib/pkgconfig/turtle_py.pc'
[2.261s] Level 1:colcon.colcon_core.environment:checking '/workspaces/ros2_jazzy_docker/ros2_ws/install/turtle_py/lib/python3.12/site-packages'
[2.262s] Level 1:colcon.colcon_core.shell:create_environment_hook('turtle_py', 'pythonpath')
[2.262s] INFO:colcon.colcon_core.shell:Creating environment hook '/workspaces/ros2_jazzy_docker/ros2_ws/install/turtle_py/share/turtle_py/hook/pythonpath.ps1'
[2.264s] INFO:colcon.colcon_core.shell:Creating environment descriptor '/workspaces/ros2_jazzy_docker/ros2_ws/install/turtle_py/share/turtle_py/hook/pythonpath.dsv'
[2.265s] INFO:colcon.colcon_core.shell:Creating environment hook '/workspaces/ros2_jazzy_docker/ros2_ws/install/turtle_py/share/turtle_py/hook/pythonpath.sh'
[2.267s] Level 1:colcon.colcon_core.environment:checking '/workspaces/ros2_jazzy_docker/ros2_ws/install/turtle_py/bin'
[2.268s] Level 1:colcon.colcon_core.environment:create_environment_scripts_only(turtle_py)
[2.268s] INFO:colcon.colcon_core.shell:Creating package script '/workspaces/ros2_jazzy_docker/ros2_ws/install/turtle_py/share/turtle_py/package.ps1'
[2.271s] INFO:colcon.colcon_core.shell:Creating package descriptor '/workspaces/ros2_jazzy_docker/ros2_ws/install/turtle_py/share/turtle_py/package.dsv'
[2.273s] INFO:colcon.colcon_core.shell:Creating package script '/workspaces/ros2_jazzy_docker/ros2_ws/install/turtle_py/share/turtle_py/package.sh'
[2.276s] INFO:colcon.colcon_core.shell:Creating package script '/workspaces/ros2_jazzy_docker/ros2_ws/install/turtle_py/share/turtle_py/package.bash'
[2.278s] INFO:colcon.colcon_core.shell:Creating package script '/workspaces/ros2_jazzy_docker/ros2_ws/install/turtle_py/share/turtle_py/package.zsh'
[2.280s] Level 1:colcon.colcon_core.environment:create_file_with_runtime_dependencies(/workspaces/ros2_jazzy_docker/ros2_ws/install/turtle_py/share/colcon-core/packages/turtle_py)
[2.283s] Level 1:colcon.colcon_core.environment:checking '/workspaces/ros2_jazzy_docker/ros2_ws/install/turtlebot3_teleop' for CMake module files
[2.287s] DEBUG:colcon.colcon_core.event_handler.log_command:Invoked command in '/workspaces/ros2_jazzy_docker/ros2_ws/src/turtlebot3/turtlebot3_teleop' returned '0': PYTHONPATH=/workspaces/ros2_jazzy_docker/ros2_ws/build/turtlebot3_teleop/prefix_override:/usr/lib/python3/dist-packages/colcon_core/task/python/colcon_distutils_commands:/workspaces/ros2_jazzy_docker/ros2_ws/install/turtlebot3_teleop/lib/python3.12/site-packages:${PYTHONPATH} /usr/bin/python3 -W ignore:setup.py install is deprecated -W ignore:easy_install command is deprecated setup.py egg_info --egg-base ../../../build/turtlebot3_teleop build --build-base /workspaces/ros2_jazzy_docker/ros2_ws/build/turtlebot3_teleop/build install --record /workspaces/ros2_jazzy_docker/ros2_ws/build/turtlebot3_teleop/install.log --install-scripts $base/lib/turtlebot3_teleop --single-version-externally-managed install_data
[2.289s] Level 1:colcon.colcon_core.environment:checking '/workspaces/ros2_jazzy_docker/ros2_ws/install/turtlebot3_teleop' for CMake config files
[2.302s] Level 1:colcon.colcon_core.environment:checking '/workspaces/ros2_jazzy_docker/ros2_ws/install/turtlebot3_teleop/lib'
[2.303s] Level 1:colcon.colcon_core.environment:checking '/workspaces/ros2_jazzy_docker/ros2_ws/install/turtlebot3_teleop/bin'
[2.303s] Level 1:colcon.colcon_core.environment:checking '/workspaces/ros2_jazzy_docker/ros2_ws/install/turtlebot3_teleop/lib/pkgconfig/turtlebot3_teleop.pc'
[2.304s] Level 1:colcon.colcon_core.environment:checking '/workspaces/ros2_jazzy_docker/ros2_ws/install/turtlebot3_teleop/lib/python3.12/site-packages'
[2.304s] Level 1:colcon.colcon_core.shell:create_environment_hook('turtlebot3_teleop', 'pythonpath')
[2.304s] INFO:colcon.colcon_core.shell:Creating environment hook '/workspaces/ros2_jazzy_docker/ros2_ws/install/turtlebot3_teleop/share/turtlebot3_teleop/hook/pythonpath.ps1'
[2.306s] INFO:colcon.colcon_core.shell:Creating environment descriptor '/workspaces/ros2_jazzy_docker/ros2_ws/install/turtlebot3_teleop/share/turtlebot3_teleop/hook/pythonpath.dsv'
[2.308s] INFO:colcon.colcon_core.shell:Creating environment hook '/workspaces/ros2_jazzy_docker/ros2_ws/install/turtlebot3_teleop/share/turtlebot3_teleop/hook/pythonpath.sh'
[2.311s] Level 1:colcon.colcon_core.environment:checking '/workspaces/ros2_jazzy_docker/ros2_ws/install/turtlebot3_teleop/bin'
[2.311s] Level 1:colcon.colcon_core.environment:create_environment_scripts_only(turtlebot3_teleop)
[2.312s] INFO:colcon.colcon_core.shell:Creating package script '/workspaces/ros2_jazzy_docker/ros2_ws/install/turtlebot3_teleop/share/turtlebot3_teleop/package.ps1'
[2.314s] INFO:colcon.colcon_core.shell:Creating package descriptor '/workspaces/ros2_jazzy_docker/ros2_ws/install/turtlebot3_teleop/share/turtlebot3_teleop/package.dsv'
[2.315s] INFO:colcon.colcon_core.shell:Creating package script '/workspaces/ros2_jazzy_docker/ros2_ws/install/turtlebot3_teleop/share/turtlebot3_teleop/package.sh'
[2.317s] INFO:colcon.colcon_core.shell:Creating package script '/workspaces/ros2_jazzy_docker/ros2_ws/install/turtlebot3_teleop/share/turtlebot3_teleop/package.bash'
[2.318s] INFO:colcon.colcon_core.shell:Creating package script '/workspaces/ros2_jazzy_docker/ros2_ws/install/turtlebot3_teleop/share/turtlebot3_teleop/package.zsh'
[2.319s] Level 1:colcon.colcon_core.environment:create_file_with_runtime_dependencies(/workspaces/ros2_jazzy_docker/ros2_ws/install/turtlebot3_teleop/share/colcon-core/packages/turtlebot3_teleop)
[6.636s] DEBUG:colcon.colcon_core.event_handler.log_command:Invoked command in '/workspaces/ros2_jazzy_docker/ros2_ws/build/turtlebot3_navigation2' returned '0': CMAKE_PREFIX_PATH=${CMAKE_PREFIX_PATH}:/workspaces/ros2_jazzy_docker/ros2_ws/install/turtlebot3_teleop:/workspaces/ros2_jazzy_docker/ros2_ws/install/turtlebot3_example:/workspaces/ros2_jazzy_docker/ros2_ws/src/install/turtlebot3_teleop:/workspaces/ros2_jazzy_docker/ros2_ws/src/install/turtlebot3_example:/workspaces/ros2_jazzy_docker/ros2_ws/src/install/turtleboot3_autonomous_nav:/workspaces/ros2_jazzy_docker/ros2_ws/src/install/turtle_py:/workspaces/ros2_jazzy_docker/ros2_ws/src/install/stage_autonomous_nav:/workspaces/ros2_jazzy_docker/ros2_ws/install/turtleboot3_autonomous_nav:/workspaces/ros2_jazzy_docker/ros2_ws/install/turtle_py:/workspaces/ros2_jazzy_docker/ros2_ws/install/stage_autonomous_nav:/opt/ros/jazzy /usr/bin/cmake /workspaces/ros2_jazzy_docker/ros2_ws/src/turtlebot3/turtlebot3_navigation2 -DCMAKE_INSTALL_PREFIX=/workspaces/ros2_jazzy_docker/ros2_ws/install/turtlebot3_navigation2
[6.641s] DEBUG:colcon.colcon_core.event_handler.log_command:Invoking command in '/workspaces/ros2_jazzy_docker/ros2_ws/build/turtlebot3_navigation2': CMAKE_PREFIX_PATH=${CMAKE_PREFIX_PATH}:/workspaces/ros2_jazzy_docker/ros2_ws/install/turtlebot3_teleop:/workspaces/ros2_jazzy_docker/ros2_ws/install/turtlebot3_example:/workspaces/ros2_jazzy_docker/ros2_ws/src/install/turtlebot3_teleop:/workspaces/ros2_jazzy_docker/ros2_ws/src/install/turtlebot3_example:/workspaces/ros2_jazzy_docker/ros2_ws/src/install/turtleboot3_autonomous_nav:/workspaces/ros2_jazzy_docker/ros2_ws/src/install/turtle_py:/workspaces/ros2_jazzy_docker/ros2_ws/src/install/stage_autonomous_nav:/workspaces/ros2_jazzy_docker/ros2_ws/install/turtleboot3_autonomous_nav:/workspaces/ros2_jazzy_docker/ros2_ws/install/turtle_py:/workspaces/ros2_jazzy_docker/ros2_ws/install/stage_autonomous_nav:/opt/ros/jazzy /usr/bin/cmake --build /workspaces/ros2_jazzy_docker/ros2_ws/build/turtlebot3_navigation2 -- -j12 -l12
[6.691s] DEBUG:colcon.colcon_core.event_handler.log_command:Invoked command in '/workspaces/ros2_jazzy_docker/ros2_ws/build/turtlebot3_navigation2' returned '0': CMAKE_PREFIX_PATH=${CMAKE_PREFIX_PATH}:/workspaces/ros2_jazzy_docker/ros2_ws/install/turtlebot3_teleop:/workspaces/ros2_jazzy_docker/ros2_ws/install/turtlebot3_example:/workspaces/ros2_jazzy_docker/ros2_ws/src/install/turtlebot3_teleop:/workspaces/ros2_jazzy_docker/ros2_ws/src/install/turtlebot3_example:/workspaces/ros2_jazzy_docker/ros2_ws/src/install/turtleboot3_autonomous_nav:/workspaces/ros2_jazzy_docker/ros2_ws/src/install/turtle_py:/workspaces/ros2_jazzy_docker/ros2_ws/src/install/stage_autonomous_nav:/workspaces/ros2_jazzy_docker/ros2_ws/install/turtleboot3_autonomous_nav:/workspaces/ros2_jazzy_docker/ros2_ws/install/turtle_py:/workspaces/ros2_jazzy_docker/ros2_ws/install/stage_autonomous_nav:/opt/ros/jazzy /usr/bin/cmake --build /workspaces/ros2_jazzy_docker/ros2_ws/build/turtlebot3_navigation2 -- -j12 -l12
[6.707s] DEBUG:colcon.colcon_core.event_handler.log_command:Invoking command in '/workspaces/ros2_jazzy_docker/ros2_ws/build/turtlebot3_navigation2': CMAKE_PREFIX_PATH=${CMAKE_PREFIX_PATH}:/workspaces/ros2_jazzy_docker/ros2_ws/install/turtlebot3_teleop:/workspaces/ros2_jazzy_docker/ros2_ws/install/turtlebot3_example:/workspaces/ros2_jazzy_docker/ros2_ws/src/install/turtlebot3_teleop:/workspaces/ros2_jazzy_docker/ros2_ws/src/install/turtlebot3_example:/workspaces/ros2_jazzy_docker/ros2_ws/src/install/turtleboot3_autonomous_nav:/workspaces/ros2_jazzy_docker/ros2_ws/src/install/turtle_py:/workspaces/ros2_jazzy_docker/ros2_ws/src/install/stage_autonomous_nav:/workspaces/ros2_jazzy_docker/ros2_ws/install/turtleboot3_autonomous_nav:/workspaces/ros2_jazzy_docker/ros2_ws/install/turtle_py:/workspaces/ros2_jazzy_docker/ros2_ws/install/stage_autonomous_nav:/opt/ros/jazzy /usr/bin/cmake --install /workspaces/ros2_jazzy_docker/ros2_ws/build/turtlebot3_navigation2
[6.846s] DEBUG:colcon.colcon_core.event_handler.log_command:Invoked command in '/workspaces/ros2_jazzy_docker/ros2_ws/build/stage' returned '0': /usr/bin/cmake /workspaces/ros2_jazzy_docker/ros2_ws/src/Stage -DCATKIN_INSTALL_INTO_PREFIX_ROOT=0 -DCMAKE_INSTALL_PREFIX=/workspaces/ros2_jazzy_docker/ros2_ws/install/stage
[6.863s] DEBUG:colcon.colcon_core.event_handler.log_command:Invoking command in '/workspaces/ros2_jazzy_docker/ros2_ws/build/stage': /usr/bin/cmake --build /workspaces/ros2_jazzy_docker/ros2_ws/build/stage -- -j12 -l12
[6.877s] DEBUG:colcon.colcon_core.event_handler.log_command:Invoked command in '/workspaces/ros2_jazzy_docker/ros2_ws/build/turtlebot3_cartographer' returned '0': CMAKE_PREFIX_PATH=${CMAKE_PREFIX_PATH}:/workspaces/ros2_jazzy_docker/ros2_ws/install/turtlebot3_teleop:/workspaces/ros2_jazzy_docker/ros2_ws/install/turtlebot3_example:/workspaces/ros2_jazzy_docker/ros2_ws/src/install/turtlebot3_teleop:/workspaces/ros2_jazzy_docker/ros2_ws/src/install/turtlebot3_example:/workspaces/ros2_jazzy_docker/ros2_ws/src/install/turtleboot3_autonomous_nav:/workspaces/ros2_jazzy_docker/ros2_ws/src/install/turtle_py:/workspaces/ros2_jazzy_docker/ros2_ws/src/install/stage_autonomous_nav:/workspaces/ros2_jazzy_docker/ros2_ws/install/turtleboot3_autonomous_nav:/workspaces/ros2_jazzy_docker/ros2_ws/install/turtle_py:/workspaces/ros2_jazzy_docker/ros2_ws/install/stage_autonomous_nav:/opt/ros/jazzy /usr/bin/cmake /workspaces/ros2_jazzy_docker/ros2_ws/src/turtlebot3/turtlebot3_cartographer -DCMAKE_INSTALL_PREFIX=/workspaces/ros2_jazzy_docker/ros2_ws/install/turtlebot3_cartographer
[6.883s] DEBUG:colcon.colcon_core.event_handler.log_command:Invoking command in '/workspaces/ros2_jazzy_docker/ros2_ws/build/turtlebot3_cartographer': CMAKE_PREFIX_PATH=${CMAKE_PREFIX_PATH}:/workspaces/ros2_jazzy_docker/ros2_ws/install/turtlebot3_teleop:/workspaces/ros2_jazzy_docker/ros2_ws/install/turtlebot3_example:/workspaces/ros2_jazzy_docker/ros2_ws/src/install/turtlebot3_teleop:/workspaces/ros2_jazzy_docker/ros2_ws/src/install/turtlebot3_example:/workspaces/ros2_jazzy_docker/ros2_ws/src/install/turtleboot3_autonomous_nav:/workspaces/ros2_jazzy_docker/ros2_ws/src/install/turtle_py:/workspaces/ros2_jazzy_docker/ros2_ws/src/install/stage_autonomous_nav:/workspaces/ros2_jazzy_docker/ros2_ws/install/turtleboot3_autonomous_nav:/workspaces/ros2_jazzy_docker/ros2_ws/install/turtle_py:/workspaces/ros2_jazzy_docker/ros2_ws/install/stage_autonomous_nav:/opt/ros/jazzy /usr/bin/cmake --build /workspaces/ros2_jazzy_docker/ros2_ws/build/turtlebot3_cartographer -- -j12 -l12
[6.890s] Level 1:colcon.colcon_core.environment:create_environment_scripts_only(turtlebot3_navigation2)
[6.890s] Level 1:colcon.colcon_core.environment:checking '/workspaces/ros2_jazzy_docker/ros2_ws/install/turtlebot3_navigation2' for CMake module files
[6.891s] DEBUG:colcon.colcon_core.event_handler.log_command:Invoked command in '/workspaces/ros2_jazzy_docker/ros2_ws/build/turtlebot3_navigation2' returned '0': CMAKE_PREFIX_PATH=${CMAKE_PREFIX_PATH}:/workspaces/ros2_jazzy_docker/ros2_ws/install/turtlebot3_teleop:/workspaces/ros2_jazzy_docker/ros2_ws/install/turtlebot3_example:/workspaces/ros2_jazzy_docker/ros2_ws/src/install/turtlebot3_teleop:/workspaces/ros2_jazzy_docker/ros2_ws/src/install/turtlebot3_example:/workspaces/ros2_jazzy_docker/ros2_ws/src/install/turtleboot3_autonomous_nav:/workspaces/ros2_jazzy_docker/ros2_ws/src/install/turtle_py:/workspaces/ros2_jazzy_docker/ros2_ws/src/install/stage_autonomous_nav:/workspaces/ros2_jazzy_docker/ros2_ws/install/turtleboot3_autonomous_nav:/workspaces/ros2_jazzy_docker/ros2_ws/install/turtle_py:/workspaces/ros2_jazzy_docker/ros2_ws/install/stage_autonomous_nav:/opt/ros/jazzy /usr/bin/cmake --install /workspaces/ros2_jazzy_docker/ros2_ws/build/turtlebot3_navigation2
[6.894s] Level 1:colcon.colcon_core.environment:checking '/workspaces/ros2_jazzy_docker/ros2_ws/install/turtlebot3_navigation2' for CMake config files
[6.895s] Level 1:colcon.colcon_core.shell:create_environment_hook('turtlebot3_navigation2', 'cmake_prefix_path')
[6.896s] INFO:colcon.colcon_core.shell:Creating environment hook '/workspaces/ros2_jazzy_docker/ros2_ws/install/turtlebot3_navigation2/share/turtlebot3_navigation2/hook/cmake_prefix_path.ps1'
[6.898s] INFO:colcon.colcon_core.shell:Creating environment descriptor '/workspaces/ros2_jazzy_docker/ros2_ws/install/turtlebot3_navigation2/share/turtlebot3_navigation2/hook/cmake_prefix_path.dsv'
[6.900s] INFO:colcon.colcon_core.shell:Creating environment hook '/workspaces/ros2_jazzy_docker/ros2_ws/install/turtlebot3_navigation2/share/turtlebot3_navigation2/hook/cmake_prefix_path.sh'
[6.904s] Level 1:colcon.colcon_core.environment:checking '/workspaces/ros2_jazzy_docker/ros2_ws/install/turtlebot3_navigation2/bin'
[6.904s] Level 1:colcon.colcon_core.environment:checking '/workspaces/ros2_jazzy_docker/ros2_ws/install/turtlebot3_navigation2/lib/pkgconfig/turtlebot3_navigation2.pc'
[6.905s] Level 1:colcon.colcon_core.environment:checking '/workspaces/ros2_jazzy_docker/ros2_ws/install/turtlebot3_navigation2/lib/python3.12/site-packages'
[6.906s] Level 1:colcon.colcon_core.environment:checking '/workspaces/ros2_jazzy_docker/ros2_ws/install/turtlebot3_navigation2/bin'
[6.907s] INFO:colcon.colcon_core.shell:Creating package script '/workspaces/ros2_jazzy_docker/ros2_ws/install/turtlebot3_navigation2/share/turtlebot3_navigation2/package.ps1'
[6.908s] INFO:colcon.colcon_core.shell:Creating package descriptor '/workspaces/ros2_jazzy_docker/ros2_ws/install/turtlebot3_navigation2/share/turtlebot3_navigation2/package.dsv'
[6.909s] INFO:colcon.colcon_core.shell:Creating package script '/workspaces/ros2_jazzy_docker/ros2_ws/install/turtlebot3_navigation2/share/turtlebot3_navigation2/package.sh'
[6.911s] INFO:colcon.colcon_core.shell:Creating package script '/workspaces/ros2_jazzy_docker/ros2_ws/install/turtlebot3_navigation2/share/turtlebot3_navigation2/package.bash'
[6.913s] INFO:colcon.colcon_core.shell:Creating package script '/workspaces/ros2_jazzy_docker/ros2_ws/install/turtlebot3_navigation2/share/turtlebot3_navigation2/package.zsh'
[6.914s] Level 1:colcon.colcon_core.environment:create_file_with_runtime_dependencies(/workspaces/ros2_jazzy_docker/ros2_ws/install/turtlebot3_navigation2/share/colcon-core/packages/turtlebot3_navigation2)
[6.918s] Level 1:colcon.colcon_core.environment:create_environment_scripts_only(turtlebot3_navigation2)
[6.919s] Level 1:colcon.colcon_core.environment:checking '/workspaces/ros2_jazzy_docker/ros2_ws/install/turtlebot3_navigation2' for CMake module files
[6.921s] Level 1:colcon.colcon_core.environment:checking '/workspaces/ros2_jazzy_docker/ros2_ws/install/turtlebot3_navigation2' for CMake config files
[6.924s] Level 1:colcon.colcon_core.shell:create_environment_hook('turtlebot3_navigation2', 'cmake_prefix_path')
[6.925s] INFO:colcon.colcon_core.shell:Creating environment hook '/workspaces/ros2_jazzy_docker/ros2_ws/install/turtlebot3_navigation2/share/turtlebot3_navigation2/hook/cmake_prefix_path.ps1'
[6.926s] INFO:colcon.colcon_core.shell:Creating environment descriptor '/workspaces/ros2_jazzy_docker/ros2_ws/install/turtlebot3_navigation2/share/turtlebot3_navigation2/hook/cmake_prefix_path.dsv'
[6.928s] INFO:colcon.colcon_core.shell:Creating environment hook '/workspaces/ros2_jazzy_docker/ros2_ws/install/turtlebot3_navigation2/share/turtlebot3_navigation2/hook/cmake_prefix_path.sh'
[6.932s] Level 1:colcon.colcon_core.environment:checking '/workspaces/ros2_jazzy_docker/ros2_ws/install/turtlebot3_navigation2/bin'
[6.932s] Level 1:colcon.colcon_core.environment:checking '/workspaces/ros2_jazzy_docker/ros2_ws/install/turtlebot3_navigation2/lib/pkgconfig/turtlebot3_navigation2.pc'
[6.933s] Level 1:colcon.colcon_core.environment:checking '/workspaces/ros2_jazzy_docker/ros2_ws/install/turtlebot3_navigation2/lib/python3.12/site-packages'
[6.934s] Level 1:colcon.colcon_core.environment:checking '/workspaces/ros2_jazzy_docker/ros2_ws/install/turtlebot3_navigation2/bin'
[6.935s] INFO:colcon.colcon_core.shell:Creating package script '/workspaces/ros2_jazzy_docker/ros2_ws/install/turtlebot3_navigation2/share/turtlebot3_navigation2/package.ps1'
[6.941s] INFO:colcon.colcon_core.shell:Creating package descriptor '/workspaces/ros2_jazzy_docker/ros2_ws/install/turtlebot3_navigation2/share/turtlebot3_navigation2/package.dsv'
[6.943s] INFO:colcon.colcon_core.shell:Creating package script '/workspaces/ros2_jazzy_docker/ros2_ws/install/turtlebot3_navigation2/share/turtlebot3_navigation2/package.sh'
[6.947s] INFO:colcon.colcon_core.shell:Creating package script '/workspaces/ros2_jazzy_docker/ros2_ws/install/turtlebot3_navigation2/share/turtlebot3_navigation2/package.bash'
[6.950s] INFO:colcon.colcon_core.shell:Creating package script '/workspaces/ros2_jazzy_docker/ros2_ws/install/turtlebot3_navigation2/share/turtlebot3_navigation2/package.zsh'
[6.952s] Level 1:colcon.colcon_core.environment:create_file_with_runtime_dependencies(/workspaces/ros2_jazzy_docker/ros2_ws/install/turtlebot3_navigation2/share/colcon-core/packages/turtlebot3_navigation2)
[6.960s] DEBUG:colcon.colcon_core.event_handler.log_command:Invoked command in '/workspaces/ros2_jazzy_docker/ros2_ws/build/turtlebot3_description' returned '0': CMAKE_PREFIX_PATH=${CMAKE_PREFIX_PATH}:/workspaces/ros2_jazzy_docker/ros2_ws/install/turtlebot3_teleop:/workspaces/ros2_jazzy_docker/ros2_ws/install/turtlebot3_example:/workspaces/ros2_jazzy_docker/ros2_ws/src/install/turtlebot3_teleop:/workspaces/ros2_jazzy_docker/ros2_ws/src/install/turtlebot3_example:/workspaces/ros2_jazzy_docker/ros2_ws/src/install/turtleboot3_autonomous_nav:/workspaces/ros2_jazzy_docker/ros2_ws/src/install/turtle_py:/workspaces/ros2_jazzy_docker/ros2_ws/src/install/stage_autonomous_nav:/workspaces/ros2_jazzy_docker/ros2_ws/install/turtleboot3_autonomous_nav:/workspaces/ros2_jazzy_docker/ros2_ws/install/turtle_py:/workspaces/ros2_jazzy_docker/ros2_ws/install/stage_autonomous_nav:/opt/ros/jazzy /usr/bin/cmake /workspaces/ros2_jazzy_docker/ros2_ws/src/turtlebot3/turtlebot3_description -DCMAKE_INSTALL_PREFIX=/workspaces/ros2_jazzy_docker/ros2_ws/install/turtlebot3_description
[6.967s] DEBUG:colcon.colcon_core.event_handler.log_command:Invoking command in '/workspaces/ros2_jazzy_docker/ros2_ws/build/turtlebot3_description': CMAKE_PREFIX_PATH=${CMAKE_PREFIX_PATH}:/workspaces/ros2_jazzy_docker/ros2_ws/install/turtlebot3_teleop:/workspaces/ros2_jazzy_docker/ros2_ws/install/turtlebot3_example:/workspaces/ros2_jazzy_docker/ros2_ws/src/install/turtlebot3_teleop:/workspaces/ros2_jazzy_docker/ros2_ws/src/install/turtlebot3_example:/workspaces/ros2_jazzy_docker/ros2_ws/src/install/turtleboot3_autonomous_nav:/workspaces/ros2_jazzy_docker/ros2_ws/src/install/turtle_py:/workspaces/ros2_jazzy_docker/ros2_ws/src/install/stage_autonomous_nav:/workspaces/ros2_jazzy_docker/ros2_ws/install/turtleboot3_autonomous_nav:/workspaces/ros2_jazzy_docker/ros2_ws/install/turtle_py:/workspaces/ros2_jazzy_docker/ros2_ws/install/stage_autonomous_nav:/opt/ros/jazzy /usr/bin/cmake --build /workspaces/ros2_jazzy_docker/ros2_ws/build/turtlebot3_description -- -j12 -l12
[6.969s] DEBUG:colcon.colcon_core.event_handler.log_command:Invoked command in '/workspaces/ros2_jazzy_docker/ros2_ws/build/turtlebot3_cartographer' returned '0': CMAKE_PREFIX_PATH=${CMAKE_PREFIX_PATH}:/workspaces/ros2_jazzy_docker/ros2_ws/install/turtlebot3_teleop:/workspaces/ros2_jazzy_docker/ros2_ws/install/turtlebot3_example:/workspaces/ros2_jazzy_docker/ros2_ws/src/install/turtlebot3_teleop:/workspaces/ros2_jazzy_docker/ros2_ws/src/install/turtlebot3_example:/workspaces/ros2_jazzy_docker/ros2_ws/src/install/turtleboot3_autonomous_nav:/workspaces/ros2_jazzy_docker/ros2_ws/src/install/turtle_py:/workspaces/ros2_jazzy_docker/ros2_ws/src/install/stage_autonomous_nav:/workspaces/ros2_jazzy_docker/ros2_ws/install/turtleboot3_autonomous_nav:/workspaces/ros2_jazzy_docker/ros2_ws/install/turtle_py:/workspaces/ros2_jazzy_docker/ros2_ws/install/stage_autonomous_nav:/opt/ros/jazzy /usr/bin/cmake --build /workspaces/ros2_jazzy_docker/ros2_ws/build/turtlebot3_cartographer -- -j12 -l12
[6.971s] DEBUG:colcon.colcon_core.event_handler.log_command:Invoking command in '/workspaces/ros2_jazzy_docker/ros2_ws/build/turtlebot3_cartographer': CMAKE_PREFIX_PATH=${CMAKE_PREFIX_PATH}:/workspaces/ros2_jazzy_docker/ros2_ws/install/turtlebot3_teleop:/workspaces/ros2_jazzy_docker/ros2_ws/install/turtlebot3_example:/workspaces/ros2_jazzy_docker/ros2_ws/src/install/turtlebot3_teleop:/workspaces/ros2_jazzy_docker/ros2_ws/src/install/turtlebot3_example:/workspaces/ros2_jazzy_docker/ros2_ws/src/install/turtleboot3_autonomous_nav:/workspaces/ros2_jazzy_docker/ros2_ws/src/install/turtle_py:/workspaces/ros2_jazzy_docker/ros2_ws/src/install/stage_autonomous_nav:/workspaces/ros2_jazzy_docker/ros2_ws/install/turtleboot3_autonomous_nav:/workspaces/ros2_jazzy_docker/ros2_ws/install/turtle_py:/workspaces/ros2_jazzy_docker/ros2_ws/install/stage_autonomous_nav:/opt/ros/jazzy /usr/bin/cmake --install /workspaces/ros2_jazzy_docker/ros2_ws/build/turtlebot3_cartographer
[7.075s] DEBUG:colcon.colcon_core.event_handler.log_command:Invoked command in '/workspaces/ros2_jazzy_docker/ros2_ws/build/turtlebot3_description' returned '0': CMAKE_PREFIX_PATH=${CMAKE_PREFIX_PATH}:/workspaces/ros2_jazzy_docker/ros2_ws/install/turtlebot3_teleop:/workspaces/ros2_jazzy_docker/ros2_ws/install/turtlebot3_example:/workspaces/ros2_jazzy_docker/ros2_ws/src/install/turtlebot3_teleop:/workspaces/ros2_jazzy_docker/ros2_ws/src/install/turtlebot3_example:/workspaces/ros2_jazzy_docker/ros2_ws/src/install/turtleboot3_autonomous_nav:/workspaces/ros2_jazzy_docker/ros2_ws/src/install/turtle_py:/workspaces/ros2_jazzy_docker/ros2_ws/src/install/stage_autonomous_nav:/workspaces/ros2_jazzy_docker/ros2_ws/install/turtleboot3_autonomous_nav:/workspaces/ros2_jazzy_docker/ros2_ws/install/turtle_py:/workspaces/ros2_jazzy_docker/ros2_ws/install/stage_autonomous_nav:/opt/ros/jazzy /usr/bin/cmake --build /workspaces/ros2_jazzy_docker/ros2_ws/build/turtlebot3_description -- -j12 -l12
[7.080s] DEBUG:colcon.colcon_core.event_handler.log_command:Invoking command in '/workspaces/ros2_jazzy_docker/ros2_ws/build/turtlebot3_description': CMAKE_PREFIX_PATH=${CMAKE_PREFIX_PATH}:/workspaces/ros2_jazzy_docker/ros2_ws/install/turtlebot3_teleop:/workspaces/ros2_jazzy_docker/ros2_ws/install/turtlebot3_example:/workspaces/ros2_jazzy_docker/ros2_ws/src/install/turtlebot3_teleop:/workspaces/ros2_jazzy_docker/ros2_ws/src/install/turtlebot3_example:/workspaces/ros2_jazzy_docker/ros2_ws/src/install/turtleboot3_autonomous_nav:/workspaces/ros2_jazzy_docker/ros2_ws/src/install/turtle_py:/workspaces/ros2_jazzy_docker/ros2_ws/src/install/stage_autonomous_nav:/workspaces/ros2_jazzy_docker/ros2_ws/install/turtleboot3_autonomous_nav:/workspaces/ros2_jazzy_docker/ros2_ws/install/turtle_py:/workspaces/ros2_jazzy_docker/ros2_ws/install/stage_autonomous_nav:/opt/ros/jazzy /usr/bin/cmake --install /workspaces/ros2_jazzy_docker/ros2_ws/build/turtlebot3_description
[7.122s] Level 1:colcon.colcon_core.environment:create_environment_scripts_only(turtlebot3_cartographer)
[7.122s] Level 1:colcon.colcon_core.environment:checking '/workspaces/ros2_jazzy_docker/ros2_ws/install/turtlebot3_cartographer' for CMake module files
[7.125s] DEBUG:colcon.colcon_core.event_handler.log_command:Invoked command in '/workspaces/ros2_jazzy_docker/ros2_ws/build/turtlebot3_cartographer' returned '0': CMAKE_PREFIX_PATH=${CMAKE_PREFIX_PATH}:/workspaces/ros2_jazzy_docker/ros2_ws/install/turtlebot3_teleop:/workspaces/ros2_jazzy_docker/ros2_ws/install/turtlebot3_example:/workspaces/ros2_jazzy_docker/ros2_ws/src/install/turtlebot3_teleop:/workspaces/ros2_jazzy_docker/ros2_ws/src/install/turtlebot3_example:/workspaces/ros2_jazzy_docker/ros2_ws/src/install/turtleboot3_autonomous_nav:/workspaces/ros2_jazzy_docker/ros2_ws/src/install/turtle_py:/workspaces/ros2_jazzy_docker/ros2_ws/src/install/stage_autonomous_nav:/workspaces/ros2_jazzy_docker/ros2_ws/install/turtleboot3_autonomous_nav:/workspaces/ros2_jazzy_docker/ros2_ws/install/turtle_py:/workspaces/ros2_jazzy_docker/ros2_ws/install/stage_autonomous_nav:/opt/ros/jazzy /usr/bin/cmake --install /workspaces/ros2_jazzy_docker/ros2_ws/build/turtlebot3_cartographer
[7.129s] Level 1:colcon.colcon_core.environment:checking '/workspaces/ros2_jazzy_docker/ros2_ws/install/turtlebot3_cartographer' for CMake config files
[7.133s] Level 1:colcon.colcon_core.shell:create_environment_hook('turtlebot3_cartographer', 'cmake_prefix_path')
[7.133s] INFO:colcon.colcon_core.shell:Creating environment hook '/workspaces/ros2_jazzy_docker/ros2_ws/install/turtlebot3_cartographer/share/turtlebot3_cartographer/hook/cmake_prefix_path.ps1'
[7.138s] INFO:colcon.colcon_core.shell:Creating environment descriptor '/workspaces/ros2_jazzy_docker/ros2_ws/install/turtlebot3_cartographer/share/turtlebot3_cartographer/hook/cmake_prefix_path.dsv'
[7.142s] INFO:colcon.colcon_core.shell:Creating environment hook '/workspaces/ros2_jazzy_docker/ros2_ws/install/turtlebot3_cartographer/share/turtlebot3_cartographer/hook/cmake_prefix_path.sh'
[7.150s] Level 1:colcon.colcon_core.environment:checking '/workspaces/ros2_jazzy_docker/ros2_ws/install/turtlebot3_cartographer/bin'
[7.151s] Level 1:colcon.colcon_core.environment:checking '/workspaces/ros2_jazzy_docker/ros2_ws/install/turtlebot3_cartographer/lib/pkgconfig/turtlebot3_cartographer.pc'
[7.153s] Level 1:colcon.colcon_core.environment:checking '/workspaces/ros2_jazzy_docker/ros2_ws/install/turtlebot3_cartographer/lib/python3.12/site-packages'
[7.157s] Level 1:colcon.colcon_core.environment:checking '/workspaces/ros2_jazzy_docker/ros2_ws/install/turtlebot3_cartographer/bin'
[7.159s] INFO:colcon.colcon_core.shell:Creating package script '/workspaces/ros2_jazzy_docker/ros2_ws/install/turtlebot3_cartographer/share/turtlebot3_cartographer/package.ps1'
[7.163s] INFO:colcon.colcon_core.shell:Creating package descriptor '/workspaces/ros2_jazzy_docker/ros2_ws/install/turtlebot3_cartographer/share/turtlebot3_cartographer/package.dsv'
[7.169s] INFO:colcon.colcon_core.shell:Creating package script '/workspaces/ros2_jazzy_docker/ros2_ws/install/turtlebot3_cartographer/share/turtlebot3_cartographer/package.sh'
[7.172s] INFO:colcon.colcon_core.shell:Creating package script '/workspaces/ros2_jazzy_docker/ros2_ws/install/turtlebot3_cartographer/share/turtlebot3_cartographer/package.bash'
[7.175s] INFO:colcon.colcon_core.shell:Creating package script '/workspaces/ros2_jazzy_docker/ros2_ws/install/turtlebot3_cartographer/share/turtlebot3_cartographer/package.zsh'
[7.180s] Level 1:colcon.colcon_core.environment:create_file_with_runtime_dependencies(/workspaces/ros2_jazzy_docker/ros2_ws/install/turtlebot3_cartographer/share/colcon-core/packages/turtlebot3_cartographer)
[7.189s] Level 1:colcon.colcon_core.environment:create_environment_scripts_only(turtlebot3_cartographer)
[7.190s] Level 1:colcon.colcon_core.environment:checking '/workspaces/ros2_jazzy_docker/ros2_ws/install/turtlebot3_cartographer' for CMake module files
[7.195s] Level 1:colcon.colcon_core.environment:checking '/workspaces/ros2_jazzy_docker/ros2_ws/install/turtlebot3_cartographer' for CMake config files
[7.199s] Level 1:colcon.colcon_core.shell:create_environment_hook('turtlebot3_cartographer', 'cmake_prefix_path')
[7.199s] INFO:colcon.colcon_core.shell:Creating environment hook '/workspaces/ros2_jazzy_docker/ros2_ws/install/turtlebot3_cartographer/share/turtlebot3_cartographer/hook/cmake_prefix_path.ps1'
[7.201s] INFO:colcon.colcon_core.shell:Creating environment descriptor '/workspaces/ros2_jazzy_docker/ros2_ws/install/turtlebot3_cartographer/share/turtlebot3_cartographer/hook/cmake_prefix_path.dsv'
[7.204s] INFO:colcon.colcon_core.shell:Creating environment hook '/workspaces/ros2_jazzy_docker/ros2_ws/install/turtlebot3_cartographer/share/turtlebot3_cartographer/hook/cmake_prefix_path.sh'
[7.207s] Level 1:colcon.colcon_core.environment:checking '/workspaces/ros2_jazzy_docker/ros2_ws/install/turtlebot3_cartographer/bin'
[7.207s] Level 1:colcon.colcon_core.environment:checking '/workspaces/ros2_jazzy_docker/ros2_ws/install/turtlebot3_cartographer/lib/pkgconfig/turtlebot3_cartographer.pc'
[7.208s] Level 1:colcon.colcon_core.environment:checking '/workspaces/ros2_jazzy_docker/ros2_ws/install/turtlebot3_cartographer/lib/python3.12/site-packages'
[7.210s] Level 1:colcon.colcon_core.environment:checking '/workspaces/ros2_jazzy_docker/ros2_ws/install/turtlebot3_cartographer/bin'
[7.212s] INFO:colcon.colcon_core.shell:Creating package script '/workspaces/ros2_jazzy_docker/ros2_ws/install/turtlebot3_cartographer/share/turtlebot3_cartographer/package.ps1'
[7.216s] INFO:colcon.colcon_core.shell:Creating package descriptor '/workspaces/ros2_jazzy_docker/ros2_ws/install/turtlebot3_cartographer/share/turtlebot3_cartographer/package.dsv'
[7.219s] INFO:colcon.colcon_core.shell:Creating package script '/workspaces/ros2_jazzy_docker/ros2_ws/install/turtlebot3_cartographer/share/turtlebot3_cartographer/package.sh'
[7.220s] INFO:colcon.colcon_core.shell:Creating package script '/workspaces/ros2_jazzy_docker/ros2_ws/install/turtlebot3_cartographer/share/turtlebot3_cartographer/package.bash'
[7.223s] INFO:colcon.colcon_core.shell:Creating package script '/workspaces/ros2_jazzy_docker/ros2_ws/install/turtlebot3_cartographer/share/turtlebot3_cartographer/package.zsh'
[7.226s] Level 1:colcon.colcon_core.environment:create_file_with_runtime_dependencies(/workspaces/ros2_jazzy_docker/ros2_ws/install/turtlebot3_cartographer/share/colcon-core/packages/turtlebot3_cartographer)
[8.907s] Level 1:colcon.colcon_core.environment:create_environment_scripts_only(turtlebot3_description)
[8.909s] Level 1:colcon.colcon_core.environment:checking '/workspaces/ros2_jazzy_docker/ros2_ws/install/turtlebot3_description' for CMake module files
[8.911s] DEBUG:colcon.colcon_core.event_handler.log_command:Invoked command in '/workspaces/ros2_jazzy_docker/ros2_ws/build/turtlebot3_description' returned '0': CMAKE_PREFIX_PATH=${CMAKE_PREFIX_PATH}:/workspaces/ros2_jazzy_docker/ros2_ws/install/turtlebot3_teleop:/workspaces/ros2_jazzy_docker/ros2_ws/install/turtlebot3_example:/workspaces/ros2_jazzy_docker/ros2_ws/src/install/turtlebot3_teleop:/workspaces/ros2_jazzy_docker/ros2_ws/src/install/turtlebot3_example:/workspaces/ros2_jazzy_docker/ros2_ws/src/install/turtleboot3_autonomous_nav:/workspaces/ros2_jazzy_docker/ros2_ws/src/install/turtle_py:/workspaces/ros2_jazzy_docker/ros2_ws/src/install/stage_autonomous_nav:/workspaces/ros2_jazzy_docker/ros2_ws/install/turtleboot3_autonomous_nav:/workspaces/ros2_jazzy_docker/ros2_ws/install/turtle_py:/workspaces/ros2_jazzy_docker/ros2_ws/install/stage_autonomous_nav:/opt/ros/jazzy /usr/bin/cmake --install /workspaces/ros2_jazzy_docker/ros2_ws/build/turtlebot3_description
[8.927s] Level 1:colcon.colcon_core.environment:checking '/workspaces/ros2_jazzy_docker/ros2_ws/install/turtlebot3_description' for CMake config files
[8.931s] Level 1:colcon.colcon_core.shell:create_environment_hook('turtlebot3_description', 'cmake_prefix_path')
[8.932s] INFO:colcon.colcon_core.shell:Creating environment hook '/workspaces/ros2_jazzy_docker/ros2_ws/install/turtlebot3_description/share/turtlebot3_description/hook/cmake_prefix_path.ps1'
[8.937s] INFO:colcon.colcon_core.shell:Creating environment descriptor '/workspaces/ros2_jazzy_docker/ros2_ws/install/turtlebot3_description/share/turtlebot3_description/hook/cmake_prefix_path.dsv'
[8.944s] INFO:colcon.colcon_core.shell:Creating environment hook '/workspaces/ros2_jazzy_docker/ros2_ws/install/turtlebot3_description/share/turtlebot3_description/hook/cmake_prefix_path.sh'
[8.957s] Level 1:colcon.colcon_core.environment:checking '/workspaces/ros2_jazzy_docker/ros2_ws/install/turtlebot3_description/bin'
[8.960s] Level 1:colcon.colcon_core.environment:checking '/workspaces/ros2_jazzy_docker/ros2_ws/install/turtlebot3_description/lib/pkgconfig/turtlebot3_description.pc'
[8.961s] Level 1:colcon.colcon_core.environment:checking '/workspaces/ros2_jazzy_docker/ros2_ws/install/turtlebot3_description/lib/python3.12/site-packages'
[8.965s] Level 1:colcon.colcon_core.environment:checking '/workspaces/ros2_jazzy_docker/ros2_ws/install/turtlebot3_description/bin'
[8.969s] INFO:colcon.colcon_core.shell:Creating package script '/workspaces/ros2_jazzy_docker/ros2_ws/install/turtlebot3_description/share/turtlebot3_description/package.ps1'
[8.974s] INFO:colcon.colcon_core.shell:Creating package descriptor '/workspaces/ros2_jazzy_docker/ros2_ws/install/turtlebot3_description/share/turtlebot3_description/package.dsv'
[8.979s] INFO:colcon.colcon_core.shell:Creating package script '/workspaces/ros2_jazzy_docker/ros2_ws/install/turtlebot3_description/share/turtlebot3_description/package.sh'
[8.984s] INFO:colcon.colcon_core.shell:Creating package script '/workspaces/ros2_jazzy_docker/ros2_ws/install/turtlebot3_description/share/turtlebot3_description/package.bash'
[8.989s] INFO:colcon.colcon_core.shell:Creating package script '/workspaces/ros2_jazzy_docker/ros2_ws/install/turtlebot3_description/share/turtlebot3_description/package.zsh'
[8.992s] Level 1:colcon.colcon_core.environment:create_file_with_runtime_dependencies(/workspaces/ros2_jazzy_docker/ros2_ws/install/turtlebot3_description/share/colcon-core/packages/turtlebot3_description)
[9.011s] Level 1:colcon.colcon_core.environment:create_environment_scripts_only(turtlebot3_description)
[9.012s] Level 1:colcon.colcon_core.environment:checking '/workspaces/ros2_jazzy_docker/ros2_ws/install/turtlebot3_description' for CMake module files
[9.048s] Level 1:colcon.colcon_core.environment:checking '/workspaces/ros2_jazzy_docker/ros2_ws/install/turtlebot3_description' for CMake config files
[9.089s] Level 1:colcon.colcon_core.shell:create_environment_hook('turtlebot3_description', 'cmake_prefix_path')
[9.090s] INFO:colcon.colcon_core.shell:Creating environment hook '/workspaces/ros2_jazzy_docker/ros2_ws/install/turtlebot3_description/share/turtlebot3_description/hook/cmake_prefix_path.ps1'
[9.098s] INFO:colcon.colcon_core.shell:Creating environment descriptor '/workspaces/ros2_jazzy_docker/ros2_ws/install/turtlebot3_description/share/turtlebot3_description/hook/cmake_prefix_path.dsv'
[9.105s] INFO:colcon.colcon_core.shell:Creating environment hook '/workspaces/ros2_jazzy_docker/ros2_ws/install/turtlebot3_description/share/turtlebot3_description/hook/cmake_prefix_path.sh'
[9.111s] Level 1:colcon.colcon_core.environment:checking '/workspaces/ros2_jazzy_docker/ros2_ws/install/turtlebot3_description/bin'
[9.112s] Level 1:colcon.colcon_core.environment:checking '/workspaces/ros2_jazzy_docker/ros2_ws/install/turtlebot3_description/lib/pkgconfig/turtlebot3_description.pc'
[9.113s] Level 1:colcon.colcon_core.environment:checking '/workspaces/ros2_jazzy_docker/ros2_ws/install/turtlebot3_description/lib/python3.12/site-packages'
[9.115s] Level 1:colcon.colcon_core.environment:checking '/workspaces/ros2_jazzy_docker/ros2_ws/install/turtlebot3_description/bin'
[9.116s] INFO:colcon.colcon_core.shell:Creating package script '/workspaces/ros2_jazzy_docker/ros2_ws/install/turtlebot3_description/share/turtlebot3_description/package.ps1'
[9.122s] INFO:colcon.colcon_core.shell:Creating package descriptor '/workspaces/ros2_jazzy_docker/ros2_ws/install/turtlebot3_description/share/turtlebot3_description/package.dsv'
[9.128s] INFO:colcon.colcon_core.shell:Creating package script '/workspaces/ros2_jazzy_docker/ros2_ws/install/turtlebot3_description/share/turtlebot3_description/package.sh'
[9.134s] INFO:colcon.colcon_core.shell:Creating package script '/workspaces/ros2_jazzy_docker/ros2_ws/install/turtlebot3_description/share/turtlebot3_description/package.bash'
[9.144s] INFO:colcon.colcon_core.shell:Creating package script '/workspaces/ros2_jazzy_docker/ros2_ws/install/turtlebot3_description/share/turtlebot3_description/package.zsh'
[9.152s] Level 1:colcon.colcon_core.environment:create_file_with_runtime_dependencies(/workspaces/ros2_jazzy_docker/ros2_ws/install/turtlebot3_description/share/colcon-core/packages/turtlebot3_description)
[12.108s] DEBUG:colcon.colcon_core.event_handler.log_command:Invoked command in '/workspaces/ros2_jazzy_docker/ros2_ws/build/stage' returned '0': /usr/bin/cmake --build /workspaces/ros2_jazzy_docker/ros2_ws/build/stage -- -j12 -l12
[12.113s] DEBUG:colcon.colcon_core.event_handler.log_command:Invoking command in '/workspaces/ros2_jazzy_docker/ros2_ws/build/stage': /usr/bin/cmake --install /workspaces/ros2_jazzy_docker/ros2_ws/build/stage
[12.343s] DEBUG:colcon.colcon_core.event_handler.log_command:Invoked command in '/workspaces/ros2_jazzy_docker/ros2_ws/build/stage' returned '0': /usr/bin/cmake --install /workspaces/ros2_jazzy_docker/ros2_ws/build/stage
[12.343s] Level 1:colcon.colcon_core.shell:create_environment_hook('stage', 'ros_package_path')
[12.344s] INFO:colcon.colcon_core.shell:Creating environment hook '/workspaces/ros2_jazzy_docker/ros2_ws/install/stage/share/stage/hook/ros_package_path.ps1'
[12.345s] INFO:colcon.colcon_core.shell:Creating environment descriptor '/workspaces/ros2_jazzy_docker/ros2_ws/install/stage/share/stage/hook/ros_package_path.dsv'
[12.345s] INFO:colcon.colcon_core.shell:Creating environment hook '/workspaces/ros2_jazzy_docker/ros2_ws/install/stage/share/stage/hook/ros_package_path.sh'
[12.346s] Level 1:colcon.colcon_core.shell:create_environment_hook('stage', 'pkg_config_path')
[12.347s] INFO:colcon.colcon_core.shell:Creating environment hook '/workspaces/ros2_jazzy_docker/ros2_ws/install/stage/share/stage/hook/pkg_config_path.ps1'
[12.348s] INFO:colcon.colcon_core.shell:Creating environment descriptor '/workspaces/ros2_jazzy_docker/ros2_ws/install/stage/share/stage/hook/pkg_config_path.dsv'
[12.349s] INFO:colcon.colcon_core.shell:Creating environment hook '/workspaces/ros2_jazzy_docker/ros2_ws/install/stage/share/stage/hook/pkg_config_path.sh'
[12.352s] Level 1:colcon.colcon_core.shell:create_environment_hook('stage', 'pkg_config_path_multiarch')
[12.352s] INFO:colcon.colcon_core.shell:Creating environment hook '/workspaces/ros2_jazzy_docker/ros2_ws/install/stage/share/stage/hook/pkg_config_path_multiarch.ps1'
[12.353s] INFO:colcon.colcon_core.shell:Creating environment descriptor '/workspaces/ros2_jazzy_docker/ros2_ws/install/stage/share/stage/hook/pkg_config_path_multiarch.dsv'
[12.354s] INFO:colcon.colcon_core.shell:Creating environment hook '/workspaces/ros2_jazzy_docker/ros2_ws/install/stage/share/stage/hook/pkg_config_path_multiarch.sh'
[12.356s] Level 1:colcon.colcon_core.environment:create_environment_scripts_only(stage)
[12.356s] Level 1:colcon.colcon_core.environment:checking '/workspaces/ros2_jazzy_docker/ros2_ws/install/stage' for CMake module files
[12.358s] Level 1:colcon.colcon_core.environment:checking '/workspaces/ros2_jazzy_docker/ros2_ws/install/stage' for CMake config files
[12.360s] Level 1:colcon.colcon_core.shell:create_environment_hook('stage', 'cmake_prefix_path')
[12.360s] INFO:colcon.colcon_core.shell:Creating environment hook '/workspaces/ros2_jazzy_docker/ros2_ws/install/stage/share/stage/hook/cmake_prefix_path.ps1'
[12.361s] INFO:colcon.colcon_core.shell:Creating environment descriptor '/workspaces/ros2_jazzy_docker/ros2_ws/install/stage/share/stage/hook/cmake_prefix_path.dsv'
[12.362s] INFO:colcon.colcon_core.shell:Creating environment hook '/workspaces/ros2_jazzy_docker/ros2_ws/install/stage/share/stage/hook/cmake_prefix_path.sh'
[12.363s] Level 1:colcon.colcon_core.environment:checking '/workspaces/ros2_jazzy_docker/ros2_ws/install/stage/lib'
[12.363s] Level 1:colcon.colcon_core.shell:create_environment_hook('stage', 'ld_library_path_lib')
[12.364s] INFO:colcon.colcon_core.shell:Creating environment hook '/workspaces/ros2_jazzy_docker/ros2_ws/install/stage/share/stage/hook/ld_library_path_lib.ps1'
[12.364s] INFO:colcon.colcon_core.shell:Creating environment descriptor '/workspaces/ros2_jazzy_docker/ros2_ws/install/stage/share/stage/hook/ld_library_path_lib.dsv'
[12.365s] INFO:colcon.colcon_core.shell:Creating environment hook '/workspaces/ros2_jazzy_docker/ros2_ws/install/stage/share/stage/hook/ld_library_path_lib.sh'
[12.366s] Level 1:colcon.colcon_core.environment:checking '/workspaces/ros2_jazzy_docker/ros2_ws/install/stage/bin'
[12.366s] Level 1:colcon.colcon_core.shell:create_environment_hook('stage', 'path')
[12.366s] INFO:colcon.colcon_core.shell:Creating environment hook '/workspaces/ros2_jazzy_docker/ros2_ws/install/stage/share/stage/hook/path.ps1'
[12.367s] INFO:colcon.colcon_core.shell:Creating environment descriptor '/workspaces/ros2_jazzy_docker/ros2_ws/install/stage/share/stage/hook/path.dsv'
[12.368s] INFO:colcon.colcon_core.shell:Creating environment hook '/workspaces/ros2_jazzy_docker/ros2_ws/install/stage/share/stage/hook/path.sh'
[12.369s] Level 1:colcon.colcon_core.environment:checking '/workspaces/ros2_jazzy_docker/ros2_ws/install/stage/lib/pkgconfig/stage.pc'
[12.369s] Level 1:colcon.colcon_core.shell:create_environment_hook('stage', 'pkg_config')
[12.369s] INFO:colcon.colcon_core.shell:Creating environment hook '/workspaces/ros2_jazzy_docker/ros2_ws/install/stage/share/stage/hook/pkg_config.ps1'
[12.370s] INFO:colcon.colcon_core.shell:Creating environment descriptor '/workspaces/ros2_jazzy_docker/ros2_ws/install/stage/share/stage/hook/pkg_config.dsv'
[12.371s] INFO:colcon.colcon_core.shell:Creating environment hook '/workspaces/ros2_jazzy_docker/ros2_ws/install/stage/share/stage/hook/pkg_config.sh'
[12.372s] Level 1:colcon.colcon_core.environment:checking '/workspaces/ros2_jazzy_docker/ros2_ws/install/stage/lib/python3.12/site-packages'
[12.373s] Level 1:colcon.colcon_core.environment:checking '/workspaces/ros2_jazzy_docker/ros2_ws/install/stage/bin'
[12.373s] Level 1:colcon.colcon_core.shell:create_environment_hook('stage', 'pythonscriptspath')
[12.373s] INFO:colcon.colcon_core.shell:Creating environment hook '/workspaces/ros2_jazzy_docker/ros2_ws/install/stage/share/stage/hook/pythonscriptspath.ps1'
[12.374s] INFO:colcon.colcon_core.shell:Creating environment descriptor '/workspaces/ros2_jazzy_docker/ros2_ws/install/stage/share/stage/hook/pythonscriptspath.dsv'
[12.375s] INFO:colcon.colcon_core.shell:Creating environment hook '/workspaces/ros2_jazzy_docker/ros2_ws/install/stage/share/stage/hook/pythonscriptspath.sh'
[12.376s] INFO:colcon.colcon_core.shell:Creating package script '/workspaces/ros2_jazzy_docker/ros2_ws/install/stage/share/stage/package.ps1'
[12.377s] INFO:colcon.colcon_core.shell:Creating package descriptor '/workspaces/ros2_jazzy_docker/ros2_ws/install/stage/share/stage/package.dsv'
[12.378s] INFO:colcon.colcon_core.shell:Creating package script '/workspaces/ros2_jazzy_docker/ros2_ws/install/stage/share/stage/package.sh'
[12.379s] INFO:colcon.colcon_core.shell:Creating package script '/workspaces/ros2_jazzy_docker/ros2_ws/install/stage/share/stage/package.bash'
[12.379s] INFO:colcon.colcon_core.shell:Creating package script '/workspaces/ros2_jazzy_docker/ros2_ws/install/stage/share/stage/package.zsh'
[12.380s] Level 1:colcon.colcon_core.environment:create_file_with_runtime_dependencies(/workspaces/ros2_jazzy_docker/ros2_ws/install/stage/share/colcon-core/packages/stage)
[12.382s] INFO:colcon.colcon_ros.task.ament_cmake.build:Building ROS package in '/workspaces/ros2_jazzy_docker/ros2_ws/src/stage_ros2' with build type 'ament_cmake'
[12.382s] INFO:colcon.colcon_cmake.task.cmake.build:Building CMake package in '/workspaces/ros2_jazzy_docker/ros2_ws/src/stage_ros2'
[12.382s] INFO:colcon.colcon_core.shell:Skip shell extension 'powershell' for command environment: Not usable outside of PowerShell
[12.382s] DEBUG:colcon.colcon_core.shell:Skip shell extension 'dsv' for command environment
[12.417s] DEBUG:colcon.colcon_core.event_handler.log_command:Invoking command in '/workspaces/ros2_jazzy_docker/ros2_ws/build/stage_ros2': CMAKE_PREFIX_PATH=/workspaces/ros2_jazzy_docker/ros2_ws/install/turtlebot3_teleop:/workspaces/ros2_jazzy_docker/ros2_ws/install/turtlebot3_example:/workspaces/ros2_jazzy_docker/ros2_ws/src/install/turtlebot3_teleop:/workspaces/ros2_jazzy_docker/ros2_ws/src/install/turtlebot3_example:/workspaces/ros2_jazzy_docker/ros2_ws/src/install/turtleboot3_autonomous_nav:/workspaces/ros2_jazzy_docker/ros2_ws/src/install/turtle_py:/workspaces/ros2_jazzy_docker/ros2_ws/src/install/stage_autonomous_nav:/workspaces/ros2_jazzy_docker/ros2_ws/install/turtleboot3_autonomous_nav:/workspaces/ros2_jazzy_docker/ros2_ws/install/turtle_py:/workspaces/ros2_jazzy_docker/ros2_ws/install/stage_autonomous_nav:/opt/ros/jazzy:/workspaces/ros2_jazzy_docker/ros2_ws/install/stage:/workspaces/ros2_jazzy_docker/ros2_ws/install/turtlebot3:/workspaces/ros2_jazzy_docker/ros2_ws/install/turtlebot3_simulations:/workspaces/ros2_jazzy_docker/ros2_ws/install/turtlebot3_bringup:/workspaces/ros2_jazzy_docker/ros2_ws/install/turtlebot3_node:/workspaces/ros2_jazzy_docker/ros2_ws/install/turtlebot3_navigation2:/workspaces/ros2_jazzy_docker/ros2_ws/install/turtlebot3_fake_node:/workspaces/ros2_jazzy_docker/ros2_ws/install/turtlebot3_msgs:/workspaces/ros2_jazzy_docker/ros2_ws/install/turtlebot3_gazebo:/workspaces/ros2_jazzy_docker/ros2_ws/install/turtlebot3_description:/workspaces/ros2_jazzy_docker/ros2_ws/install/turtlebot3_cartographer:/workspaces/ros2_jazzy_docker/ros2_ws/src/install/turtlebot3:/workspaces/ros2_jazzy_docker/ros2_ws/src/install/turtlebot3_simulations:/workspaces/ros2_jazzy_docker/ros2_ws/src/install/turtlebot3_bringup:/workspaces/ros2_jazzy_docker/ros2_ws/src/install/turtlebot3_node:/workspaces/ros2_jazzy_docker/ros2_ws/src/install/turtlebot3_navigation2:/workspaces/ros2_jazzy_docker/ros2_ws/src/install/turtlebot3_fake_node:/workspaces/ros2_jazzy_docker/ros2_ws/src/install/turtlebot3_msgs:/workspaces/ros2_jazzy_docker/ros2_ws/src/install/turtlebot3_gazebo:/workspaces/ros2_jazzy_docker/ros2_ws/src/install/turtlebot3_description:/workspaces/ros2_jazzy_docker/ros2_ws/src/install/turtlebot3_cartographer:/workspaces/ros2_jazzy_docker/ros2_ws/src/install/stage_ros2:/workspaces/ros2_jazzy_docker/ros2_ws/src/install/stage:/workspaces/ros2_jazzy_docker/ros2_ws/install/stage_ros2:/opt/ros/jazzy/opt/gz_sim_vendor:/opt/ros/jazzy/opt/gz_sensors_vendor:/opt/ros/jazzy/opt/gz_physics_vendor:/opt/ros/jazzy/opt/sdformat_vendor:/opt/ros/jazzy/opt/gz_gui_vendor:/opt/ros/jazzy/opt/gz_transport_vendor:/opt/ros/jazzy/opt/gz_rendering_vendor:/opt/ros/jazzy/opt/gz_plugin_vendor:/opt/ros/jazzy/opt/gz_fuel_tools_vendor:/opt/ros/jazzy/opt/gz_msgs_vendor:/opt/ros/jazzy/opt/gz_common_vendor:/opt/ros/jazzy/opt/gz_math_vendor:/opt/ros/jazzy/opt/gz_utils_vendor:/opt/ros/jazzy/opt/gz_tools_vendor:/opt/ros/jazzy/opt/gz_ogre_next_vendor:/opt/ros/jazzy/opt/gz_dartsim_vendor:/opt/ros/jazzy/opt/gz_cmake_vendor LD_LIBRARY_PATH=/workspaces/ros2_jazzy_docker/ros2_ws/install/stage/lib:/workspaces/ros2_jazzy_docker/ros2_ws/install/turtlebot3_msgs/lib:/workspaces/ros2_jazzy_docker/ros2_ws/src/install/turtlebot3_msgs/lib:/workspaces/ros2_jazzy_docker/ros2_ws/src/install/stage_ros2/lib:/workspaces/ros2_jazzy_docker/ros2_ws/src/install/stage/lib:/workspaces/ros2_jazzy_docker/ros2_ws/install/stage_ros2/lib:/opt/ros/jazzy/opt/gz_sim_vendor/lib:/opt/ros/jazzy/opt/gz_sensors_vendor/lib:/opt/ros/jazzy/opt/gz_physics_vendor/lib:/opt/ros/jazzy/opt/sdformat_vendor/lib:/opt/ros/jazzy/opt/rviz_ogre_vendor/lib:/opt/ros/jazzy/lib/aarch64-linux-gnu:/opt/ros/jazzy/opt/gz_gui_vendor/lib:/opt/ros/jazzy/opt/gz_transport_vendor/lib:/opt/ros/jazzy/opt/gz_rendering_vendor/lib:/opt/ros/jazzy/opt/gz_plugin_vendor/lib:/opt/ros/jazzy/opt/gz_fuel_tools_vendor/lib:/opt/ros/jazzy/opt/gz_msgs_vendor/lib:/opt/ros/jazzy/opt/gz_common_vendor/lib:/opt/ros/jazzy/opt/gz_math_vendor/lib:/opt/ros/jazzy/opt/gz_utils_vendor/lib:/opt/ros/jazzy/opt/gz_tools_vendor/lib:/opt/ros/jazzy/opt/gz_ogre_next_vendor/lib:/opt/ros/jazzy/opt/gz_dartsim_vendor/lib:/opt/ros/jazzy/opt/gz_cmake_vendor/lib:/opt/ros/jazzy/lib PATH=/workspaces/ros2_jazzy_docker/ros2_ws/install/stage/bin:/workspaces/ros2_jazzy_docker/ros2_ws/src/install/stage/bin:/opt/ros/jazzy/opt/gz_msgs_vendor/bin:/opt/ros/jazzy/opt/gz_tools_vendor/bin:/opt/ros/jazzy/opt/gz_ogre_next_vendor/bin:/opt/ros/jazzy/bin:/home/ros/.vscode-server/data/User/globalStorage/github.copilot-chat/debugCommand:/home/ros/.vscode-server/data/User/globalStorage/github.copilot-chat/copilotCli:/vscode/vscode-server/bin/linux-arm64/a44adf7f53e00964ab890f9f8758a334f1fc15bc/bin/remote-cli:/usr/local/sbin:/usr/local/bin:/usr/sbin:/usr/bin:/sbin:/bin:/home/ros/.vscode-server/extensions/ms-python.debugpy-2026.6.0-linux-arm64/bundled/scripts/noConfigScripts PKG_CONFIG_PATH=/workspaces/ros2_jazzy_docker/ros2_ws/install/stage/lib/aarch64-linux-gnu/pkgconfig:/workspaces/ros2_jazzy_docker/ros2_ws/install/stage/lib/pkgconfig:/workspaces/ros2_jazzy_docker/ros2_ws/src/install/stage/lib/aarch64-linux-gnu/pkgconfig:/workspaces/ros2_jazzy_docker/ros2_ws/src/install/stage/lib/pkgconfig ROS_PACKAGE_PATH=/workspaces/ros2_jazzy_docker/ros2_ws/install/stage/share:/workspaces/ros2_jazzy_docker/ros2_ws/src/install/stage/share /usr/bin/cmake /workspaces/ros2_jazzy_docker/ros2_ws/src/stage_ros2 -DCMAKE_INSTALL_PREFIX=/workspaces/ros2_jazzy_docker/ros2_ws/install/stage_ros2
[13.104s] DEBUG:colcon.colcon_core.event_handler.log_command:Invoked command in '/workspaces/ros2_jazzy_docker/ros2_ws/build/turtlebot3_msgs' returned '0': CMAKE_PREFIX_PATH=${CMAKE_PREFIX_PATH}:/workspaces/ros2_jazzy_docker/ros2_ws/install/turtlebot3_teleop:/workspaces/ros2_jazzy_docker/ros2_ws/install/turtlebot3_example:/workspaces/ros2_jazzy_docker/ros2_ws/src/install/turtlebot3_teleop:/workspaces/ros2_jazzy_docker/ros2_ws/src/install/turtlebot3_example:/workspaces/ros2_jazzy_docker/ros2_ws/src/install/turtleboot3_autonomous_nav:/workspaces/ros2_jazzy_docker/ros2_ws/src/install/turtle_py:/workspaces/ros2_jazzy_docker/ros2_ws/src/install/stage_autonomous_nav:/workspaces/ros2_jazzy_docker/ros2_ws/install/turtleboot3_autonomous_nav:/workspaces/ros2_jazzy_docker/ros2_ws/install/turtle_py:/workspaces/ros2_jazzy_docker/ros2_ws/install/stage_autonomous_nav:/opt/ros/jazzy /usr/bin/cmake /workspaces/ros2_jazzy_docker/ros2_ws/src/turtlebot3_msgs -DCMAKE_INSTALL_PREFIX=/workspaces/ros2_jazzy_docker/ros2_ws/install/turtlebot3_msgs
[13.107s] DEBUG:colcon.colcon_core.event_handler.log_command:Invoking command in '/workspaces/ros2_jazzy_docker/ros2_ws/build/turtlebot3_msgs': CMAKE_PREFIX_PATH=${CMAKE_PREFIX_PATH}:/workspaces/ros2_jazzy_docker/ros2_ws/install/turtlebot3_teleop:/workspaces/ros2_jazzy_docker/ros2_ws/install/turtlebot3_example:/workspaces/ros2_jazzy_docker/ros2_ws/src/install/turtlebot3_teleop:/workspaces/ros2_jazzy_docker/ros2_ws/src/install/turtlebot3_example:/workspaces/ros2_jazzy_docker/ros2_ws/src/install/turtleboot3_autonomous_nav:/workspaces/ros2_jazzy_docker/ros2_ws/src/install/turtle_py:/workspaces/ros2_jazzy_docker/ros2_ws/src/install/stage_autonomous_nav:/workspaces/ros2_jazzy_docker/ros2_ws/install/turtleboot3_autonomous_nav:/workspaces/ros2_jazzy_docker/ros2_ws/install/turtle_py:/workspaces/ros2_jazzy_docker/ros2_ws/install/stage_autonomous_nav:/opt/ros/jazzy /usr/bin/cmake --build /workspaces/ros2_jazzy_docker/ros2_ws/build/turtlebot3_msgs -- -j12 -l12
[15.735s] DEBUG:colcon.colcon_core.event_handler.log_command:Invoked command in '/workspaces/ros2_jazzy_docker/ros2_ws/build/turtlebot3_gazebo' returned '0': CMAKE_PREFIX_PATH=${CMAKE_PREFIX_PATH}:/workspaces/ros2_jazzy_docker/ros2_ws/install/turtlebot3_teleop:/workspaces/ros2_jazzy_docker/ros2_ws/install/turtlebot3_example:/workspaces/ros2_jazzy_docker/ros2_ws/src/install/turtlebot3_teleop:/workspaces/ros2_jazzy_docker/ros2_ws/src/install/turtlebot3_example:/workspaces/ros2_jazzy_docker/ros2_ws/src/install/turtleboot3_autonomous_nav:/workspaces/ros2_jazzy_docker/ros2_ws/src/install/turtle_py:/workspaces/ros2_jazzy_docker/ros2_ws/src/install/stage_autonomous_nav:/workspaces/ros2_jazzy_docker/ros2_ws/install/turtleboot3_autonomous_nav:/workspaces/ros2_jazzy_docker/ros2_ws/install/turtle_py:/workspaces/ros2_jazzy_docker/ros2_ws/install/stage_autonomous_nav:/opt/ros/jazzy /usr/bin/cmake /workspaces/ros2_jazzy_docker/ros2_ws/src/turtlebot3_simulations/turtlebot3_gazebo -DCMAKE_INSTALL_PREFIX=/workspaces/ros2_jazzy_docker/ros2_ws/install/turtlebot3_gazebo
[15.739s] DEBUG:colcon.colcon_core.event_handler.log_command:Invoking command in '/workspaces/ros2_jazzy_docker/ros2_ws/build/turtlebot3_gazebo': CMAKE_PREFIX_PATH=${CMAKE_PREFIX_PATH}:/workspaces/ros2_jazzy_docker/ros2_ws/install/turtlebot3_teleop:/workspaces/ros2_jazzy_docker/ros2_ws/install/turtlebot3_example:/workspaces/ros2_jazzy_docker/ros2_ws/src/install/turtlebot3_teleop:/workspaces/ros2_jazzy_docker/ros2_ws/src/install/turtlebot3_example:/workspaces/ros2_jazzy_docker/ros2_ws/src/install/turtleboot3_autonomous_nav:/workspaces/ros2_jazzy_docker/ros2_ws/src/install/turtle_py:/workspaces/ros2_jazzy_docker/ros2_ws/src/install/stage_autonomous_nav:/workspaces/ros2_jazzy_docker/ros2_ws/install/turtleboot3_autonomous_nav:/workspaces/ros2_jazzy_docker/ros2_ws/install/turtle_py:/workspaces/ros2_jazzy_docker/ros2_ws/install/stage_autonomous_nav:/opt/ros/jazzy /usr/bin/cmake --build /workspaces/ros2_jazzy_docker/ros2_ws/build/turtlebot3_gazebo -- -j12 -l12
[18.450s] DEBUG:colcon.colcon_core.event_handler.log_command:Invoked command in '/workspaces/ros2_jazzy_docker/ros2_ws/build/stage_ros2' returned '0': CMAKE_PREFIX_PATH=/workspaces/ros2_jazzy_docker/ros2_ws/install/turtlebot3_teleop:/workspaces/ros2_jazzy_docker/ros2_ws/install/turtlebot3_example:/workspaces/ros2_jazzy_docker/ros2_ws/src/install/turtlebot3_teleop:/workspaces/ros2_jazzy_docker/ros2_ws/src/install/turtlebot3_example:/workspaces/ros2_jazzy_docker/ros2_ws/src/install/turtleboot3_autonomous_nav:/workspaces/ros2_jazzy_docker/ros2_ws/src/install/turtle_py:/workspaces/ros2_jazzy_docker/ros2_ws/src/install/stage_autonomous_nav:/workspaces/ros2_jazzy_docker/ros2_ws/install/turtleboot3_autonomous_nav:/workspaces/ros2_jazzy_docker/ros2_ws/install/turtle_py:/workspaces/ros2_jazzy_docker/ros2_ws/install/stage_autonomous_nav:/opt/ros/jazzy:/workspaces/ros2_jazzy_docker/ros2_ws/install/stage:/workspaces/ros2_jazzy_docker/ros2_ws/install/turtlebot3:/workspaces/ros2_jazzy_docker/ros2_ws/install/turtlebot3_simulations:/workspaces/ros2_jazzy_docker/ros2_ws/install/turtlebot3_bringup:/workspaces/ros2_jazzy_docker/ros2_ws/install/turtlebot3_node:/workspaces/ros2_jazzy_docker/ros2_ws/install/turtlebot3_navigation2:/workspaces/ros2_jazzy_docker/ros2_ws/install/turtlebot3_fake_node:/workspaces/ros2_jazzy_docker/ros2_ws/install/turtlebot3_msgs:/workspaces/ros2_jazzy_docker/ros2_ws/install/turtlebot3_gazebo:/workspaces/ros2_jazzy_docker/ros2_ws/install/turtlebot3_description:/workspaces/ros2_jazzy_docker/ros2_ws/install/turtlebot3_cartographer:/workspaces/ros2_jazzy_docker/ros2_ws/src/install/turtlebot3:/workspaces/ros2_jazzy_docker/ros2_ws/src/install/turtlebot3_simulations:/workspaces/ros2_jazzy_docker/ros2_ws/src/install/turtlebot3_bringup:/workspaces/ros2_jazzy_docker/ros2_ws/src/install/turtlebot3_node:/workspaces/ros2_jazzy_docker/ros2_ws/src/install/turtlebot3_navigation2:/workspaces/ros2_jazzy_docker/ros2_ws/src/install/turtlebot3_fake_node:/workspaces/ros2_jazzy_docker/ros2_ws/src/install/turtlebot3_msgs:/workspaces/ros2_jazzy_docker/ros2_ws/src/install/turtlebot3_gazebo:/workspaces/ros2_jazzy_docker/ros2_ws/src/install/turtlebot3_description:/workspaces/ros2_jazzy_docker/ros2_ws/src/install/turtlebot3_cartographer:/workspaces/ros2_jazzy_docker/ros2_ws/src/install/stage_ros2:/workspaces/ros2_jazzy_docker/ros2_ws/src/install/stage:/workspaces/ros2_jazzy_docker/ros2_ws/install/stage_ros2:/opt/ros/jazzy/opt/gz_sim_vendor:/opt/ros/jazzy/opt/gz_sensors_vendor:/opt/ros/jazzy/opt/gz_physics_vendor:/opt/ros/jazzy/opt/sdformat_vendor:/opt/ros/jazzy/opt/gz_gui_vendor:/opt/ros/jazzy/opt/gz_transport_vendor:/opt/ros/jazzy/opt/gz_rendering_vendor:/opt/ros/jazzy/opt/gz_plugin_vendor:/opt/ros/jazzy/opt/gz_fuel_tools_vendor:/opt/ros/jazzy/opt/gz_msgs_vendor:/opt/ros/jazzy/opt/gz_common_vendor:/opt/ros/jazzy/opt/gz_math_vendor:/opt/ros/jazzy/opt/gz_utils_vendor:/opt/ros/jazzy/opt/gz_tools_vendor:/opt/ros/jazzy/opt/gz_ogre_next_vendor:/opt/ros/jazzy/opt/gz_dartsim_vendor:/opt/ros/jazzy/opt/gz_cmake_vendor LD_LIBRARY_PATH=/workspaces/ros2_jazzy_docker/ros2_ws/install/stage/lib:/workspaces/ros2_jazzy_docker/ros2_ws/install/turtlebot3_msgs/lib:/workspaces/ros2_jazzy_docker/ros2_ws/src/install/turtlebot3_msgs/lib:/workspaces/ros2_jazzy_docker/ros2_ws/src/install/stage_ros2/lib:/workspaces/ros2_jazzy_docker/ros2_ws/src/install/stage/lib:/workspaces/ros2_jazzy_docker/ros2_ws/install/stage_ros2/lib:/opt/ros/jazzy/opt/gz_sim_vendor/lib:/opt/ros/jazzy/opt/gz_sensors_vendor/lib:/opt/ros/jazzy/opt/gz_physics_vendor/lib:/opt/ros/jazzy/opt/sdformat_vendor/lib:/opt/ros/jazzy/opt/rviz_ogre_vendor/lib:/opt/ros/jazzy/lib/aarch64-linux-gnu:/opt/ros/jazzy/opt/gz_gui_vendor/lib:/opt/ros/jazzy/opt/gz_transport_vendor/lib:/opt/ros/jazzy/opt/gz_rendering_vendor/lib:/opt/ros/jazzy/opt/gz_plugin_vendor/lib:/opt/ros/jazzy/opt/gz_fuel_tools_vendor/lib:/opt/ros/jazzy/opt/gz_msgs_vendor/lib:/opt/ros/jazzy/opt/gz_common_vendor/lib:/opt/ros/jazzy/opt/gz_math_vendor/lib:/opt/ros/jazzy/opt/gz_utils_vendor/lib:/opt/ros/jazzy/opt/gz_tools_vendor/lib:/opt/ros/jazzy/opt/gz_ogre_next_vendor/lib:/opt/ros/jazzy/opt/gz_dartsim_vendor/lib:/opt/ros/jazzy/opt/gz_cmake_vendor/lib:/opt/ros/jazzy/lib PATH=/workspaces/ros2_jazzy_docker/ros2_ws/install/stage/bin:/workspaces/ros2_jazzy_docker/ros2_ws/src/install/stage/bin:/opt/ros/jazzy/opt/gz_msgs_vendor/bin:/opt/ros/jazzy/opt/gz_tools_vendor/bin:/opt/ros/jazzy/opt/gz_ogre_next_vendor/bin:/opt/ros/jazzy/bin:/home/ros/.vscode-server/data/User/globalStorage/github.copilot-chat/debugCommand:/home/ros/.vscode-server/data/User/globalStorage/github.copilot-chat/copilotCli:/vscode/vscode-server/bin/linux-arm64/a44adf7f53e00964ab890f9f8758a334f1fc15bc/bin/remote-cli:/usr/local/sbin:/usr/local/bin:/usr/sbin:/usr/bin:/sbin:/bin:/home/ros/.vscode-server/extensions/ms-python.debugpy-2026.6.0-linux-arm64/bundled/scripts/noConfigScripts PKG_CONFIG_PATH=/workspaces/ros2_jazzy_docker/ros2_ws/install/stage/lib/aarch64-linux-gnu/pkgconfig:/workspaces/ros2_jazzy_docker/ros2_ws/install/stage/lib/pkgconfig:/workspaces/ros2_jazzy_docker/ros2_ws/src/install/stage/lib/aarch64-linux-gnu/pkgconfig:/workspaces/ros2_jazzy_docker/ros2_ws/src/install/stage/lib/pkgconfig ROS_PACKAGE_PATH=/workspaces/ros2_jazzy_docker/ros2_ws/install/stage/share:/workspaces/ros2_jazzy_docker/ros2_ws/src/install/stage/share /usr/bin/cmake /workspaces/ros2_jazzy_docker/ros2_ws/src/stage_ros2 -DCMAKE_INSTALL_PREFIX=/workspaces/ros2_jazzy_docker/ros2_ws/install/stage_ros2
[18.452s] DEBUG:colcon.colcon_core.event_handler.log_command:Invoking command in '/workspaces/ros2_jazzy_docker/ros2_ws/build/stage_ros2': CMAKE_PREFIX_PATH=/workspaces/ros2_jazzy_docker/ros2_ws/install/turtlebot3_teleop:/workspaces/ros2_jazzy_docker/ros2_ws/install/turtlebot3_example:/workspaces/ros2_jazzy_docker/ros2_ws/src/install/turtlebot3_teleop:/workspaces/ros2_jazzy_docker/ros2_ws/src/install/turtlebot3_example:/workspaces/ros2_jazzy_docker/ros2_ws/src/install/turtleboot3_autonomous_nav:/workspaces/ros2_jazzy_docker/ros2_ws/src/install/turtle_py:/workspaces/ros2_jazzy_docker/ros2_ws/src/install/stage_autonomous_nav:/workspaces/ros2_jazzy_docker/ros2_ws/install/turtleboot3_autonomous_nav:/workspaces/ros2_jazzy_docker/ros2_ws/install/turtle_py:/workspaces/ros2_jazzy_docker/ros2_ws/install/stage_autonomous_nav:/opt/ros/jazzy:/workspaces/ros2_jazzy_docker/ros2_ws/install/stage:/workspaces/ros2_jazzy_docker/ros2_ws/install/turtlebot3:/workspaces/ros2_jazzy_docker/ros2_ws/install/turtlebot3_simulations:/workspaces/ros2_jazzy_docker/ros2_ws/install/turtlebot3_bringup:/workspaces/ros2_jazzy_docker/ros2_ws/install/turtlebot3_node:/workspaces/ros2_jazzy_docker/ros2_ws/install/turtlebot3_navigation2:/workspaces/ros2_jazzy_docker/ros2_ws/install/turtlebot3_fake_node:/workspaces/ros2_jazzy_docker/ros2_ws/install/turtlebot3_msgs:/workspaces/ros2_jazzy_docker/ros2_ws/install/turtlebot3_gazebo:/workspaces/ros2_jazzy_docker/ros2_ws/install/turtlebot3_description:/workspaces/ros2_jazzy_docker/ros2_ws/install/turtlebot3_cartographer:/workspaces/ros2_jazzy_docker/ros2_ws/src/install/turtlebot3:/workspaces/ros2_jazzy_docker/ros2_ws/src/install/turtlebot3_simulations:/workspaces/ros2_jazzy_docker/ros2_ws/src/install/turtlebot3_bringup:/workspaces/ros2_jazzy_docker/ros2_ws/src/install/turtlebot3_node:/workspaces/ros2_jazzy_docker/ros2_ws/src/install/turtlebot3_navigation2:/workspaces/ros2_jazzy_docker/ros2_ws/src/install/turtlebot3_fake_node:/workspaces/ros2_jazzy_docker/ros2_ws/src/install/turtlebot3_msgs:/workspaces/ros2_jazzy_docker/ros2_ws/src/install/turtlebot3_gazebo:/workspaces/ros2_jazzy_docker/ros2_ws/src/install/turtlebot3_description:/workspaces/ros2_jazzy_docker/ros2_ws/src/install/turtlebot3_cartographer:/workspaces/ros2_jazzy_docker/ros2_ws/src/install/stage_ros2:/workspaces/ros2_jazzy_docker/ros2_ws/src/install/stage:/workspaces/ros2_jazzy_docker/ros2_ws/install/stage_ros2:/opt/ros/jazzy/opt/gz_sim_vendor:/opt/ros/jazzy/opt/gz_sensors_vendor:/opt/ros/jazzy/opt/gz_physics_vendor:/opt/ros/jazzy/opt/sdformat_vendor:/opt/ros/jazzy/opt/gz_gui_vendor:/opt/ros/jazzy/opt/gz_transport_vendor:/opt/ros/jazzy/opt/gz_rendering_vendor:/opt/ros/jazzy/opt/gz_plugin_vendor:/opt/ros/jazzy/opt/gz_fuel_tools_vendor:/opt/ros/jazzy/opt/gz_msgs_vendor:/opt/ros/jazzy/opt/gz_common_vendor:/opt/ros/jazzy/opt/gz_math_vendor:/opt/ros/jazzy/opt/gz_utils_vendor:/opt/ros/jazzy/opt/gz_tools_vendor:/opt/ros/jazzy/opt/gz_ogre_next_vendor:/opt/ros/jazzy/opt/gz_dartsim_vendor:/opt/ros/jazzy/opt/gz_cmake_vendor LD_LIBRARY_PATH=/workspaces/ros2_jazzy_docker/ros2_ws/install/stage/lib:/workspaces/ros2_jazzy_docker/ros2_ws/install/turtlebot3_msgs/lib:/workspaces/ros2_jazzy_docker/ros2_ws/src/install/turtlebot3_msgs/lib:/workspaces/ros2_jazzy_docker/ros2_ws/src/install/stage_ros2/lib:/workspaces/ros2_jazzy_docker/ros2_ws/src/install/stage/lib:/workspaces/ros2_jazzy_docker/ros2_ws/install/stage_ros2/lib:/opt/ros/jazzy/opt/gz_sim_vendor/lib:/opt/ros/jazzy/opt/gz_sensors_vendor/lib:/opt/ros/jazzy/opt/gz_physics_vendor/lib:/opt/ros/jazzy/opt/sdformat_vendor/lib:/opt/ros/jazzy/opt/rviz_ogre_vendor/lib:/opt/ros/jazzy/lib/aarch64-linux-gnu:/opt/ros/jazzy/opt/gz_gui_vendor/lib:/opt/ros/jazzy/opt/gz_transport_vendor/lib:/opt/ros/jazzy/opt/gz_rendering_vendor/lib:/opt/ros/jazzy/opt/gz_plugin_vendor/lib:/opt/ros/jazzy/opt/gz_fuel_tools_vendor/lib:/opt/ros/jazzy/opt/gz_msgs_vendor/lib:/opt/ros/jazzy/opt/gz_common_vendor/lib:/opt/ros/jazzy/opt/gz_math_vendor/lib:/opt/ros/jazzy/opt/gz_utils_vendor/lib:/opt/ros/jazzy/opt/gz_tools_vendor/lib:/opt/ros/jazzy/opt/gz_ogre_next_vendor/lib:/opt/ros/jazzy/opt/gz_dartsim_vendor/lib:/opt/ros/jazzy/opt/gz_cmake_vendor/lib:/opt/ros/jazzy/lib PATH=/workspaces/ros2_jazzy_docker/ros2_ws/install/stage/bin:/workspaces/ros2_jazzy_docker/ros2_ws/src/install/stage/bin:/opt/ros/jazzy/opt/gz_msgs_vendor/bin:/opt/ros/jazzy/opt/gz_tools_vendor/bin:/opt/ros/jazzy/opt/gz_ogre_next_vendor/bin:/opt/ros/jazzy/bin:/home/ros/.vscode-server/data/User/globalStorage/github.copilot-chat/debugCommand:/home/ros/.vscode-server/data/User/globalStorage/github.copilot-chat/copilotCli:/vscode/vscode-server/bin/linux-arm64/a44adf7f53e00964ab890f9f8758a334f1fc15bc/bin/remote-cli:/usr/local/sbin:/usr/local/bin:/usr/sbin:/usr/bin:/sbin:/bin:/home/ros/.vscode-server/extensions/ms-python.debugpy-2026.6.0-linux-arm64/bundled/scripts/noConfigScripts PKG_CONFIG_PATH=/workspaces/ros2_jazzy_docker/ros2_ws/install/stage/lib/aarch64-linux-gnu/pkgconfig:/workspaces/ros2_jazzy_docker/ros2_ws/install/stage/lib/pkgconfig:/workspaces/ros2_jazzy_docker/ros2_ws/src/install/stage/lib/aarch64-linux-gnu/pkgconfig:/workspaces/ros2_jazzy_docker/ros2_ws/src/install/stage/lib/pkgconfig ROS_PACKAGE_PATH=/workspaces/ros2_jazzy_docker/ros2_ws/install/stage/share:/workspaces/ros2_jazzy_docker/ros2_ws/src/install/stage/share /usr/bin/cmake --build /workspaces/ros2_jazzy_docker/ros2_ws/build/stage_ros2 -- -j12 -l12
[20.317s] DEBUG:colcon.colcon_core.event_handler.log_command:Invoked command in '/workspaces/ros2_jazzy_docker/ros2_ws/build/turtlebot3_msgs' returned '0': CMAKE_PREFIX_PATH=${CMAKE_PREFIX_PATH}:/workspaces/ros2_jazzy_docker/ros2_ws/install/turtlebot3_teleop:/workspaces/ros2_jazzy_docker/ros2_ws/install/turtlebot3_example:/workspaces/ros2_jazzy_docker/ros2_ws/src/install/turtlebot3_teleop:/workspaces/ros2_jazzy_docker/ros2_ws/src/install/turtlebot3_example:/workspaces/ros2_jazzy_docker/ros2_ws/src/install/turtleboot3_autonomous_nav:/workspaces/ros2_jazzy_docker/ros2_ws/src/install/turtle_py:/workspaces/ros2_jazzy_docker/ros2_ws/src/install/stage_autonomous_nav:/workspaces/ros2_jazzy_docker/ros2_ws/install/turtleboot3_autonomous_nav:/workspaces/ros2_jazzy_docker/ros2_ws/install/turtle_py:/workspaces/ros2_jazzy_docker/ros2_ws/install/stage_autonomous_nav:/opt/ros/jazzy /usr/bin/cmake --build /workspaces/ros2_jazzy_docker/ros2_ws/build/turtlebot3_msgs -- -j12 -l12
[20.323s] DEBUG:colcon.colcon_core.event_handler.log_command:Invoking command in '/workspaces/ros2_jazzy_docker/ros2_ws/build/turtlebot3_msgs': CMAKE_PREFIX_PATH=${CMAKE_PREFIX_PATH}:/workspaces/ros2_jazzy_docker/ros2_ws/install/turtlebot3_teleop:/workspaces/ros2_jazzy_docker/ros2_ws/install/turtlebot3_example:/workspaces/ros2_jazzy_docker/ros2_ws/src/install/turtlebot3_teleop:/workspaces/ros2_jazzy_docker/ros2_ws/src/install/turtlebot3_example:/workspaces/ros2_jazzy_docker/ros2_ws/src/install/turtleboot3_autonomous_nav:/workspaces/ros2_jazzy_docker/ros2_ws/src/install/turtle_py:/workspaces/ros2_jazzy_docker/ros2_ws/src/install/stage_autonomous_nav:/workspaces/ros2_jazzy_docker/ros2_ws/install/turtleboot3_autonomous_nav:/workspaces/ros2_jazzy_docker/ros2_ws/install/turtle_py:/workspaces/ros2_jazzy_docker/ros2_ws/install/stage_autonomous_nav:/opt/ros/jazzy /usr/bin/cmake --install /workspaces/ros2_jazzy_docker/ros2_ws/build/turtlebot3_msgs
[22.816s] Level 1:colcon.colcon_core.environment:create_environment_scripts_only(turtlebot3_msgs)
[22.817s] Level 1:colcon.colcon_core.environment:checking '/workspaces/ros2_jazzy_docker/ros2_ws/install/turtlebot3_msgs' for CMake module files
[22.818s] DEBUG:colcon.colcon_core.event_handler.log_command:Invoked command in '/workspaces/ros2_jazzy_docker/ros2_ws/build/turtlebot3_msgs' returned '0': CMAKE_PREFIX_PATH=${CMAKE_PREFIX_PATH}:/workspaces/ros2_jazzy_docker/ros2_ws/install/turtlebot3_teleop:/workspaces/ros2_jazzy_docker/ros2_ws/install/turtlebot3_example:/workspaces/ros2_jazzy_docker/ros2_ws/src/install/turtlebot3_teleop:/workspaces/ros2_jazzy_docker/ros2_ws/src/install/turtlebot3_example:/workspaces/ros2_jazzy_docker/ros2_ws/src/install/turtleboot3_autonomous_nav:/workspaces/ros2_jazzy_docker/ros2_ws/src/install/turtle_py:/workspaces/ros2_jazzy_docker/ros2_ws/src/install/stage_autonomous_nav:/workspaces/ros2_jazzy_docker/ros2_ws/install/turtleboot3_autonomous_nav:/workspaces/ros2_jazzy_docker/ros2_ws/install/turtle_py:/workspaces/ros2_jazzy_docker/ros2_ws/install/stage_autonomous_nav:/opt/ros/jazzy /usr/bin/cmake --install /workspaces/ros2_jazzy_docker/ros2_ws/build/turtlebot3_msgs
[22.820s] Level 1:colcon.colcon_core.environment:checking '/workspaces/ros2_jazzy_docker/ros2_ws/install/turtlebot3_msgs' for CMake config files
[22.829s] Level 1:colcon.colcon_core.shell:create_environment_hook('turtlebot3_msgs', 'cmake_prefix_path')
[22.829s] INFO:colcon.colcon_core.shell:Creating environment hook '/workspaces/ros2_jazzy_docker/ros2_ws/install/turtlebot3_msgs/share/turtlebot3_msgs/hook/cmake_prefix_path.ps1'
[22.832s] INFO:colcon.colcon_core.shell:Creating environment descriptor '/workspaces/ros2_jazzy_docker/ros2_ws/install/turtlebot3_msgs/share/turtlebot3_msgs/hook/cmake_prefix_path.dsv'
[22.833s] INFO:colcon.colcon_core.shell:Creating environment hook '/workspaces/ros2_jazzy_docker/ros2_ws/install/turtlebot3_msgs/share/turtlebot3_msgs/hook/cmake_prefix_path.sh'
[22.835s] Level 1:colcon.colcon_core.environment:checking '/workspaces/ros2_jazzy_docker/ros2_ws/install/turtlebot3_msgs/lib'
[22.835s] Level 1:colcon.colcon_core.shell:create_environment_hook('turtlebot3_msgs', 'ld_library_path_lib')
[22.835s] INFO:colcon.colcon_core.shell:Creating environment hook '/workspaces/ros2_jazzy_docker/ros2_ws/install/turtlebot3_msgs/share/turtlebot3_msgs/hook/ld_library_path_lib.ps1'
[22.836s] INFO:colcon.colcon_core.shell:Creating environment descriptor '/workspaces/ros2_jazzy_docker/ros2_ws/install/turtlebot3_msgs/share/turtlebot3_msgs/hook/ld_library_path_lib.dsv'
[22.838s] INFO:colcon.colcon_core.shell:Creating environment hook '/workspaces/ros2_jazzy_docker/ros2_ws/install/turtlebot3_msgs/share/turtlebot3_msgs/hook/ld_library_path_lib.sh'
[22.839s] Level 1:colcon.colcon_core.environment:checking '/workspaces/ros2_jazzy_docker/ros2_ws/install/turtlebot3_msgs/bin'
[22.839s] Level 1:colcon.colcon_core.environment:checking '/workspaces/ros2_jazzy_docker/ros2_ws/install/turtlebot3_msgs/lib/pkgconfig/turtlebot3_msgs.pc'
[22.840s] Level 1:colcon.colcon_core.environment:checking '/workspaces/ros2_jazzy_docker/ros2_ws/install/turtlebot3_msgs/lib/python3.12/site-packages'
[22.840s] Level 1:colcon.colcon_core.shell:create_environment_hook('turtlebot3_msgs', 'pythonpath')
[22.840s] INFO:colcon.colcon_core.shell:Creating environment hook '/workspaces/ros2_jazzy_docker/ros2_ws/install/turtlebot3_msgs/share/turtlebot3_msgs/hook/pythonpath.ps1'
[22.842s] INFO:colcon.colcon_core.shell:Creating environment descriptor '/workspaces/ros2_jazzy_docker/ros2_ws/install/turtlebot3_msgs/share/turtlebot3_msgs/hook/pythonpath.dsv'
[22.844s] INFO:colcon.colcon_core.shell:Creating environment hook '/workspaces/ros2_jazzy_docker/ros2_ws/install/turtlebot3_msgs/share/turtlebot3_msgs/hook/pythonpath.sh'
[22.846s] Level 1:colcon.colcon_core.environment:checking '/workspaces/ros2_jazzy_docker/ros2_ws/install/turtlebot3_msgs/bin'
[22.846s] INFO:colcon.colcon_core.shell:Creating package script '/workspaces/ros2_jazzy_docker/ros2_ws/install/turtlebot3_msgs/share/turtlebot3_msgs/package.ps1'
[22.849s] INFO:colcon.colcon_core.shell:Creating package descriptor '/workspaces/ros2_jazzy_docker/ros2_ws/install/turtlebot3_msgs/share/turtlebot3_msgs/package.dsv'
[22.850s] INFO:colcon.colcon_core.shell:Creating package script '/workspaces/ros2_jazzy_docker/ros2_ws/install/turtlebot3_msgs/share/turtlebot3_msgs/package.sh'
[22.852s] INFO:colcon.colcon_core.shell:Creating package script '/workspaces/ros2_jazzy_docker/ros2_ws/install/turtlebot3_msgs/share/turtlebot3_msgs/package.bash'
[22.855s] INFO:colcon.colcon_core.shell:Creating package script '/workspaces/ros2_jazzy_docker/ros2_ws/install/turtlebot3_msgs/share/turtlebot3_msgs/package.zsh'
[22.858s] Level 1:colcon.colcon_core.environment:create_file_with_runtime_dependencies(/workspaces/ros2_jazzy_docker/ros2_ws/install/turtlebot3_msgs/share/colcon-core/packages/turtlebot3_msgs)
[22.862s] Level 1:colcon.colcon_core.environment:create_environment_scripts_only(turtlebot3_msgs)
[22.862s] Level 1:colcon.colcon_core.environment:checking '/workspaces/ros2_jazzy_docker/ros2_ws/install/turtlebot3_msgs' for CMake module files
[22.867s] Level 1:colcon.colcon_core.environment:checking '/workspaces/ros2_jazzy_docker/ros2_ws/install/turtlebot3_msgs' for CMake config files
[22.881s] Level 1:colcon.colcon_core.shell:create_environment_hook('turtlebot3_msgs', 'cmake_prefix_path')
[22.882s] INFO:colcon.colcon_core.shell:Creating environment hook '/workspaces/ros2_jazzy_docker/ros2_ws/install/turtlebot3_msgs/share/turtlebot3_msgs/hook/cmake_prefix_path.ps1'
[22.883s] INFO:colcon.colcon_core.shell:Creating environment descriptor '/workspaces/ros2_jazzy_docker/ros2_ws/install/turtlebot3_msgs/share/turtlebot3_msgs/hook/cmake_prefix_path.dsv'
[22.884s] INFO:colcon.colcon_core.shell:Creating environment hook '/workspaces/ros2_jazzy_docker/ros2_ws/install/turtlebot3_msgs/share/turtlebot3_msgs/hook/cmake_prefix_path.sh'
[22.886s] Level 1:colcon.colcon_core.environment:checking '/workspaces/ros2_jazzy_docker/ros2_ws/install/turtlebot3_msgs/lib'
[22.887s] Level 1:colcon.colcon_core.shell:create_environment_hook('turtlebot3_msgs', 'ld_library_path_lib')
[22.888s] INFO:colcon.colcon_core.shell:Creating environment hook '/workspaces/ros2_jazzy_docker/ros2_ws/install/turtlebot3_msgs/share/turtlebot3_msgs/hook/ld_library_path_lib.ps1'
[22.889s] INFO:colcon.colcon_core.shell:Creating environment descriptor '/workspaces/ros2_jazzy_docker/ros2_ws/install/turtlebot3_msgs/share/turtlebot3_msgs/hook/ld_library_path_lib.dsv'
[22.891s] INFO:colcon.colcon_core.shell:Creating environment hook '/workspaces/ros2_jazzy_docker/ros2_ws/install/turtlebot3_msgs/share/turtlebot3_msgs/hook/ld_library_path_lib.sh'
[22.892s] Level 1:colcon.colcon_core.environment:checking '/workspaces/ros2_jazzy_docker/ros2_ws/install/turtlebot3_msgs/bin'
[22.892s] Level 1:colcon.colcon_core.environment:checking '/workspaces/ros2_jazzy_docker/ros2_ws/install/turtlebot3_msgs/lib/pkgconfig/turtlebot3_msgs.pc'
[22.893s] Level 1:colcon.colcon_core.environment:checking '/workspaces/ros2_jazzy_docker/ros2_ws/install/turtlebot3_msgs/lib/python3.12/site-packages'
[22.893s] Level 1:colcon.colcon_core.shell:create_environment_hook('turtlebot3_msgs', 'pythonpath')
[22.893s] INFO:colcon.colcon_core.shell:Creating environment hook '/workspaces/ros2_jazzy_docker/ros2_ws/install/turtlebot3_msgs/share/turtlebot3_msgs/hook/pythonpath.ps1'
[22.895s] INFO:colcon.colcon_core.shell:Creating environment descriptor '/workspaces/ros2_jazzy_docker/ros2_ws/install/turtlebot3_msgs/share/turtlebot3_msgs/hook/pythonpath.dsv'
[22.896s] INFO:colcon.colcon_core.shell:Creating environment hook '/workspaces/ros2_jazzy_docker/ros2_ws/install/turtlebot3_msgs/share/turtlebot3_msgs/hook/pythonpath.sh'
[22.898s] Level 1:colcon.colcon_core.environment:checking '/workspaces/ros2_jazzy_docker/ros2_ws/install/turtlebot3_msgs/bin'
[22.898s] INFO:colcon.colcon_core.shell:Creating package script '/workspaces/ros2_jazzy_docker/ros2_ws/install/turtlebot3_msgs/share/turtlebot3_msgs/package.ps1'
[22.899s] INFO:colcon.colcon_core.shell:Creating package descriptor '/workspaces/ros2_jazzy_docker/ros2_ws/install/turtlebot3_msgs/share/turtlebot3_msgs/package.dsv'
[22.900s] INFO:colcon.colcon_core.shell:Creating package script '/workspaces/ros2_jazzy_docker/ros2_ws/install/turtlebot3_msgs/share/turtlebot3_msgs/package.sh'
[22.901s] INFO:colcon.colcon_core.shell:Creating package script '/workspaces/ros2_jazzy_docker/ros2_ws/install/turtlebot3_msgs/share/turtlebot3_msgs/package.bash'
[22.902s] INFO:colcon.colcon_core.shell:Creating package script '/workspaces/ros2_jazzy_docker/ros2_ws/install/turtlebot3_msgs/share/turtlebot3_msgs/package.zsh'
[22.905s] Level 1:colcon.colcon_core.environment:create_file_with_runtime_dependencies(/workspaces/ros2_jazzy_docker/ros2_ws/install/turtlebot3_msgs/share/colcon-core/packages/turtlebot3_msgs)
[22.909s] INFO:colcon.colcon_ros.task.ament_cmake.build:Building ROS package in '/workspaces/ros2_jazzy_docker/ros2_ws/src/turtlebot3/turtlebot3_node' with build type 'ament_cmake'
[22.909s] INFO:colcon.colcon_cmake.task.cmake.build:Building CMake package in '/workspaces/ros2_jazzy_docker/ros2_ws/src/turtlebot3/turtlebot3_node'
[22.911s] INFO:colcon.colcon_core.shell:Skip shell extension 'powershell' for command environment: Not usable outside of PowerShell
[22.912s] DEBUG:colcon.colcon_core.shell:Skip shell extension 'dsv' for command environment
[22.988s] INFO:colcon.colcon_ros.task.ament_python.build:Building ROS package in '/workspaces/ros2_jazzy_docker/ros2_ws/src/turtlebot3/turtlebot3_example' with build type 'ament_python'
[22.990s] Level 1:colcon.colcon_core.shell:create_environment_hook('turtlebot3_example', 'ament_prefix_path')
[22.992s] INFO:colcon.colcon_core.shell:Creating environment hook '/workspaces/ros2_jazzy_docker/ros2_ws/install/turtlebot3_example/share/turtlebot3_example/hook/ament_prefix_path.ps1'
[23.000s] INFO:colcon.colcon_core.shell:Creating environment descriptor '/workspaces/ros2_jazzy_docker/ros2_ws/install/turtlebot3_example/share/turtlebot3_example/hook/ament_prefix_path.dsv'
[23.004s] INFO:colcon.colcon_core.shell:Creating environment hook '/workspaces/ros2_jazzy_docker/ros2_ws/install/turtlebot3_example/share/turtlebot3_example/hook/ament_prefix_path.sh'
[23.007s] INFO:colcon.colcon_core.shell:Skip shell extension 'powershell' for command environment: Not usable outside of PowerShell
[23.008s] DEBUG:colcon.colcon_core.shell:Skip shell extension 'dsv' for command environment
[23.044s] INFO:colcon.colcon_ros.task.ament_cmake.build:Building ROS package in '/workspaces/ros2_jazzy_docker/ros2_ws/src/turtlebot3_simulations/turtlebot3_fake_node' with build type 'ament_cmake'
[23.045s] INFO:colcon.colcon_cmake.task.cmake.build:Building CMake package in '/workspaces/ros2_jazzy_docker/ros2_ws/src/turtlebot3_simulations/turtlebot3_fake_node'
[23.046s] INFO:colcon.colcon_core.shell:Skip shell extension 'powershell' for command environment: Not usable outside of PowerShell
[23.046s] DEBUG:colcon.colcon_core.shell:Skip shell extension 'dsv' for command environment
[23.099s] DEBUG:colcon.colcon_core.event_handler.log_command:Invoking command in '/workspaces/ros2_jazzy_docker/ros2_ws/build/turtlebot3_node': CMAKE_PREFIX_PATH=/workspaces/ros2_jazzy_docker/ros2_ws/install/turtlebot3_msgs:/workspaces/ros2_jazzy_docker/ros2_ws/install/turtlebot3:/workspaces/ros2_jazzy_docker/ros2_ws/install/turtlebot3_simulations:/workspaces/ros2_jazzy_docker/ros2_ws/install/turtlebot3_bringup:/workspaces/ros2_jazzy_docker/ros2_ws/install/turtlebot3_node:/workspaces/ros2_jazzy_docker/ros2_ws/install/turtlebot3_navigation2:/workspaces/ros2_jazzy_docker/ros2_ws/install/turtlebot3_fake_node:/workspaces/ros2_jazzy_docker/ros2_ws/install/turtlebot3_gazebo:/workspaces/ros2_jazzy_docker/ros2_ws/install/turtlebot3_description:/workspaces/ros2_jazzy_docker/ros2_ws/install/turtlebot3_cartographer:/workspaces/ros2_jazzy_docker/ros2_ws/src/install/turtlebot3:/workspaces/ros2_jazzy_docker/ros2_ws/src/install/turtlebot3_simulations:/workspaces/ros2_jazzy_docker/ros2_ws/src/install/turtlebot3_bringup:/workspaces/ros2_jazzy_docker/ros2_ws/src/install/turtlebot3_node:/workspaces/ros2_jazzy_docker/ros2_ws/src/install/turtlebot3_navigation2:/workspaces/ros2_jazzy_docker/ros2_ws/src/install/turtlebot3_fake_node:/workspaces/ros2_jazzy_docker/ros2_ws/src/install/turtlebot3_msgs:/workspaces/ros2_jazzy_docker/ros2_ws/src/install/turtlebot3_gazebo:/workspaces/ros2_jazzy_docker/ros2_ws/src/install/turtlebot3_description:/workspaces/ros2_jazzy_docker/ros2_ws/src/install/turtlebot3_cartographer:/workspaces/ros2_jazzy_docker/ros2_ws/src/install/stage_ros2:/workspaces/ros2_jazzy_docker/ros2_ws/src/install/stage:/workspaces/ros2_jazzy_docker/ros2_ws/install/stage_ros2:/workspaces/ros2_jazzy_docker/ros2_ws/install/turtlebot3_teleop:/workspaces/ros2_jazzy_docker/ros2_ws/install/turtlebot3_example:/workspaces/ros2_jazzy_docker/ros2_ws/src/install/turtlebot3_teleop:/workspaces/ros2_jazzy_docker/ros2_ws/src/install/turtlebot3_example:/workspaces/ros2_jazzy_docker/ros2_ws/src/install/turtleboot3_autonomous_nav:/workspaces/ros2_jazzy_docker/ros2_ws/src/install/turtle_py:/workspaces/ros2_jazzy_docker/ros2_ws/src/install/stage_autonomous_nav:/workspaces/ros2_jazzy_docker/ros2_ws/install/turtleboot3_autonomous_nav:/workspaces/ros2_jazzy_docker/ros2_ws/install/turtle_py:/workspaces/ros2_jazzy_docker/ros2_ws/install/stage_autonomous_nav:/opt/ros/jazzy:/workspaces/ros2_jazzy_docker/ros2_ws/install/stage:/opt/ros/jazzy/opt/gz_sim_vendor:/opt/ros/jazzy/opt/gz_sensors_vendor:/opt/ros/jazzy/opt/gz_physics_vendor:/opt/ros/jazzy/opt/sdformat_vendor:/opt/ros/jazzy/opt/gz_gui_vendor:/opt/ros/jazzy/opt/gz_transport_vendor:/opt/ros/jazzy/opt/gz_rendering_vendor:/opt/ros/jazzy/opt/gz_plugin_vendor:/opt/ros/jazzy/opt/gz_fuel_tools_vendor:/opt/ros/jazzy/opt/gz_msgs_vendor:/opt/ros/jazzy/opt/gz_common_vendor:/opt/ros/jazzy/opt/gz_math_vendor:/opt/ros/jazzy/opt/gz_utils_vendor:/opt/ros/jazzy/opt/gz_tools_vendor:/opt/ros/jazzy/opt/gz_ogre_next_vendor:/opt/ros/jazzy/opt/gz_dartsim_vendor:/opt/ros/jazzy/opt/gz_cmake_vendor PYTHONPATH=/workspaces/ros2_jazzy_docker/ros2_ws/install/turtlebot3_msgs/lib/python3.12/site-packages:/workspaces/ros2_jazzy_docker/ros2_ws/install/turtlebot3_teleop/lib/python3.12/site-packages:/workspaces/ros2_jazzy_docker/ros2_ws/install/turtlebot3_example/lib/python3.12/site-packages:/workspaces/ros2_jazzy_docker/ros2_ws/src/install/turtlebot3_teleop/lib/python3.12/site-packages:/workspaces/ros2_jazzy_docker/ros2_ws/src/install/turtlebot3_example/lib/python3.12/site-packages:/workspaces/ros2_jazzy_docker/ros2_ws/src/install/turtlebot3_msgs/lib/python3.12/site-packages:/workspaces/ros2_jazzy_docker/ros2_ws/src/install/turtleboot3_autonomous_nav/lib/python3.12/site-packages:/workspaces/ros2_jazzy_docker/ros2_ws/src/install/turtle_py/lib/python3.12/site-packages:/workspaces/ros2_jazzy_docker/ros2_ws/src/install/stage_autonomous_nav/lib/python3.12/site-packages:/workspaces/ros2_jazzy_docker/ros2_ws/build/turtleboot3_autonomous_nav:/workspaces/ros2_jazzy_docker/ros2_ws/install/turtleboot3_autonomous_nav/lib/python3.12/site-packages:/workspaces/ros2_jazzy_docker/ros2_ws/build/turtle_py:/workspaces/ros2_jazzy_docker/ros2_ws/install/turtle_py/lib/python3.12/site-packages:/workspaces/ros2_jazzy_docker/ros2_ws/build/stage_autonomous_nav:/workspaces/ros2_jazzy_docker/ros2_ws/install/stage_autonomous_nav/lib/python3.12/site-packages:/opt/ros/jazzy/lib/python3.12/site-packages /usr/bin/cmake /workspaces/ros2_jazzy_docker/ros2_ws/src/turtlebot3/turtlebot3_node -DCMAKE_INSTALL_PREFIX=/workspaces/ros2_jazzy_docker/ros2_ws/install/turtlebot3_node
[23.368s] INFO:colcon.colcon_core.task.python.build:Building Python package in '/workspaces/ros2_jazzy_docker/ros2_ws/src/turtlebot3/turtlebot3_example'
[23.370s] INFO:colcon.colcon_core.shell:Skip shell extension 'powershell' for command environment: Not usable outside of PowerShell
[23.370s] DEBUG:colcon.colcon_core.shell:Skip shell extension 'dsv' for command environment
[23.452s] DEBUG:colcon.colcon_core.event_handler.log_command:Invoking command in '/workspaces/ros2_jazzy_docker/ros2_ws/build/turtlebot3_fake_node': CMAKE_PREFIX_PATH=/workspaces/ros2_jazzy_docker/ros2_ws/install/turtlebot3_msgs:/workspaces/ros2_jazzy_docker/ros2_ws/install/turtlebot3:/workspaces/ros2_jazzy_docker/ros2_ws/install/turtlebot3_simulations:/workspaces/ros2_jazzy_docker/ros2_ws/install/turtlebot3_bringup:/workspaces/ros2_jazzy_docker/ros2_ws/install/turtlebot3_node:/workspaces/ros2_jazzy_docker/ros2_ws/install/turtlebot3_navigation2:/workspaces/ros2_jazzy_docker/ros2_ws/install/turtlebot3_fake_node:/workspaces/ros2_jazzy_docker/ros2_ws/install/turtlebot3_gazebo:/workspaces/ros2_jazzy_docker/ros2_ws/install/turtlebot3_description:/workspaces/ros2_jazzy_docker/ros2_ws/install/turtlebot3_cartographer:/workspaces/ros2_jazzy_docker/ros2_ws/src/install/turtlebot3:/workspaces/ros2_jazzy_docker/ros2_ws/src/install/turtlebot3_simulations:/workspaces/ros2_jazzy_docker/ros2_ws/src/install/turtlebot3_bringup:/workspaces/ros2_jazzy_docker/ros2_ws/src/install/turtlebot3_node:/workspaces/ros2_jazzy_docker/ros2_ws/src/install/turtlebot3_navigation2:/workspaces/ros2_jazzy_docker/ros2_ws/src/install/turtlebot3_fake_node:/workspaces/ros2_jazzy_docker/ros2_ws/src/install/turtlebot3_msgs:/workspaces/ros2_jazzy_docker/ros2_ws/src/install/turtlebot3_gazebo:/workspaces/ros2_jazzy_docker/ros2_ws/src/install/turtlebot3_description:/workspaces/ros2_jazzy_docker/ros2_ws/src/install/turtlebot3_cartographer:/workspaces/ros2_jazzy_docker/ros2_ws/src/install/stage_ros2:/workspaces/ros2_jazzy_docker/ros2_ws/src/install/stage:/workspaces/ros2_jazzy_docker/ros2_ws/install/stage_ros2:/workspaces/ros2_jazzy_docker/ros2_ws/install/turtlebot3_teleop:/workspaces/ros2_jazzy_docker/ros2_ws/install/turtlebot3_example:/workspaces/ros2_jazzy_docker/ros2_ws/src/install/turtlebot3_teleop:/workspaces/ros2_jazzy_docker/ros2_ws/src/install/turtlebot3_example:/workspaces/ros2_jazzy_docker/ros2_ws/src/install/turtleboot3_autonomous_nav:/workspaces/ros2_jazzy_docker/ros2_ws/src/install/turtle_py:/workspaces/ros2_jazzy_docker/ros2_ws/src/install/stage_autonomous_nav:/workspaces/ros2_jazzy_docker/ros2_ws/install/turtleboot3_autonomous_nav:/workspaces/ros2_jazzy_docker/ros2_ws/install/turtle_py:/workspaces/ros2_jazzy_docker/ros2_ws/install/stage_autonomous_nav:/opt/ros/jazzy:/workspaces/ros2_jazzy_docker/ros2_ws/install/stage:/opt/ros/jazzy/opt/gz_sim_vendor:/opt/ros/jazzy/opt/gz_sensors_vendor:/opt/ros/jazzy/opt/gz_physics_vendor:/opt/ros/jazzy/opt/sdformat_vendor:/opt/ros/jazzy/opt/gz_gui_vendor:/opt/ros/jazzy/opt/gz_transport_vendor:/opt/ros/jazzy/opt/gz_rendering_vendor:/opt/ros/jazzy/opt/gz_plugin_vendor:/opt/ros/jazzy/opt/gz_fuel_tools_vendor:/opt/ros/jazzy/opt/gz_msgs_vendor:/opt/ros/jazzy/opt/gz_common_vendor:/opt/ros/jazzy/opt/gz_math_vendor:/opt/ros/jazzy/opt/gz_utils_vendor:/opt/ros/jazzy/opt/gz_tools_vendor:/opt/ros/jazzy/opt/gz_ogre_next_vendor:/opt/ros/jazzy/opt/gz_dartsim_vendor:/opt/ros/jazzy/opt/gz_cmake_vendor PYTHONPATH=/workspaces/ros2_jazzy_docker/ros2_ws/install/turtlebot3_msgs/lib/python3.12/site-packages:/workspaces/ros2_jazzy_docker/ros2_ws/install/turtlebot3_teleop/lib/python3.12/site-packages:/workspaces/ros2_jazzy_docker/ros2_ws/install/turtlebot3_example/lib/python3.12/site-packages:/workspaces/ros2_jazzy_docker/ros2_ws/src/install/turtlebot3_teleop/lib/python3.12/site-packages:/workspaces/ros2_jazzy_docker/ros2_ws/src/install/turtlebot3_example/lib/python3.12/site-packages:/workspaces/ros2_jazzy_docker/ros2_ws/src/install/turtlebot3_msgs/lib/python3.12/site-packages:/workspaces/ros2_jazzy_docker/ros2_ws/src/install/turtleboot3_autonomous_nav/lib/python3.12/site-packages:/workspaces/ros2_jazzy_docker/ros2_ws/src/install/turtle_py/lib/python3.12/site-packages:/workspaces/ros2_jazzy_docker/ros2_ws/src/install/stage_autonomous_nav/lib/python3.12/site-packages:/workspaces/ros2_jazzy_docker/ros2_ws/build/turtleboot3_autonomous_nav:/workspaces/ros2_jazzy_docker/ros2_ws/install/turtleboot3_autonomous_nav/lib/python3.12/site-packages:/workspaces/ros2_jazzy_docker/ros2_ws/build/turtle_py:/workspaces/ros2_jazzy_docker/ros2_ws/install/turtle_py/lib/python3.12/site-packages:/workspaces/ros2_jazzy_docker/ros2_ws/build/stage_autonomous_nav:/workspaces/ros2_jazzy_docker/ros2_ws/install/stage_autonomous_nav/lib/python3.12/site-packages:/opt/ros/jazzy/lib/python3.12/site-packages /usr/bin/cmake /workspaces/ros2_jazzy_docker/ros2_ws/src/turtlebot3_simulations/turtlebot3_fake_node -DCMAKE_INSTALL_PREFIX=/workspaces/ros2_jazzy_docker/ros2_ws/install/turtlebot3_fake_node
[24.273s] DEBUG:colcon.colcon_core.task.python.build:Available setuptools commands: develop, editable_wheel, install_egg_info, bdist, rotate, check, compile_catalog, install_scripts, build_scripts, bdist_egg, upload_docs, install_data, easy_install, extract_messages, build, bdist_dumb, dist_info, symlink_data, bdist_wheel, update_catalog, build_py, test, upload, alias, saveopts, install_lib, init_catalog, egg_info, register, sdist, build_ext, setopt, build_clib, clean, install_headers, install, bdist_rpm
[24.279s] DEBUG:colcon.colcon_core.event_handler.log_command:Invoking command in '/workspaces/ros2_jazzy_docker/ros2_ws/src/turtlebot3/turtlebot3_example': CMAKE_PREFIX_PATH=/workspaces/ros2_jazzy_docker/ros2_ws/install/turtlebot3_msgs:/workspaces/ros2_jazzy_docker/ros2_ws/install/turtlebot3:/workspaces/ros2_jazzy_docker/ros2_ws/install/turtlebot3_simulations:/workspaces/ros2_jazzy_docker/ros2_ws/install/turtlebot3_bringup:/workspaces/ros2_jazzy_docker/ros2_ws/install/turtlebot3_node:/workspaces/ros2_jazzy_docker/ros2_ws/install/turtlebot3_navigation2:/workspaces/ros2_jazzy_docker/ros2_ws/install/turtlebot3_fake_node:/workspaces/ros2_jazzy_docker/ros2_ws/install/turtlebot3_gazebo:/workspaces/ros2_jazzy_docker/ros2_ws/install/turtlebot3_description:/workspaces/ros2_jazzy_docker/ros2_ws/install/turtlebot3_cartographer:/workspaces/ros2_jazzy_docker/ros2_ws/src/install/turtlebot3:/workspaces/ros2_jazzy_docker/ros2_ws/src/install/turtlebot3_simulations:/workspaces/ros2_jazzy_docker/ros2_ws/src/install/turtlebot3_bringup:/workspaces/ros2_jazzy_docker/ros2_ws/src/install/turtlebot3_node:/workspaces/ros2_jazzy_docker/ros2_ws/src/install/turtlebot3_navigation2:/workspaces/ros2_jazzy_docker/ros2_ws/src/install/turtlebot3_fake_node:/workspaces/ros2_jazzy_docker/ros2_ws/src/install/turtlebot3_msgs:/workspaces/ros2_jazzy_docker/ros2_ws/src/install/turtlebot3_gazebo:/workspaces/ros2_jazzy_docker/ros2_ws/src/install/turtlebot3_description:/workspaces/ros2_jazzy_docker/ros2_ws/src/install/turtlebot3_cartographer:/workspaces/ros2_jazzy_docker/ros2_ws/src/install/stage_ros2:/workspaces/ros2_jazzy_docker/ros2_ws/src/install/stage:/workspaces/ros2_jazzy_docker/ros2_ws/install/stage_ros2:/workspaces/ros2_jazzy_docker/ros2_ws/install/stage:/opt/ros/jazzy/opt/gz_sim_vendor:/opt/ros/jazzy/opt/gz_sensors_vendor:/opt/ros/jazzy/opt/gz_physics_vendor:/opt/ros/jazzy/opt/sdformat_vendor:/opt/ros/jazzy/opt/gz_gui_vendor:/opt/ros/jazzy/opt/gz_transport_vendor:/opt/ros/jazzy/opt/gz_rendering_vendor:/opt/ros/jazzy/opt/gz_plugin_vendor:/opt/ros/jazzy/opt/gz_fuel_tools_vendor:/opt/ros/jazzy/opt/gz_msgs_vendor:/opt/ros/jazzy/opt/gz_common_vendor:/opt/ros/jazzy/opt/gz_math_vendor:/opt/ros/jazzy/opt/gz_utils_vendor:/opt/ros/jazzy/opt/gz_tools_vendor:/opt/ros/jazzy/opt/gz_ogre_next_vendor:/opt/ros/jazzy/opt/gz_dartsim_vendor:/opt/ros/jazzy/opt/gz_cmake_vendor PYTHONPATH=/workspaces/ros2_jazzy_docker/ros2_ws/build/turtlebot3_example/prefix_override:/usr/lib/python3/dist-packages/colcon_core/task/python/colcon_distutils_commands:/workspaces/ros2_jazzy_docker/ros2_ws/install/turtlebot3_example/lib/python3.12/site-packages:/workspaces/ros2_jazzy_docker/ros2_ws/install/turtlebot3_msgs/lib/python3.12/site-packages:/workspaces/ros2_jazzy_docker/ros2_ws/install/turtlebot3_teleop/lib/python3.12/site-packages:/workspaces/ros2_jazzy_docker/ros2_ws/install/turtlebot3_example/lib/python3.12/site-packages:/workspaces/ros2_jazzy_docker/ros2_ws/src/install/turtlebot3_teleop/lib/python3.12/site-packages:/workspaces/ros2_jazzy_docker/ros2_ws/src/install/turtlebot3_example/lib/python3.12/site-packages:/workspaces/ros2_jazzy_docker/ros2_ws/src/install/turtlebot3_msgs/lib/python3.12/site-packages:/workspaces/ros2_jazzy_docker/ros2_ws/src/install/turtleboot3_autonomous_nav/lib/python3.12/site-packages:/workspaces/ros2_jazzy_docker/ros2_ws/src/install/turtle_py/lib/python3.12/site-packages:/workspaces/ros2_jazzy_docker/ros2_ws/src/install/stage_autonomous_nav/lib/python3.12/site-packages:/workspaces/ros2_jazzy_docker/ros2_ws/build/turtleboot3_autonomous_nav:/workspaces/ros2_jazzy_docker/ros2_ws/install/turtleboot3_autonomous_nav/lib/python3.12/site-packages:/workspaces/ros2_jazzy_docker/ros2_ws/build/turtle_py:/workspaces/ros2_jazzy_docker/ros2_ws/install/turtle_py/lib/python3.12/site-packages:/workspaces/ros2_jazzy_docker/ros2_ws/build/stage_autonomous_nav:/workspaces/ros2_jazzy_docker/ros2_ws/install/stage_autonomous_nav/lib/python3.12/site-packages:/opt/ros/jazzy/lib/python3.12/site-packages /usr/bin/python3 -W ignore:setup.py install is deprecated -W ignore:easy_install command is deprecated setup.py egg_info --egg-base ../../../build/turtlebot3_example build --build-base /workspaces/ros2_jazzy_docker/ros2_ws/build/turtlebot3_example/build install --record /workspaces/ros2_jazzy_docker/ros2_ws/build/turtlebot3_example/install.log --install-scripts $base/lib/turtlebot3_example --single-version-externally-managed install_data
[24.641s] DEBUG:colcon.colcon_core.event_handler.log_command:Invoked command in '/workspaces/ros2_jazzy_docker/ros2_ws/build/turtlebot3_gazebo' returned '0': CMAKE_PREFIX_PATH=${CMAKE_PREFIX_PATH}:/workspaces/ros2_jazzy_docker/ros2_ws/install/turtlebot3_teleop:/workspaces/ros2_jazzy_docker/ros2_ws/install/turtlebot3_example:/workspaces/ros2_jazzy_docker/ros2_ws/src/install/turtlebot3_teleop:/workspaces/ros2_jazzy_docker/ros2_ws/src/install/turtlebot3_example:/workspaces/ros2_jazzy_docker/ros2_ws/src/install/turtleboot3_autonomous_nav:/workspaces/ros2_jazzy_docker/ros2_ws/src/install/turtle_py:/workspaces/ros2_jazzy_docker/ros2_ws/src/install/stage_autonomous_nav:/workspaces/ros2_jazzy_docker/ros2_ws/install/turtleboot3_autonomous_nav:/workspaces/ros2_jazzy_docker/ros2_ws/install/turtle_py:/workspaces/ros2_jazzy_docker/ros2_ws/install/stage_autonomous_nav:/opt/ros/jazzy /usr/bin/cmake --build /workspaces/ros2_jazzy_docker/ros2_ws/build/turtlebot3_gazebo -- -j12 -l12
[24.650s] DEBUG:colcon.colcon_core.event_handler.log_command:Invoking command in '/workspaces/ros2_jazzy_docker/ros2_ws/build/turtlebot3_gazebo': CMAKE_PREFIX_PATH=${CMAKE_PREFIX_PATH}:/workspaces/ros2_jazzy_docker/ros2_ws/install/turtlebot3_teleop:/workspaces/ros2_jazzy_docker/ros2_ws/install/turtlebot3_example:/workspaces/ros2_jazzy_docker/ros2_ws/src/install/turtlebot3_teleop:/workspaces/ros2_jazzy_docker/ros2_ws/src/install/turtlebot3_example:/workspaces/ros2_jazzy_docker/ros2_ws/src/install/turtleboot3_autonomous_nav:/workspaces/ros2_jazzy_docker/ros2_ws/src/install/turtle_py:/workspaces/ros2_jazzy_docker/ros2_ws/src/install/stage_autonomous_nav:/workspaces/ros2_jazzy_docker/ros2_ws/install/turtleboot3_autonomous_nav:/workspaces/ros2_jazzy_docker/ros2_ws/install/turtle_py:/workspaces/ros2_jazzy_docker/ros2_ws/install/stage_autonomous_nav:/opt/ros/jazzy /usr/bin/cmake --install /workspaces/ros2_jazzy_docker/ros2_ws/build/turtlebot3_gazebo
[24.810s] Level 1:colcon.colcon_core.environment:checking '/workspaces/ros2_jazzy_docker/ros2_ws/install/turtlebot3_example' for CMake module files
[24.814s] DEBUG:colcon.colcon_core.event_handler.log_command:Invoked command in '/workspaces/ros2_jazzy_docker/ros2_ws/src/turtlebot3/turtlebot3_example' returned '0': CMAKE_PREFIX_PATH=/workspaces/ros2_jazzy_docker/ros2_ws/install/turtlebot3_msgs:/workspaces/ros2_jazzy_docker/ros2_ws/install/turtlebot3:/workspaces/ros2_jazzy_docker/ros2_ws/install/turtlebot3_simulations:/workspaces/ros2_jazzy_docker/ros2_ws/install/turtlebot3_bringup:/workspaces/ros2_jazzy_docker/ros2_ws/install/turtlebot3_node:/workspaces/ros2_jazzy_docker/ros2_ws/install/turtlebot3_navigation2:/workspaces/ros2_jazzy_docker/ros2_ws/install/turtlebot3_fake_node:/workspaces/ros2_jazzy_docker/ros2_ws/install/turtlebot3_gazebo:/workspaces/ros2_jazzy_docker/ros2_ws/install/turtlebot3_description:/workspaces/ros2_jazzy_docker/ros2_ws/install/turtlebot3_cartographer:/workspaces/ros2_jazzy_docker/ros2_ws/src/install/turtlebot3:/workspaces/ros2_jazzy_docker/ros2_ws/src/install/turtlebot3_simulations:/workspaces/ros2_jazzy_docker/ros2_ws/src/install/turtlebot3_bringup:/workspaces/ros2_jazzy_docker/ros2_ws/src/install/turtlebot3_node:/workspaces/ros2_jazzy_docker/ros2_ws/src/install/turtlebot3_navigation2:/workspaces/ros2_jazzy_docker/ros2_ws/src/install/turtlebot3_fake_node:/workspaces/ros2_jazzy_docker/ros2_ws/src/install/turtlebot3_msgs:/workspaces/ros2_jazzy_docker/ros2_ws/src/install/turtlebot3_gazebo:/workspaces/ros2_jazzy_docker/ros2_ws/src/install/turtlebot3_description:/workspaces/ros2_jazzy_docker/ros2_ws/src/install/turtlebot3_cartographer:/workspaces/ros2_jazzy_docker/ros2_ws/src/install/stage_ros2:/workspaces/ros2_jazzy_docker/ros2_ws/src/install/stage:/workspaces/ros2_jazzy_docker/ros2_ws/install/stage_ros2:/workspaces/ros2_jazzy_docker/ros2_ws/install/stage:/opt/ros/jazzy/opt/gz_sim_vendor:/opt/ros/jazzy/opt/gz_sensors_vendor:/opt/ros/jazzy/opt/gz_physics_vendor:/opt/ros/jazzy/opt/sdformat_vendor:/opt/ros/jazzy/opt/gz_gui_vendor:/opt/ros/jazzy/opt/gz_transport_vendor:/opt/ros/jazzy/opt/gz_rendering_vendor:/opt/ros/jazzy/opt/gz_plugin_vendor:/opt/ros/jazzy/opt/gz_fuel_tools_vendor:/opt/ros/jazzy/opt/gz_msgs_vendor:/opt/ros/jazzy/opt/gz_common_vendor:/opt/ros/jazzy/opt/gz_math_vendor:/opt/ros/jazzy/opt/gz_utils_vendor:/opt/ros/jazzy/opt/gz_tools_vendor:/opt/ros/jazzy/opt/gz_ogre_next_vendor:/opt/ros/jazzy/opt/gz_dartsim_vendor:/opt/ros/jazzy/opt/gz_cmake_vendor PYTHONPATH=/workspaces/ros2_jazzy_docker/ros2_ws/build/turtlebot3_example/prefix_override:/usr/lib/python3/dist-packages/colcon_core/task/python/colcon_distutils_commands:/workspaces/ros2_jazzy_docker/ros2_ws/install/turtlebot3_example/lib/python3.12/site-packages:/workspaces/ros2_jazzy_docker/ros2_ws/install/turtlebot3_msgs/lib/python3.12/site-packages:/workspaces/ros2_jazzy_docker/ros2_ws/install/turtlebot3_teleop/lib/python3.12/site-packages:/workspaces/ros2_jazzy_docker/ros2_ws/install/turtlebot3_example/lib/python3.12/site-packages:/workspaces/ros2_jazzy_docker/ros2_ws/src/install/turtlebot3_teleop/lib/python3.12/site-packages:/workspaces/ros2_jazzy_docker/ros2_ws/src/install/turtlebot3_example/lib/python3.12/site-packages:/workspaces/ros2_jazzy_docker/ros2_ws/src/install/turtlebot3_msgs/lib/python3.12/site-packages:/workspaces/ros2_jazzy_docker/ros2_ws/src/install/turtleboot3_autonomous_nav/lib/python3.12/site-packages:/workspaces/ros2_jazzy_docker/ros2_ws/src/install/turtle_py/lib/python3.12/site-packages:/workspaces/ros2_jazzy_docker/ros2_ws/src/install/stage_autonomous_nav/lib/python3.12/site-packages:/workspaces/ros2_jazzy_docker/ros2_ws/build/turtleboot3_autonomous_nav:/workspaces/ros2_jazzy_docker/ros2_ws/install/turtleboot3_autonomous_nav/lib/python3.12/site-packages:/workspaces/ros2_jazzy_docker/ros2_ws/build/turtle_py:/workspaces/ros2_jazzy_docker/ros2_ws/install/turtle_py/lib/python3.12/site-packages:/workspaces/ros2_jazzy_docker/ros2_ws/build/stage_autonomous_nav:/workspaces/ros2_jazzy_docker/ros2_ws/install/stage_autonomous_nav/lib/python3.12/site-packages:/opt/ros/jazzy/lib/python3.12/site-packages /usr/bin/python3 -W ignore:setup.py install is deprecated -W ignore:easy_install command is deprecated setup.py egg_info --egg-base ../../../build/turtlebot3_example build --build-base /workspaces/ros2_jazzy_docker/ros2_ws/build/turtlebot3_example/build install --record /workspaces/ros2_jazzy_docker/ros2_ws/build/turtlebot3_example/install.log --install-scripts $base/lib/turtlebot3_example --single-version-externally-managed install_data
[24.815s] Level 1:colcon.colcon_core.environment:checking '/workspaces/ros2_jazzy_docker/ros2_ws/install/turtlebot3_example' for CMake config files
[24.827s] Level 1:colcon.colcon_core.environment:checking '/workspaces/ros2_jazzy_docker/ros2_ws/install/turtlebot3_example/lib'
[24.828s] Level 1:colcon.colcon_core.environment:checking '/workspaces/ros2_jazzy_docker/ros2_ws/install/turtlebot3_example/bin'
[24.829s] Level 1:colcon.colcon_core.environment:checking '/workspaces/ros2_jazzy_docker/ros2_ws/install/turtlebot3_example/lib/pkgconfig/turtlebot3_example.pc'
[24.830s] Level 1:colcon.colcon_core.environment:checking '/workspaces/ros2_jazzy_docker/ros2_ws/install/turtlebot3_example/lib/python3.12/site-packages'
[24.831s] Level 1:colcon.colcon_core.shell:create_environment_hook('turtlebot3_example', 'pythonpath')
[24.833s] INFO:colcon.colcon_core.shell:Creating environment hook '/workspaces/ros2_jazzy_docker/ros2_ws/install/turtlebot3_example/share/turtlebot3_example/hook/pythonpath.ps1'
[24.836s] INFO:colcon.colcon_core.shell:Creating environment descriptor '/workspaces/ros2_jazzy_docker/ros2_ws/install/turtlebot3_example/share/turtlebot3_example/hook/pythonpath.dsv'
[24.838s] INFO:colcon.colcon_core.shell:Creating environment hook '/workspaces/ros2_jazzy_docker/ros2_ws/install/turtlebot3_example/share/turtlebot3_example/hook/pythonpath.sh'
[24.842s] Level 1:colcon.colcon_core.environment:checking '/workspaces/ros2_jazzy_docker/ros2_ws/install/turtlebot3_example/bin'
[24.842s] Level 1:colcon.colcon_core.environment:create_environment_scripts_only(turtlebot3_example)
[24.844s] INFO:colcon.colcon_core.shell:Creating package script '/workspaces/ros2_jazzy_docker/ros2_ws/install/turtlebot3_example/share/turtlebot3_example/package.ps1'
[24.848s] INFO:colcon.colcon_core.shell:Creating package descriptor '/workspaces/ros2_jazzy_docker/ros2_ws/install/turtlebot3_example/share/turtlebot3_example/package.dsv'
[24.851s] INFO:colcon.colcon_core.shell:Creating package script '/workspaces/ros2_jazzy_docker/ros2_ws/install/turtlebot3_example/share/turtlebot3_example/package.sh'
[24.852s] INFO:colcon.colcon_core.shell:Creating package script '/workspaces/ros2_jazzy_docker/ros2_ws/install/turtlebot3_example/share/turtlebot3_example/package.bash'
[24.854s] INFO:colcon.colcon_core.shell:Creating package script '/workspaces/ros2_jazzy_docker/ros2_ws/install/turtlebot3_example/share/turtlebot3_example/package.zsh'
[24.856s] Level 1:colcon.colcon_core.environment:create_file_with_runtime_dependencies(/workspaces/ros2_jazzy_docker/ros2_ws/install/turtlebot3_example/share/colcon-core/packages/turtlebot3_example)
[25.782s] Level 1:colcon.colcon_core.environment:create_environment_scripts_only(turtlebot3_gazebo)
[25.784s] Level 1:colcon.colcon_core.environment:checking '/workspaces/ros2_jazzy_docker/ros2_ws/install/turtlebot3_gazebo' for CMake module files
[25.785s] DEBUG:colcon.colcon_core.event_handler.log_command:Invoked command in '/workspaces/ros2_jazzy_docker/ros2_ws/build/turtlebot3_gazebo' returned '0': CMAKE_PREFIX_PATH=${CMAKE_PREFIX_PATH}:/workspaces/ros2_jazzy_docker/ros2_ws/install/turtlebot3_teleop:/workspaces/ros2_jazzy_docker/ros2_ws/install/turtlebot3_example:/workspaces/ros2_jazzy_docker/ros2_ws/src/install/turtlebot3_teleop:/workspaces/ros2_jazzy_docker/ros2_ws/src/install/turtlebot3_example:/workspaces/ros2_jazzy_docker/ros2_ws/src/install/turtleboot3_autonomous_nav:/workspaces/ros2_jazzy_docker/ros2_ws/src/install/turtle_py:/workspaces/ros2_jazzy_docker/ros2_ws/src/install/stage_autonomous_nav:/workspaces/ros2_jazzy_docker/ros2_ws/install/turtleboot3_autonomous_nav:/workspaces/ros2_jazzy_docker/ros2_ws/install/turtle_py:/workspaces/ros2_jazzy_docker/ros2_ws/install/stage_autonomous_nav:/opt/ros/jazzy /usr/bin/cmake --install /workspaces/ros2_jazzy_docker/ros2_ws/build/turtlebot3_gazebo
[25.787s] Level 1:colcon.colcon_core.environment:checking '/workspaces/ros2_jazzy_docker/ros2_ws/install/turtlebot3_gazebo' for CMake config files
[25.792s] Level 1:colcon.colcon_core.shell:create_environment_hook('turtlebot3_gazebo', 'cmake_prefix_path')
[25.793s] INFO:colcon.colcon_core.shell:Creating environment hook '/workspaces/ros2_jazzy_docker/ros2_ws/install/turtlebot3_gazebo/share/turtlebot3_gazebo/hook/cmake_prefix_path.ps1'
[25.796s] INFO:colcon.colcon_core.shell:Creating environment descriptor '/workspaces/ros2_jazzy_docker/ros2_ws/install/turtlebot3_gazebo/share/turtlebot3_gazebo/hook/cmake_prefix_path.dsv'
[25.798s] INFO:colcon.colcon_core.shell:Creating environment hook '/workspaces/ros2_jazzy_docker/ros2_ws/install/turtlebot3_gazebo/share/turtlebot3_gazebo/hook/cmake_prefix_path.sh'
[25.802s] Level 1:colcon.colcon_core.environment:checking '/workspaces/ros2_jazzy_docker/ros2_ws/install/turtlebot3_gazebo/lib'
[25.802s] Level 1:colcon.colcon_core.environment:checking '/workspaces/ros2_jazzy_docker/ros2_ws/install/turtlebot3_gazebo/bin'
[25.803s] Level 1:colcon.colcon_core.environment:checking '/workspaces/ros2_jazzy_docker/ros2_ws/install/turtlebot3_gazebo/lib/pkgconfig/turtlebot3_gazebo.pc'
[25.805s] Level 1:colcon.colcon_core.environment:checking '/workspaces/ros2_jazzy_docker/ros2_ws/install/turtlebot3_gazebo/lib/python3.12/site-packages'
[25.806s] Level 1:colcon.colcon_core.environment:checking '/workspaces/ros2_jazzy_docker/ros2_ws/install/turtlebot3_gazebo/bin'
[25.807s] INFO:colcon.colcon_core.shell:Creating package script '/workspaces/ros2_jazzy_docker/ros2_ws/install/turtlebot3_gazebo/share/turtlebot3_gazebo/package.ps1'
[25.808s] INFO:colcon.colcon_core.shell:Creating package descriptor '/workspaces/ros2_jazzy_docker/ros2_ws/install/turtlebot3_gazebo/share/turtlebot3_gazebo/package.dsv'
[25.810s] INFO:colcon.colcon_core.shell:Creating package script '/workspaces/ros2_jazzy_docker/ros2_ws/install/turtlebot3_gazebo/share/turtlebot3_gazebo/package.sh'
[25.812s] INFO:colcon.colcon_core.shell:Creating package script '/workspaces/ros2_jazzy_docker/ros2_ws/install/turtlebot3_gazebo/share/turtlebot3_gazebo/package.bash'
[25.815s] INFO:colcon.colcon_core.shell:Creating package script '/workspaces/ros2_jazzy_docker/ros2_ws/install/turtlebot3_gazebo/share/turtlebot3_gazebo/package.zsh'
[25.817s] Level 1:colcon.colcon_core.environment:create_file_with_runtime_dependencies(/workspaces/ros2_jazzy_docker/ros2_ws/install/turtlebot3_gazebo/share/colcon-core/packages/turtlebot3_gazebo)
[25.823s] Level 1:colcon.colcon_core.environment:create_environment_scripts_only(turtlebot3_gazebo)
[25.824s] Level 1:colcon.colcon_core.environment:checking '/workspaces/ros2_jazzy_docker/ros2_ws/install/turtlebot3_gazebo' for CMake module files
[25.833s] Level 1:colcon.colcon_core.environment:checking '/workspaces/ros2_jazzy_docker/ros2_ws/install/turtlebot3_gazebo' for CMake config files
[25.838s] Level 1:colcon.colcon_core.shell:create_environment_hook('turtlebot3_gazebo', 'cmake_prefix_path')
[25.839s] INFO:colcon.colcon_core.shell:Creating environment hook '/workspaces/ros2_jazzy_docker/ros2_ws/install/turtlebot3_gazebo/share/turtlebot3_gazebo/hook/cmake_prefix_path.ps1'
[25.841s] INFO:colcon.colcon_core.shell:Creating environment descriptor '/workspaces/ros2_jazzy_docker/ros2_ws/install/turtlebot3_gazebo/share/turtlebot3_gazebo/hook/cmake_prefix_path.dsv'
[25.843s] INFO:colcon.colcon_core.shell:Creating environment hook '/workspaces/ros2_jazzy_docker/ros2_ws/install/turtlebot3_gazebo/share/turtlebot3_gazebo/hook/cmake_prefix_path.sh'
[25.845s] Level 1:colcon.colcon_core.environment:checking '/workspaces/ros2_jazzy_docker/ros2_ws/install/turtlebot3_gazebo/lib'
[25.846s] Level 1:colcon.colcon_core.environment:checking '/workspaces/ros2_jazzy_docker/ros2_ws/install/turtlebot3_gazebo/bin'
[25.846s] Level 1:colcon.colcon_core.environment:checking '/workspaces/ros2_jazzy_docker/ros2_ws/install/turtlebot3_gazebo/lib/pkgconfig/turtlebot3_gazebo.pc'
[25.847s] Level 1:colcon.colcon_core.environment:checking '/workspaces/ros2_jazzy_docker/ros2_ws/install/turtlebot3_gazebo/lib/python3.12/site-packages'
[25.848s] Level 1:colcon.colcon_core.environment:checking '/workspaces/ros2_jazzy_docker/ros2_ws/install/turtlebot3_gazebo/bin'
[25.848s] INFO:colcon.colcon_core.shell:Creating package script '/workspaces/ros2_jazzy_docker/ros2_ws/install/turtlebot3_gazebo/share/turtlebot3_gazebo/package.ps1'
[25.850s] INFO:colcon.colcon_core.shell:Creating package descriptor '/workspaces/ros2_jazzy_docker/ros2_ws/install/turtlebot3_gazebo/share/turtlebot3_gazebo/package.dsv'
[25.853s] INFO:colcon.colcon_core.shell:Creating package script '/workspaces/ros2_jazzy_docker/ros2_ws/install/turtlebot3_gazebo/share/turtlebot3_gazebo/package.sh'
[25.856s] INFO:colcon.colcon_core.shell:Creating package script '/workspaces/ros2_jazzy_docker/ros2_ws/install/turtlebot3_gazebo/share/turtlebot3_gazebo/package.bash'
[25.860s] INFO:colcon.colcon_core.shell:Creating package script '/workspaces/ros2_jazzy_docker/ros2_ws/install/turtlebot3_gazebo/share/turtlebot3_gazebo/package.zsh'
[25.864s] Level 1:colcon.colcon_core.environment:create_file_with_runtime_dependencies(/workspaces/ros2_jazzy_docker/ros2_ws/install/turtlebot3_gazebo/share/colcon-core/packages/turtlebot3_gazebo)
[25.866s] INFO:colcon.colcon_ros.task.ament_python.build:Building ROS package in '/workspaces/ros2_jazzy_docker/ros2_ws/src/turtleboot3_autonomous_nav' with build type 'ament_python'
[25.867s] Level 1:colcon.colcon_core.shell:create_environment_hook('turtleboot3_autonomous_nav', 'ament_prefix_path')
[25.868s] INFO:colcon.colcon_core.shell:Creating environment hook '/workspaces/ros2_jazzy_docker/ros2_ws/install/turtleboot3_autonomous_nav/share/turtleboot3_autonomous_nav/hook/ament_prefix_path.ps1'
[25.872s] INFO:colcon.colcon_core.shell:Creating environment descriptor '/workspaces/ros2_jazzy_docker/ros2_ws/install/turtleboot3_autonomous_nav/share/turtleboot3_autonomous_nav/hook/ament_prefix_path.dsv'
[25.874s] INFO:colcon.colcon_core.shell:Creating environment hook '/workspaces/ros2_jazzy_docker/ros2_ws/install/turtleboot3_autonomous_nav/share/turtleboot3_autonomous_nav/hook/ament_prefix_path.sh'
[25.879s] INFO:colcon.colcon_core.shell:Skip shell extension 'powershell' for command environment: Not usable outside of PowerShell
[25.879s] DEBUG:colcon.colcon_core.shell:Skip shell extension 'dsv' for command environment
[26.369s] INFO:colcon.colcon_core.task.python.build:Building Python package in '/workspaces/ros2_jazzy_docker/ros2_ws/src/turtleboot3_autonomous_nav'
[26.369s] INFO:colcon.colcon_core.shell:Skip shell extension 'powershell' for command environment: Not usable outside of PowerShell
[26.369s] DEBUG:colcon.colcon_core.shell:Skip shell extension 'dsv' for command environment
[27.005s] DEBUG:colcon.colcon_core.task.python.build:Available setuptools commands: develop, editable_wheel, install_egg_info, bdist, rotate, check, compile_catalog, install_scripts, build_scripts, bdist_egg, upload_docs, install_data, easy_install, extract_messages, build, bdist_dumb, dist_info, symlink_data, bdist_wheel, update_catalog, build_py, test, upload, alias, saveopts, install_lib, init_catalog, egg_info, register, sdist, build_ext, setopt, build_clib, clean, install_headers, install, bdist_rpm
[27.014s] DEBUG:colcon.colcon_core.event_handler.log_command:Invoking command in '/workspaces/ros2_jazzy_docker/ros2_ws/src/turtleboot3_autonomous_nav': CMAKE_PREFIX_PATH=/workspaces/ros2_jazzy_docker/ros2_ws/install/turtlebot3_gazebo:/workspaces/ros2_jazzy_docker/ros2_ws/install/turtlebot3:/workspaces/ros2_jazzy_docker/ros2_ws/install/turtlebot3_simulations:/workspaces/ros2_jazzy_docker/ros2_ws/install/turtlebot3_bringup:/workspaces/ros2_jazzy_docker/ros2_ws/install/turtlebot3_node:/workspaces/ros2_jazzy_docker/ros2_ws/install/turtlebot3_navigation2:/workspaces/ros2_jazzy_docker/ros2_ws/install/turtlebot3_fake_node:/workspaces/ros2_jazzy_docker/ros2_ws/install/turtlebot3_msgs:/workspaces/ros2_jazzy_docker/ros2_ws/install/turtlebot3_description:/workspaces/ros2_jazzy_docker/ros2_ws/install/turtlebot3_cartographer:/workspaces/ros2_jazzy_docker/ros2_ws/src/install/turtlebot3:/workspaces/ros2_jazzy_docker/ros2_ws/src/install/turtlebot3_simulations:/workspaces/ros2_jazzy_docker/ros2_ws/src/install/turtlebot3_bringup:/workspaces/ros2_jazzy_docker/ros2_ws/src/install/turtlebot3_node:/workspaces/ros2_jazzy_docker/ros2_ws/src/install/turtlebot3_navigation2:/workspaces/ros2_jazzy_docker/ros2_ws/src/install/turtlebot3_fake_node:/workspaces/ros2_jazzy_docker/ros2_ws/src/install/turtlebot3_msgs:/workspaces/ros2_jazzy_docker/ros2_ws/src/install/turtlebot3_gazebo:/workspaces/ros2_jazzy_docker/ros2_ws/src/install/turtlebot3_description:/workspaces/ros2_jazzy_docker/ros2_ws/src/install/turtlebot3_cartographer:/workspaces/ros2_jazzy_docker/ros2_ws/src/install/stage_ros2:/workspaces/ros2_jazzy_docker/ros2_ws/src/install/stage:/workspaces/ros2_jazzy_docker/ros2_ws/install/stage_ros2:/workspaces/ros2_jazzy_docker/ros2_ws/install/stage:/opt/ros/jazzy/opt/gz_sim_vendor:/opt/ros/jazzy/opt/gz_sensors_vendor:/opt/ros/jazzy/opt/gz_physics_vendor:/opt/ros/jazzy/opt/sdformat_vendor:/opt/ros/jazzy/opt/gz_gui_vendor:/opt/ros/jazzy/opt/gz_transport_vendor:/opt/ros/jazzy/opt/gz_rendering_vendor:/opt/ros/jazzy/opt/gz_plugin_vendor:/opt/ros/jazzy/opt/gz_fuel_tools_vendor:/opt/ros/jazzy/opt/gz_msgs_vendor:/opt/ros/jazzy/opt/gz_common_vendor:/opt/ros/jazzy/opt/gz_math_vendor:/opt/ros/jazzy/opt/gz_utils_vendor:/opt/ros/jazzy/opt/gz_tools_vendor:/opt/ros/jazzy/opt/gz_ogre_next_vendor:/opt/ros/jazzy/opt/gz_dartsim_vendor:/opt/ros/jazzy/opt/gz_cmake_vendor PYTHONPATH=/workspaces/ros2_jazzy_docker/ros2_ws/build/turtleboot3_autonomous_nav/prefix_override:/usr/lib/python3/dist-packages/colcon_core/task/python/colcon_distutils_commands:/workspaces/ros2_jazzy_docker/ros2_ws/install/turtleboot3_autonomous_nav/lib/python3.12/site-packages:${PYTHONPATH} /usr/bin/python3 -W ignore:setup.py install is deprecated -W ignore:easy_install command is deprecated setup.py egg_info --egg-base ../../build/turtleboot3_autonomous_nav build --build-base /workspaces/ros2_jazzy_docker/ros2_ws/build/turtleboot3_autonomous_nav/build install --record /workspaces/ros2_jazzy_docker/ros2_ws/build/turtleboot3_autonomous_nav/install.log --install-scripts $base/lib/turtleboot3_autonomous_nav --single-version-externally-managed install_data
[27.899s] Level 1:colcon.colcon_core.environment:checking '/workspaces/ros2_jazzy_docker/ros2_ws/install/turtleboot3_autonomous_nav' for CMake module files
[27.901s] DEBUG:colcon.colcon_core.event_handler.log_command:Invoked command in '/workspaces/ros2_jazzy_docker/ros2_ws/src/turtleboot3_autonomous_nav' returned '0': CMAKE_PREFIX_PATH=/workspaces/ros2_jazzy_docker/ros2_ws/install/turtlebot3_gazebo:/workspaces/ros2_jazzy_docker/ros2_ws/install/turtlebot3:/workspaces/ros2_jazzy_docker/ros2_ws/install/turtlebot3_simulations:/workspaces/ros2_jazzy_docker/ros2_ws/install/turtlebot3_bringup:/workspaces/ros2_jazzy_docker/ros2_ws/install/turtlebot3_node:/workspaces/ros2_jazzy_docker/ros2_ws/install/turtlebot3_navigation2:/workspaces/ros2_jazzy_docker/ros2_ws/install/turtlebot3_fake_node:/workspaces/ros2_jazzy_docker/ros2_ws/install/turtlebot3_msgs:/workspaces/ros2_jazzy_docker/ros2_ws/install/turtlebot3_description:/workspaces/ros2_jazzy_docker/ros2_ws/install/turtlebot3_cartographer:/workspaces/ros2_jazzy_docker/ros2_ws/src/install/turtlebot3:/workspaces/ros2_jazzy_docker/ros2_ws/src/install/turtlebot3_simulations:/workspaces/ros2_jazzy_docker/ros2_ws/src/install/turtlebot3_bringup:/workspaces/ros2_jazzy_docker/ros2_ws/src/install/turtlebot3_node:/workspaces/ros2_jazzy_docker/ros2_ws/src/install/turtlebot3_navigation2:/workspaces/ros2_jazzy_docker/ros2_ws/src/install/turtlebot3_fake_node:/workspaces/ros2_jazzy_docker/ros2_ws/src/install/turtlebot3_msgs:/workspaces/ros2_jazzy_docker/ros2_ws/src/install/turtlebot3_gazebo:/workspaces/ros2_jazzy_docker/ros2_ws/src/install/turtlebot3_description:/workspaces/ros2_jazzy_docker/ros2_ws/src/install/turtlebot3_cartographer:/workspaces/ros2_jazzy_docker/ros2_ws/src/install/stage_ros2:/workspaces/ros2_jazzy_docker/ros2_ws/src/install/stage:/workspaces/ros2_jazzy_docker/ros2_ws/install/stage_ros2:/workspaces/ros2_jazzy_docker/ros2_ws/install/stage:/opt/ros/jazzy/opt/gz_sim_vendor:/opt/ros/jazzy/opt/gz_sensors_vendor:/opt/ros/jazzy/opt/gz_physics_vendor:/opt/ros/jazzy/opt/sdformat_vendor:/opt/ros/jazzy/opt/gz_gui_vendor:/opt/ros/jazzy/opt/gz_transport_vendor:/opt/ros/jazzy/opt/gz_rendering_vendor:/opt/ros/jazzy/opt/gz_plugin_vendor:/opt/ros/jazzy/opt/gz_fuel_tools_vendor:/opt/ros/jazzy/opt/gz_msgs_vendor:/opt/ros/jazzy/opt/gz_common_vendor:/opt/ros/jazzy/opt/gz_math_vendor:/opt/ros/jazzy/opt/gz_utils_vendor:/opt/ros/jazzy/opt/gz_tools_vendor:/opt/ros/jazzy/opt/gz_ogre_next_vendor:/opt/ros/jazzy/opt/gz_dartsim_vendor:/opt/ros/jazzy/opt/gz_cmake_vendor PYTHONPATH=/workspaces/ros2_jazzy_docker/ros2_ws/build/turtleboot3_autonomous_nav/prefix_override:/usr/lib/python3/dist-packages/colcon_core/task/python/colcon_distutils_commands:/workspaces/ros2_jazzy_docker/ros2_ws/install/turtleboot3_autonomous_nav/lib/python3.12/site-packages:${PYTHONPATH} /usr/bin/python3 -W ignore:setup.py install is deprecated -W ignore:easy_install command is deprecated setup.py egg_info --egg-base ../../build/turtleboot3_autonomous_nav build --build-base /workspaces/ros2_jazzy_docker/ros2_ws/build/turtleboot3_autonomous_nav/build install --record /workspaces/ros2_jazzy_docker/ros2_ws/build/turtleboot3_autonomous_nav/install.log --install-scripts $base/lib/turtleboot3_autonomous_nav --single-version-externally-managed install_data
[27.907s] Level 1:colcon.colcon_core.environment:checking '/workspaces/ros2_jazzy_docker/ros2_ws/install/turtleboot3_autonomous_nav' for CMake config files
[27.918s] Level 1:colcon.colcon_core.environment:checking '/workspaces/ros2_jazzy_docker/ros2_ws/install/turtleboot3_autonomous_nav/lib'
[27.919s] Level 1:colcon.colcon_core.environment:checking '/workspaces/ros2_jazzy_docker/ros2_ws/install/turtleboot3_autonomous_nav/bin'
[27.919s] Level 1:colcon.colcon_core.environment:checking '/workspaces/ros2_jazzy_docker/ros2_ws/install/turtleboot3_autonomous_nav/lib/pkgconfig/turtleboot3_autonomous_nav.pc'
[27.920s] Level 1:colcon.colcon_core.environment:checking '/workspaces/ros2_jazzy_docker/ros2_ws/install/turtleboot3_autonomous_nav/lib/python3.12/site-packages'
[27.920s] Level 1:colcon.colcon_core.shell:create_environment_hook('turtleboot3_autonomous_nav', 'pythonpath')
[27.921s] INFO:colcon.colcon_core.shell:Creating environment hook '/workspaces/ros2_jazzy_docker/ros2_ws/install/turtleboot3_autonomous_nav/share/turtleboot3_autonomous_nav/hook/pythonpath.ps1'
[27.922s] INFO:colcon.colcon_core.shell:Creating environment descriptor '/workspaces/ros2_jazzy_docker/ros2_ws/install/turtleboot3_autonomous_nav/share/turtleboot3_autonomous_nav/hook/pythonpath.dsv'
[27.923s] INFO:colcon.colcon_core.shell:Creating environment hook '/workspaces/ros2_jazzy_docker/ros2_ws/install/turtleboot3_autonomous_nav/share/turtleboot3_autonomous_nav/hook/pythonpath.sh'
[27.925s] Level 1:colcon.colcon_core.environment:checking '/workspaces/ros2_jazzy_docker/ros2_ws/install/turtleboot3_autonomous_nav/bin'
[27.925s] Level 1:colcon.colcon_core.environment:create_environment_scripts_only(turtleboot3_autonomous_nav)
[27.926s] INFO:colcon.colcon_core.shell:Creating package script '/workspaces/ros2_jazzy_docker/ros2_ws/install/turtleboot3_autonomous_nav/share/turtleboot3_autonomous_nav/package.ps1'
[27.929s] INFO:colcon.colcon_core.shell:Creating package descriptor '/workspaces/ros2_jazzy_docker/ros2_ws/install/turtleboot3_autonomous_nav/share/turtleboot3_autonomous_nav/package.dsv'
[27.930s] INFO:colcon.colcon_core.shell:Creating package script '/workspaces/ros2_jazzy_docker/ros2_ws/install/turtleboot3_autonomous_nav/share/turtleboot3_autonomous_nav/package.sh'
[27.932s] INFO:colcon.colcon_core.shell:Creating package script '/workspaces/ros2_jazzy_docker/ros2_ws/install/turtleboot3_autonomous_nav/share/turtleboot3_autonomous_nav/package.bash'
[27.934s] INFO:colcon.colcon_core.shell:Creating package script '/workspaces/ros2_jazzy_docker/ros2_ws/install/turtleboot3_autonomous_nav/share/turtleboot3_autonomous_nav/package.zsh'
[27.936s] Level 1:colcon.colcon_core.environment:create_file_with_runtime_dependencies(/workspaces/ros2_jazzy_docker/ros2_ws/install/turtleboot3_autonomous_nav/share/colcon-core/packages/turtleboot3_autonomous_nav)
[29.727s] DEBUG:colcon.colcon_core.event_handler.log_command:Invoked command in '/workspaces/ros2_jazzy_docker/ros2_ws/build/turtlebot3_fake_node' returned '0': CMAKE_PREFIX_PATH=/workspaces/ros2_jazzy_docker/ros2_ws/install/turtlebot3_msgs:/workspaces/ros2_jazzy_docker/ros2_ws/install/turtlebot3:/workspaces/ros2_jazzy_docker/ros2_ws/install/turtlebot3_simulations:/workspaces/ros2_jazzy_docker/ros2_ws/install/turtlebot3_bringup:/workspaces/ros2_jazzy_docker/ros2_ws/install/turtlebot3_node:/workspaces/ros2_jazzy_docker/ros2_ws/install/turtlebot3_navigation2:/workspaces/ros2_jazzy_docker/ros2_ws/install/turtlebot3_fake_node:/workspaces/ros2_jazzy_docker/ros2_ws/install/turtlebot3_gazebo:/workspaces/ros2_jazzy_docker/ros2_ws/install/turtlebot3_description:/workspaces/ros2_jazzy_docker/ros2_ws/install/turtlebot3_cartographer:/workspaces/ros2_jazzy_docker/ros2_ws/src/install/turtlebot3:/workspaces/ros2_jazzy_docker/ros2_ws/src/install/turtlebot3_simulations:/workspaces/ros2_jazzy_docker/ros2_ws/src/install/turtlebot3_bringup:/workspaces/ros2_jazzy_docker/ros2_ws/src/install/turtlebot3_node:/workspaces/ros2_jazzy_docker/ros2_ws/src/install/turtlebot3_navigation2:/workspaces/ros2_jazzy_docker/ros2_ws/src/install/turtlebot3_fake_node:/workspaces/ros2_jazzy_docker/ros2_ws/src/install/turtlebot3_msgs:/workspaces/ros2_jazzy_docker/ros2_ws/src/install/turtlebot3_gazebo:/workspaces/ros2_jazzy_docker/ros2_ws/src/install/turtlebot3_description:/workspaces/ros2_jazzy_docker/ros2_ws/src/install/turtlebot3_cartographer:/workspaces/ros2_jazzy_docker/ros2_ws/src/install/stage_ros2:/workspaces/ros2_jazzy_docker/ros2_ws/src/install/stage:/workspaces/ros2_jazzy_docker/ros2_ws/install/stage_ros2:/workspaces/ros2_jazzy_docker/ros2_ws/install/turtlebot3_teleop:/workspaces/ros2_jazzy_docker/ros2_ws/install/turtlebot3_example:/workspaces/ros2_jazzy_docker/ros2_ws/src/install/turtlebot3_teleop:/workspaces/ros2_jazzy_docker/ros2_ws/src/install/turtlebot3_example:/workspaces/ros2_jazzy_docker/ros2_ws/src/install/turtleboot3_autonomous_nav:/workspaces/ros2_jazzy_docker/ros2_ws/src/install/turtle_py:/workspaces/ros2_jazzy_docker/ros2_ws/src/install/stage_autonomous_nav:/workspaces/ros2_jazzy_docker/ros2_ws/install/turtleboot3_autonomous_nav:/workspaces/ros2_jazzy_docker/ros2_ws/install/turtle_py:/workspaces/ros2_jazzy_docker/ros2_ws/install/stage_autonomous_nav:/opt/ros/jazzy:/workspaces/ros2_jazzy_docker/ros2_ws/install/stage:/opt/ros/jazzy/opt/gz_sim_vendor:/opt/ros/jazzy/opt/gz_sensors_vendor:/opt/ros/jazzy/opt/gz_physics_vendor:/opt/ros/jazzy/opt/sdformat_vendor:/opt/ros/jazzy/opt/gz_gui_vendor:/opt/ros/jazzy/opt/gz_transport_vendor:/opt/ros/jazzy/opt/gz_rendering_vendor:/opt/ros/jazzy/opt/gz_plugin_vendor:/opt/ros/jazzy/opt/gz_fuel_tools_vendor:/opt/ros/jazzy/opt/gz_msgs_vendor:/opt/ros/jazzy/opt/gz_common_vendor:/opt/ros/jazzy/opt/gz_math_vendor:/opt/ros/jazzy/opt/gz_utils_vendor:/opt/ros/jazzy/opt/gz_tools_vendor:/opt/ros/jazzy/opt/gz_ogre_next_vendor:/opt/ros/jazzy/opt/gz_dartsim_vendor:/opt/ros/jazzy/opt/gz_cmake_vendor PYTHONPATH=/workspaces/ros2_jazzy_docker/ros2_ws/install/turtlebot3_msgs/lib/python3.12/site-packages:/workspaces/ros2_jazzy_docker/ros2_ws/install/turtlebot3_teleop/lib/python3.12/site-packages:/workspaces/ros2_jazzy_docker/ros2_ws/install/turtlebot3_example/lib/python3.12/site-packages:/workspaces/ros2_jazzy_docker/ros2_ws/src/install/turtlebot3_teleop/lib/python3.12/site-packages:/workspaces/ros2_jazzy_docker/ros2_ws/src/install/turtlebot3_example/lib/python3.12/site-packages:/workspaces/ros2_jazzy_docker/ros2_ws/src/install/turtlebot3_msgs/lib/python3.12/site-packages:/workspaces/ros2_jazzy_docker/ros2_ws/src/install/turtleboot3_autonomous_nav/lib/python3.12/site-packages:/workspaces/ros2_jazzy_docker/ros2_ws/src/install/turtle_py/lib/python3.12/site-packages:/workspaces/ros2_jazzy_docker/ros2_ws/src/install/stage_autonomous_nav/lib/python3.12/site-packages:/workspaces/ros2_jazzy_docker/ros2_ws/build/turtleboot3_autonomous_nav:/workspaces/ros2_jazzy_docker/ros2_ws/install/turtleboot3_autonomous_nav/lib/python3.12/site-packages:/workspaces/ros2_jazzy_docker/ros2_ws/build/turtle_py:/workspaces/ros2_jazzy_docker/ros2_ws/install/turtle_py/lib/python3.12/site-packages:/workspaces/ros2_jazzy_docker/ros2_ws/build/stage_autonomous_nav:/workspaces/ros2_jazzy_docker/ros2_ws/install/stage_autonomous_nav/lib/python3.12/site-packages:/opt/ros/jazzy/lib/python3.12/site-packages /usr/bin/cmake /workspaces/ros2_jazzy_docker/ros2_ws/src/turtlebot3_simulations/turtlebot3_fake_node -DCMAKE_INSTALL_PREFIX=/workspaces/ros2_jazzy_docker/ros2_ws/install/turtlebot3_fake_node
[29.728s] DEBUG:colcon.colcon_core.event_handler.log_command:Invoking command in '/workspaces/ros2_jazzy_docker/ros2_ws/build/turtlebot3_fake_node': CMAKE_PREFIX_PATH=/workspaces/ros2_jazzy_docker/ros2_ws/install/turtlebot3_msgs:/workspaces/ros2_jazzy_docker/ros2_ws/install/turtlebot3:/workspaces/ros2_jazzy_docker/ros2_ws/install/turtlebot3_simulations:/workspaces/ros2_jazzy_docker/ros2_ws/install/turtlebot3_bringup:/workspaces/ros2_jazzy_docker/ros2_ws/install/turtlebot3_node:/workspaces/ros2_jazzy_docker/ros2_ws/install/turtlebot3_navigation2:/workspaces/ros2_jazzy_docker/ros2_ws/install/turtlebot3_fake_node:/workspaces/ros2_jazzy_docker/ros2_ws/install/turtlebot3_gazebo:/workspaces/ros2_jazzy_docker/ros2_ws/install/turtlebot3_description:/workspaces/ros2_jazzy_docker/ros2_ws/install/turtlebot3_cartographer:/workspaces/ros2_jazzy_docker/ros2_ws/src/install/turtlebot3:/workspaces/ros2_jazzy_docker/ros2_ws/src/install/turtlebot3_simulations:/workspaces/ros2_jazzy_docker/ros2_ws/src/install/turtlebot3_bringup:/workspaces/ros2_jazzy_docker/ros2_ws/src/install/turtlebot3_node:/workspaces/ros2_jazzy_docker/ros2_ws/src/install/turtlebot3_navigation2:/workspaces/ros2_jazzy_docker/ros2_ws/src/install/turtlebot3_fake_node:/workspaces/ros2_jazzy_docker/ros2_ws/src/install/turtlebot3_msgs:/workspaces/ros2_jazzy_docker/ros2_ws/src/install/turtlebot3_gazebo:/workspaces/ros2_jazzy_docker/ros2_ws/src/install/turtlebot3_description:/workspaces/ros2_jazzy_docker/ros2_ws/src/install/turtlebot3_cartographer:/workspaces/ros2_jazzy_docker/ros2_ws/src/install/stage_ros2:/workspaces/ros2_jazzy_docker/ros2_ws/src/install/stage:/workspaces/ros2_jazzy_docker/ros2_ws/install/stage_ros2:/workspaces/ros2_jazzy_docker/ros2_ws/install/turtlebot3_teleop:/workspaces/ros2_jazzy_docker/ros2_ws/install/turtlebot3_example:/workspaces/ros2_jazzy_docker/ros2_ws/src/install/turtlebot3_teleop:/workspaces/ros2_jazzy_docker/ros2_ws/src/install/turtlebot3_example:/workspaces/ros2_jazzy_docker/ros2_ws/src/install/turtleboot3_autonomous_nav:/workspaces/ros2_jazzy_docker/ros2_ws/src/install/turtle_py:/workspaces/ros2_jazzy_docker/ros2_ws/src/install/stage_autonomous_nav:/workspaces/ros2_jazzy_docker/ros2_ws/install/turtleboot3_autonomous_nav:/workspaces/ros2_jazzy_docker/ros2_ws/install/turtle_py:/workspaces/ros2_jazzy_docker/ros2_ws/install/stage_autonomous_nav:/opt/ros/jazzy:/workspaces/ros2_jazzy_docker/ros2_ws/install/stage:/opt/ros/jazzy/opt/gz_sim_vendor:/opt/ros/jazzy/opt/gz_sensors_vendor:/opt/ros/jazzy/opt/gz_physics_vendor:/opt/ros/jazzy/opt/sdformat_vendor:/opt/ros/jazzy/opt/gz_gui_vendor:/opt/ros/jazzy/opt/gz_transport_vendor:/opt/ros/jazzy/opt/gz_rendering_vendor:/opt/ros/jazzy/opt/gz_plugin_vendor:/opt/ros/jazzy/opt/gz_fuel_tools_vendor:/opt/ros/jazzy/opt/gz_msgs_vendor:/opt/ros/jazzy/opt/gz_common_vendor:/opt/ros/jazzy/opt/gz_math_vendor:/opt/ros/jazzy/opt/gz_utils_vendor:/opt/ros/jazzy/opt/gz_tools_vendor:/opt/ros/jazzy/opt/gz_ogre_next_vendor:/opt/ros/jazzy/opt/gz_dartsim_vendor:/opt/ros/jazzy/opt/gz_cmake_vendor PYTHONPATH=/workspaces/ros2_jazzy_docker/ros2_ws/install/turtlebot3_msgs/lib/python3.12/site-packages:/workspaces/ros2_jazzy_docker/ros2_ws/install/turtlebot3_teleop/lib/python3.12/site-packages:/workspaces/ros2_jazzy_docker/ros2_ws/install/turtlebot3_example/lib/python3.12/site-packages:/workspaces/ros2_jazzy_docker/ros2_ws/src/install/turtlebot3_teleop/lib/python3.12/site-packages:/workspaces/ros2_jazzy_docker/ros2_ws/src/install/turtlebot3_example/lib/python3.12/site-packages:/workspaces/ros2_jazzy_docker/ros2_ws/src/install/turtlebot3_msgs/lib/python3.12/site-packages:/workspaces/ros2_jazzy_docker/ros2_ws/src/install/turtleboot3_autonomous_nav/lib/python3.12/site-packages:/workspaces/ros2_jazzy_docker/ros2_ws/src/install/turtle_py/lib/python3.12/site-packages:/workspaces/ros2_jazzy_docker/ros2_ws/src/install/stage_autonomous_nav/lib/python3.12/site-packages:/workspaces/ros2_jazzy_docker/ros2_ws/build/turtleboot3_autonomous_nav:/workspaces/ros2_jazzy_docker/ros2_ws/install/turtleboot3_autonomous_nav/lib/python3.12/site-packages:/workspaces/ros2_jazzy_docker/ros2_ws/build/turtle_py:/workspaces/ros2_jazzy_docker/ros2_ws/install/turtle_py/lib/python3.12/site-packages:/workspaces/ros2_jazzy_docker/ros2_ws/build/stage_autonomous_nav:/workspaces/ros2_jazzy_docker/ros2_ws/install/stage_autonomous_nav/lib/python3.12/site-packages:/opt/ros/jazzy/lib/python3.12/site-packages /usr/bin/cmake --build /workspaces/ros2_jazzy_docker/ros2_ws/build/turtlebot3_fake_node -- -j12 -l12
[30.186s] DEBUG:colcon.colcon_core.event_handler.log_command:Invoked command in '/workspaces/ros2_jazzy_docker/ros2_ws/build/turtlebot3_node' returned '0': CMAKE_PREFIX_PATH=/workspaces/ros2_jazzy_docker/ros2_ws/install/turtlebot3_msgs:/workspaces/ros2_jazzy_docker/ros2_ws/install/turtlebot3:/workspaces/ros2_jazzy_docker/ros2_ws/install/turtlebot3_simulations:/workspaces/ros2_jazzy_docker/ros2_ws/install/turtlebot3_bringup:/workspaces/ros2_jazzy_docker/ros2_ws/install/turtlebot3_node:/workspaces/ros2_jazzy_docker/ros2_ws/install/turtlebot3_navigation2:/workspaces/ros2_jazzy_docker/ros2_ws/install/turtlebot3_fake_node:/workspaces/ros2_jazzy_docker/ros2_ws/install/turtlebot3_gazebo:/workspaces/ros2_jazzy_docker/ros2_ws/install/turtlebot3_description:/workspaces/ros2_jazzy_docker/ros2_ws/install/turtlebot3_cartographer:/workspaces/ros2_jazzy_docker/ros2_ws/src/install/turtlebot3:/workspaces/ros2_jazzy_docker/ros2_ws/src/install/turtlebot3_simulations:/workspaces/ros2_jazzy_docker/ros2_ws/src/install/turtlebot3_bringup:/workspaces/ros2_jazzy_docker/ros2_ws/src/install/turtlebot3_node:/workspaces/ros2_jazzy_docker/ros2_ws/src/install/turtlebot3_navigation2:/workspaces/ros2_jazzy_docker/ros2_ws/src/install/turtlebot3_fake_node:/workspaces/ros2_jazzy_docker/ros2_ws/src/install/turtlebot3_msgs:/workspaces/ros2_jazzy_docker/ros2_ws/src/install/turtlebot3_gazebo:/workspaces/ros2_jazzy_docker/ros2_ws/src/install/turtlebot3_description:/workspaces/ros2_jazzy_docker/ros2_ws/src/install/turtlebot3_cartographer:/workspaces/ros2_jazzy_docker/ros2_ws/src/install/stage_ros2:/workspaces/ros2_jazzy_docker/ros2_ws/src/install/stage:/workspaces/ros2_jazzy_docker/ros2_ws/install/stage_ros2:/workspaces/ros2_jazzy_docker/ros2_ws/install/turtlebot3_teleop:/workspaces/ros2_jazzy_docker/ros2_ws/install/turtlebot3_example:/workspaces/ros2_jazzy_docker/ros2_ws/src/install/turtlebot3_teleop:/workspaces/ros2_jazzy_docker/ros2_ws/src/install/turtlebot3_example:/workspaces/ros2_jazzy_docker/ros2_ws/src/install/turtleboot3_autonomous_nav:/workspaces/ros2_jazzy_docker/ros2_ws/src/install/turtle_py:/workspaces/ros2_jazzy_docker/ros2_ws/src/install/stage_autonomous_nav:/workspaces/ros2_jazzy_docker/ros2_ws/install/turtleboot3_autonomous_nav:/workspaces/ros2_jazzy_docker/ros2_ws/install/turtle_py:/workspaces/ros2_jazzy_docker/ros2_ws/install/stage_autonomous_nav:/opt/ros/jazzy:/workspaces/ros2_jazzy_docker/ros2_ws/install/stage:/opt/ros/jazzy/opt/gz_sim_vendor:/opt/ros/jazzy/opt/gz_sensors_vendor:/opt/ros/jazzy/opt/gz_physics_vendor:/opt/ros/jazzy/opt/sdformat_vendor:/opt/ros/jazzy/opt/gz_gui_vendor:/opt/ros/jazzy/opt/gz_transport_vendor:/opt/ros/jazzy/opt/gz_rendering_vendor:/opt/ros/jazzy/opt/gz_plugin_vendor:/opt/ros/jazzy/opt/gz_fuel_tools_vendor:/opt/ros/jazzy/opt/gz_msgs_vendor:/opt/ros/jazzy/opt/gz_common_vendor:/opt/ros/jazzy/opt/gz_math_vendor:/opt/ros/jazzy/opt/gz_utils_vendor:/opt/ros/jazzy/opt/gz_tools_vendor:/opt/ros/jazzy/opt/gz_ogre_next_vendor:/opt/ros/jazzy/opt/gz_dartsim_vendor:/opt/ros/jazzy/opt/gz_cmake_vendor PYTHONPATH=/workspaces/ros2_jazzy_docker/ros2_ws/install/turtlebot3_msgs/lib/python3.12/site-packages:/workspaces/ros2_jazzy_docker/ros2_ws/install/turtlebot3_teleop/lib/python3.12/site-packages:/workspaces/ros2_jazzy_docker/ros2_ws/install/turtlebot3_example/lib/python3.12/site-packages:/workspaces/ros2_jazzy_docker/ros2_ws/src/install/turtlebot3_teleop/lib/python3.12/site-packages:/workspaces/ros2_jazzy_docker/ros2_ws/src/install/turtlebot3_example/lib/python3.12/site-packages:/workspaces/ros2_jazzy_docker/ros2_ws/src/install/turtlebot3_msgs/lib/python3.12/site-packages:/workspaces/ros2_jazzy_docker/ros2_ws/src/install/turtleboot3_autonomous_nav/lib/python3.12/site-packages:/workspaces/ros2_jazzy_docker/ros2_ws/src/install/turtle_py/lib/python3.12/site-packages:/workspaces/ros2_jazzy_docker/ros2_ws/src/install/stage_autonomous_nav/lib/python3.12/site-packages:/workspaces/ros2_jazzy_docker/ros2_ws/build/turtleboot3_autonomous_nav:/workspaces/ros2_jazzy_docker/ros2_ws/install/turtleboot3_autonomous_nav/lib/python3.12/site-packages:/workspaces/ros2_jazzy_docker/ros2_ws/build/turtle_py:/workspaces/ros2_jazzy_docker/ros2_ws/install/turtle_py/lib/python3.12/site-packages:/workspaces/ros2_jazzy_docker/ros2_ws/build/stage_autonomous_nav:/workspaces/ros2_jazzy_docker/ros2_ws/install/stage_autonomous_nav/lib/python3.12/site-packages:/opt/ros/jazzy/lib/python3.12/site-packages /usr/bin/cmake /workspaces/ros2_jazzy_docker/ros2_ws/src/turtlebot3/turtlebot3_node -DCMAKE_INSTALL_PREFIX=/workspaces/ros2_jazzy_docker/ros2_ws/install/turtlebot3_node
[30.188s] DEBUG:colcon.colcon_core.event_handler.log_command:Invoking command in '/workspaces/ros2_jazzy_docker/ros2_ws/build/turtlebot3_node': CMAKE_PREFIX_PATH=/workspaces/ros2_jazzy_docker/ros2_ws/install/turtlebot3_msgs:/workspaces/ros2_jazzy_docker/ros2_ws/install/turtlebot3:/workspaces/ros2_jazzy_docker/ros2_ws/install/turtlebot3_simulations:/workspaces/ros2_jazzy_docker/ros2_ws/install/turtlebot3_bringup:/workspaces/ros2_jazzy_docker/ros2_ws/install/turtlebot3_node:/workspaces/ros2_jazzy_docker/ros2_ws/install/turtlebot3_navigation2:/workspaces/ros2_jazzy_docker/ros2_ws/install/turtlebot3_fake_node:/workspaces/ros2_jazzy_docker/ros2_ws/install/turtlebot3_gazebo:/workspaces/ros2_jazzy_docker/ros2_ws/install/turtlebot3_description:/workspaces/ros2_jazzy_docker/ros2_ws/install/turtlebot3_cartographer:/workspaces/ros2_jazzy_docker/ros2_ws/src/install/turtlebot3:/workspaces/ros2_jazzy_docker/ros2_ws/src/install/turtlebot3_simulations:/workspaces/ros2_jazzy_docker/ros2_ws/src/install/turtlebot3_bringup:/workspaces/ros2_jazzy_docker/ros2_ws/src/install/turtlebot3_node:/workspaces/ros2_jazzy_docker/ros2_ws/src/install/turtlebot3_navigation2:/workspaces/ros2_jazzy_docker/ros2_ws/src/install/turtlebot3_fake_node:/workspaces/ros2_jazzy_docker/ros2_ws/src/install/turtlebot3_msgs:/workspaces/ros2_jazzy_docker/ros2_ws/src/install/turtlebot3_gazebo:/workspaces/ros2_jazzy_docker/ros2_ws/src/install/turtlebot3_description:/workspaces/ros2_jazzy_docker/ros2_ws/src/install/turtlebot3_cartographer:/workspaces/ros2_jazzy_docker/ros2_ws/src/install/stage_ros2:/workspaces/ros2_jazzy_docker/ros2_ws/src/install/stage:/workspaces/ros2_jazzy_docker/ros2_ws/install/stage_ros2:/workspaces/ros2_jazzy_docker/ros2_ws/install/turtlebot3_teleop:/workspaces/ros2_jazzy_docker/ros2_ws/install/turtlebot3_example:/workspaces/ros2_jazzy_docker/ros2_ws/src/install/turtlebot3_teleop:/workspaces/ros2_jazzy_docker/ros2_ws/src/install/turtlebot3_example:/workspaces/ros2_jazzy_docker/ros2_ws/src/install/turtleboot3_autonomous_nav:/workspaces/ros2_jazzy_docker/ros2_ws/src/install/turtle_py:/workspaces/ros2_jazzy_docker/ros2_ws/src/install/stage_autonomous_nav:/workspaces/ros2_jazzy_docker/ros2_ws/install/turtleboot3_autonomous_nav:/workspaces/ros2_jazzy_docker/ros2_ws/install/turtle_py:/workspaces/ros2_jazzy_docker/ros2_ws/install/stage_autonomous_nav:/opt/ros/jazzy:/workspaces/ros2_jazzy_docker/ros2_ws/install/stage:/opt/ros/jazzy/opt/gz_sim_vendor:/opt/ros/jazzy/opt/gz_sensors_vendor:/opt/ros/jazzy/opt/gz_physics_vendor:/opt/ros/jazzy/opt/sdformat_vendor:/opt/ros/jazzy/opt/gz_gui_vendor:/opt/ros/jazzy/opt/gz_transport_vendor:/opt/ros/jazzy/opt/gz_rendering_vendor:/opt/ros/jazzy/opt/gz_plugin_vendor:/opt/ros/jazzy/opt/gz_fuel_tools_vendor:/opt/ros/jazzy/opt/gz_msgs_vendor:/opt/ros/jazzy/opt/gz_common_vendor:/opt/ros/jazzy/opt/gz_math_vendor:/opt/ros/jazzy/opt/gz_utils_vendor:/opt/ros/jazzy/opt/gz_tools_vendor:/opt/ros/jazzy/opt/gz_ogre_next_vendor:/opt/ros/jazzy/opt/gz_dartsim_vendor:/opt/ros/jazzy/opt/gz_cmake_vendor PYTHONPATH=/workspaces/ros2_jazzy_docker/ros2_ws/install/turtlebot3_msgs/lib/python3.12/site-packages:/workspaces/ros2_jazzy_docker/ros2_ws/install/turtlebot3_teleop/lib/python3.12/site-packages:/workspaces/ros2_jazzy_docker/ros2_ws/install/turtlebot3_example/lib/python3.12/site-packages:/workspaces/ros2_jazzy_docker/ros2_ws/src/install/turtlebot3_teleop/lib/python3.12/site-packages:/workspaces/ros2_jazzy_docker/ros2_ws/src/install/turtlebot3_example/lib/python3.12/site-packages:/workspaces/ros2_jazzy_docker/ros2_ws/src/install/turtlebot3_msgs/lib/python3.12/site-packages:/workspaces/ros2_jazzy_docker/ros2_ws/src/install/turtleboot3_autonomous_nav/lib/python3.12/site-packages:/workspaces/ros2_jazzy_docker/ros2_ws/src/install/turtle_py/lib/python3.12/site-packages:/workspaces/ros2_jazzy_docker/ros2_ws/src/install/stage_autonomous_nav/lib/python3.12/site-packages:/workspaces/ros2_jazzy_docker/ros2_ws/build/turtleboot3_autonomous_nav:/workspaces/ros2_jazzy_docker/ros2_ws/install/turtleboot3_autonomous_nav/lib/python3.12/site-packages:/workspaces/ros2_jazzy_docker/ros2_ws/build/turtle_py:/workspaces/ros2_jazzy_docker/ros2_ws/install/turtle_py/lib/python3.12/site-packages:/workspaces/ros2_jazzy_docker/ros2_ws/build/stage_autonomous_nav:/workspaces/ros2_jazzy_docker/ros2_ws/install/stage_autonomous_nav/lib/python3.12/site-packages:/opt/ros/jazzy/lib/python3.12/site-packages /usr/bin/cmake --build /workspaces/ros2_jazzy_docker/ros2_ws/build/turtlebot3_node -- -j12 -l12
[54.305s] DEBUG:colcon.colcon_core.event_handler.log_command:Invoked command in '/workspaces/ros2_jazzy_docker/ros2_ws/build/stage_ros2' returned '0': CMAKE_PREFIX_PATH=/workspaces/ros2_jazzy_docker/ros2_ws/install/turtlebot3_teleop:/workspaces/ros2_jazzy_docker/ros2_ws/install/turtlebot3_example:/workspaces/ros2_jazzy_docker/ros2_ws/src/install/turtlebot3_teleop:/workspaces/ros2_jazzy_docker/ros2_ws/src/install/turtlebot3_example:/workspaces/ros2_jazzy_docker/ros2_ws/src/install/turtleboot3_autonomous_nav:/workspaces/ros2_jazzy_docker/ros2_ws/src/install/turtle_py:/workspaces/ros2_jazzy_docker/ros2_ws/src/install/stage_autonomous_nav:/workspaces/ros2_jazzy_docker/ros2_ws/install/turtleboot3_autonomous_nav:/workspaces/ros2_jazzy_docker/ros2_ws/install/turtle_py:/workspaces/ros2_jazzy_docker/ros2_ws/install/stage_autonomous_nav:/opt/ros/jazzy:/workspaces/ros2_jazzy_docker/ros2_ws/install/stage:/workspaces/ros2_jazzy_docker/ros2_ws/install/turtlebot3:/workspaces/ros2_jazzy_docker/ros2_ws/install/turtlebot3_simulations:/workspaces/ros2_jazzy_docker/ros2_ws/install/turtlebot3_bringup:/workspaces/ros2_jazzy_docker/ros2_ws/install/turtlebot3_node:/workspaces/ros2_jazzy_docker/ros2_ws/install/turtlebot3_navigation2:/workspaces/ros2_jazzy_docker/ros2_ws/install/turtlebot3_fake_node:/workspaces/ros2_jazzy_docker/ros2_ws/install/turtlebot3_msgs:/workspaces/ros2_jazzy_docker/ros2_ws/install/turtlebot3_gazebo:/workspaces/ros2_jazzy_docker/ros2_ws/install/turtlebot3_description:/workspaces/ros2_jazzy_docker/ros2_ws/install/turtlebot3_cartographer:/workspaces/ros2_jazzy_docker/ros2_ws/src/install/turtlebot3:/workspaces/ros2_jazzy_docker/ros2_ws/src/install/turtlebot3_simulations:/workspaces/ros2_jazzy_docker/ros2_ws/src/install/turtlebot3_bringup:/workspaces/ros2_jazzy_docker/ros2_ws/src/install/turtlebot3_node:/workspaces/ros2_jazzy_docker/ros2_ws/src/install/turtlebot3_navigation2:/workspaces/ros2_jazzy_docker/ros2_ws/src/install/turtlebot3_fake_node:/workspaces/ros2_jazzy_docker/ros2_ws/src/install/turtlebot3_msgs:/workspaces/ros2_jazzy_docker/ros2_ws/src/install/turtlebot3_gazebo:/workspaces/ros2_jazzy_docker/ros2_ws/src/install/turtlebot3_description:/workspaces/ros2_jazzy_docker/ros2_ws/src/install/turtlebot3_cartographer:/workspaces/ros2_jazzy_docker/ros2_ws/src/install/stage_ros2:/workspaces/ros2_jazzy_docker/ros2_ws/src/install/stage:/workspaces/ros2_jazzy_docker/ros2_ws/install/stage_ros2:/opt/ros/jazzy/opt/gz_sim_vendor:/opt/ros/jazzy/opt/gz_sensors_vendor:/opt/ros/jazzy/opt/gz_physics_vendor:/opt/ros/jazzy/opt/sdformat_vendor:/opt/ros/jazzy/opt/gz_gui_vendor:/opt/ros/jazzy/opt/gz_transport_vendor:/opt/ros/jazzy/opt/gz_rendering_vendor:/opt/ros/jazzy/opt/gz_plugin_vendor:/opt/ros/jazzy/opt/gz_fuel_tools_vendor:/opt/ros/jazzy/opt/gz_msgs_vendor:/opt/ros/jazzy/opt/gz_common_vendor:/opt/ros/jazzy/opt/gz_math_vendor:/opt/ros/jazzy/opt/gz_utils_vendor:/opt/ros/jazzy/opt/gz_tools_vendor:/opt/ros/jazzy/opt/gz_ogre_next_vendor:/opt/ros/jazzy/opt/gz_dartsim_vendor:/opt/ros/jazzy/opt/gz_cmake_vendor LD_LIBRARY_PATH=/workspaces/ros2_jazzy_docker/ros2_ws/install/stage/lib:/workspaces/ros2_jazzy_docker/ros2_ws/install/turtlebot3_msgs/lib:/workspaces/ros2_jazzy_docker/ros2_ws/src/install/turtlebot3_msgs/lib:/workspaces/ros2_jazzy_docker/ros2_ws/src/install/stage_ros2/lib:/workspaces/ros2_jazzy_docker/ros2_ws/src/install/stage/lib:/workspaces/ros2_jazzy_docker/ros2_ws/install/stage_ros2/lib:/opt/ros/jazzy/opt/gz_sim_vendor/lib:/opt/ros/jazzy/opt/gz_sensors_vendor/lib:/opt/ros/jazzy/opt/gz_physics_vendor/lib:/opt/ros/jazzy/opt/sdformat_vendor/lib:/opt/ros/jazzy/opt/rviz_ogre_vendor/lib:/opt/ros/jazzy/lib/aarch64-linux-gnu:/opt/ros/jazzy/opt/gz_gui_vendor/lib:/opt/ros/jazzy/opt/gz_transport_vendor/lib:/opt/ros/jazzy/opt/gz_rendering_vendor/lib:/opt/ros/jazzy/opt/gz_plugin_vendor/lib:/opt/ros/jazzy/opt/gz_fuel_tools_vendor/lib:/opt/ros/jazzy/opt/gz_msgs_vendor/lib:/opt/ros/jazzy/opt/gz_common_vendor/lib:/opt/ros/jazzy/opt/gz_math_vendor/lib:/opt/ros/jazzy/opt/gz_utils_vendor/lib:/opt/ros/jazzy/opt/gz_tools_vendor/lib:/opt/ros/jazzy/opt/gz_ogre_next_vendor/lib:/opt/ros/jazzy/opt/gz_dartsim_vendor/lib:/opt/ros/jazzy/opt/gz_cmake_vendor/lib:/opt/ros/jazzy/lib PATH=/workspaces/ros2_jazzy_docker/ros2_ws/install/stage/bin:/workspaces/ros2_jazzy_docker/ros2_ws/src/install/stage/bin:/opt/ros/jazzy/opt/gz_msgs_vendor/bin:/opt/ros/jazzy/opt/gz_tools_vendor/bin:/opt/ros/jazzy/opt/gz_ogre_next_vendor/bin:/opt/ros/jazzy/bin:/home/ros/.vscode-server/data/User/globalStorage/github.copilot-chat/debugCommand:/home/ros/.vscode-server/data/User/globalStorage/github.copilot-chat/copilotCli:/vscode/vscode-server/bin/linux-arm64/a44adf7f53e00964ab890f9f8758a334f1fc15bc/bin/remote-cli:/usr/local/sbin:/usr/local/bin:/usr/sbin:/usr/bin:/sbin:/bin:/home/ros/.vscode-server/extensions/ms-python.debugpy-2026.6.0-linux-arm64/bundled/scripts/noConfigScripts PKG_CONFIG_PATH=/workspaces/ros2_jazzy_docker/ros2_ws/install/stage/lib/aarch64-linux-gnu/pkgconfig:/workspaces/ros2_jazzy_docker/ros2_ws/install/stage/lib/pkgconfig:/workspaces/ros2_jazzy_docker/ros2_ws/src/install/stage/lib/aarch64-linux-gnu/pkgconfig:/workspaces/ros2_jazzy_docker/ros2_ws/src/install/stage/lib/pkgconfig ROS_PACKAGE_PATH=/workspaces/ros2_jazzy_docker/ros2_ws/install/stage/share:/workspaces/ros2_jazzy_docker/ros2_ws/src/install/stage/share /usr/bin/cmake --build /workspaces/ros2_jazzy_docker/ros2_ws/build/stage_ros2 -- -j12 -l12
[54.314s] DEBUG:colcon.colcon_core.event_handler.log_command:Invoking command in '/workspaces/ros2_jazzy_docker/ros2_ws/build/stage_ros2': CMAKE_PREFIX_PATH=/workspaces/ros2_jazzy_docker/ros2_ws/install/turtlebot3_teleop:/workspaces/ros2_jazzy_docker/ros2_ws/install/turtlebot3_example:/workspaces/ros2_jazzy_docker/ros2_ws/src/install/turtlebot3_teleop:/workspaces/ros2_jazzy_docker/ros2_ws/src/install/turtlebot3_example:/workspaces/ros2_jazzy_docker/ros2_ws/src/install/turtleboot3_autonomous_nav:/workspaces/ros2_jazzy_docker/ros2_ws/src/install/turtle_py:/workspaces/ros2_jazzy_docker/ros2_ws/src/install/stage_autonomous_nav:/workspaces/ros2_jazzy_docker/ros2_ws/install/turtleboot3_autonomous_nav:/workspaces/ros2_jazzy_docker/ros2_ws/install/turtle_py:/workspaces/ros2_jazzy_docker/ros2_ws/install/stage_autonomous_nav:/opt/ros/jazzy:/workspaces/ros2_jazzy_docker/ros2_ws/install/stage:/workspaces/ros2_jazzy_docker/ros2_ws/install/turtlebot3:/workspaces/ros2_jazzy_docker/ros2_ws/install/turtlebot3_simulations:/workspaces/ros2_jazzy_docker/ros2_ws/install/turtlebot3_bringup:/workspaces/ros2_jazzy_docker/ros2_ws/install/turtlebot3_node:/workspaces/ros2_jazzy_docker/ros2_ws/install/turtlebot3_navigation2:/workspaces/ros2_jazzy_docker/ros2_ws/install/turtlebot3_fake_node:/workspaces/ros2_jazzy_docker/ros2_ws/install/turtlebot3_msgs:/workspaces/ros2_jazzy_docker/ros2_ws/install/turtlebot3_gazebo:/workspaces/ros2_jazzy_docker/ros2_ws/install/turtlebot3_description:/workspaces/ros2_jazzy_docker/ros2_ws/install/turtlebot3_cartographer:/workspaces/ros2_jazzy_docker/ros2_ws/src/install/turtlebot3:/workspaces/ros2_jazzy_docker/ros2_ws/src/install/turtlebot3_simulations:/workspaces/ros2_jazzy_docker/ros2_ws/src/install/turtlebot3_bringup:/workspaces/ros2_jazzy_docker/ros2_ws/src/install/turtlebot3_node:/workspaces/ros2_jazzy_docker/ros2_ws/src/install/turtlebot3_navigation2:/workspaces/ros2_jazzy_docker/ros2_ws/src/install/turtlebot3_fake_node:/workspaces/ros2_jazzy_docker/ros2_ws/src/install/turtlebot3_msgs:/workspaces/ros2_jazzy_docker/ros2_ws/src/install/turtlebot3_gazebo:/workspaces/ros2_jazzy_docker/ros2_ws/src/install/turtlebot3_description:/workspaces/ros2_jazzy_docker/ros2_ws/src/install/turtlebot3_cartographer:/workspaces/ros2_jazzy_docker/ros2_ws/src/install/stage_ros2:/workspaces/ros2_jazzy_docker/ros2_ws/src/install/stage:/workspaces/ros2_jazzy_docker/ros2_ws/install/stage_ros2:/opt/ros/jazzy/opt/gz_sim_vendor:/opt/ros/jazzy/opt/gz_sensors_vendor:/opt/ros/jazzy/opt/gz_physics_vendor:/opt/ros/jazzy/opt/sdformat_vendor:/opt/ros/jazzy/opt/gz_gui_vendor:/opt/ros/jazzy/opt/gz_transport_vendor:/opt/ros/jazzy/opt/gz_rendering_vendor:/opt/ros/jazzy/opt/gz_plugin_vendor:/opt/ros/jazzy/opt/gz_fuel_tools_vendor:/opt/ros/jazzy/opt/gz_msgs_vendor:/opt/ros/jazzy/opt/gz_common_vendor:/opt/ros/jazzy/opt/gz_math_vendor:/opt/ros/jazzy/opt/gz_utils_vendor:/opt/ros/jazzy/opt/gz_tools_vendor:/opt/ros/jazzy/opt/gz_ogre_next_vendor:/opt/ros/jazzy/opt/gz_dartsim_vendor:/opt/ros/jazzy/opt/gz_cmake_vendor LD_LIBRARY_PATH=/workspaces/ros2_jazzy_docker/ros2_ws/install/stage/lib:/workspaces/ros2_jazzy_docker/ros2_ws/install/turtlebot3_msgs/lib:/workspaces/ros2_jazzy_docker/ros2_ws/src/install/turtlebot3_msgs/lib:/workspaces/ros2_jazzy_docker/ros2_ws/src/install/stage_ros2/lib:/workspaces/ros2_jazzy_docker/ros2_ws/src/install/stage/lib:/workspaces/ros2_jazzy_docker/ros2_ws/install/stage_ros2/lib:/opt/ros/jazzy/opt/gz_sim_vendor/lib:/opt/ros/jazzy/opt/gz_sensors_vendor/lib:/opt/ros/jazzy/opt/gz_physics_vendor/lib:/opt/ros/jazzy/opt/sdformat_vendor/lib:/opt/ros/jazzy/opt/rviz_ogre_vendor/lib:/opt/ros/jazzy/lib/aarch64-linux-gnu:/opt/ros/jazzy/opt/gz_gui_vendor/lib:/opt/ros/jazzy/opt/gz_transport_vendor/lib:/opt/ros/jazzy/opt/gz_rendering_vendor/lib:/opt/ros/jazzy/opt/gz_plugin_vendor/lib:/opt/ros/jazzy/opt/gz_fuel_tools_vendor/lib:/opt/ros/jazzy/opt/gz_msgs_vendor/lib:/opt/ros/jazzy/opt/gz_common_vendor/lib:/opt/ros/jazzy/opt/gz_math_vendor/lib:/opt/ros/jazzy/opt/gz_utils_vendor/lib:/opt/ros/jazzy/opt/gz_tools_vendor/lib:/opt/ros/jazzy/opt/gz_ogre_next_vendor/lib:/opt/ros/jazzy/opt/gz_dartsim_vendor/lib:/opt/ros/jazzy/opt/gz_cmake_vendor/lib:/opt/ros/jazzy/lib PATH=/workspaces/ros2_jazzy_docker/ros2_ws/install/stage/bin:/workspaces/ros2_jazzy_docker/ros2_ws/src/install/stage/bin:/opt/ros/jazzy/opt/gz_msgs_vendor/bin:/opt/ros/jazzy/opt/gz_tools_vendor/bin:/opt/ros/jazzy/opt/gz_ogre_next_vendor/bin:/opt/ros/jazzy/bin:/home/ros/.vscode-server/data/User/globalStorage/github.copilot-chat/debugCommand:/home/ros/.vscode-server/data/User/globalStorage/github.copilot-chat/copilotCli:/vscode/vscode-server/bin/linux-arm64/a44adf7f53e00964ab890f9f8758a334f1fc15bc/bin/remote-cli:/usr/local/sbin:/usr/local/bin:/usr/sbin:/usr/bin:/sbin:/bin:/home/ros/.vscode-server/extensions/ms-python.debugpy-2026.6.0-linux-arm64/bundled/scripts/noConfigScripts PKG_CONFIG_PATH=/workspaces/ros2_jazzy_docker/ros2_ws/install/stage/lib/aarch64-linux-gnu/pkgconfig:/workspaces/ros2_jazzy_docker/ros2_ws/install/stage/lib/pkgconfig:/workspaces/ros2_jazzy_docker/ros2_ws/src/install/stage/lib/aarch64-linux-gnu/pkgconfig:/workspaces/ros2_jazzy_docker/ros2_ws/src/install/stage/lib/pkgconfig ROS_PACKAGE_PATH=/workspaces/ros2_jazzy_docker/ros2_ws/install/stage/share:/workspaces/ros2_jazzy_docker/ros2_ws/src/install/stage/share /usr/bin/cmake --install /workspaces/ros2_jazzy_docker/ros2_ws/build/stage_ros2
[54.984s] Level 1:colcon.colcon_core.environment:create_environment_scripts_only(stage_ros2)
[54.985s] Level 1:colcon.colcon_core.environment:checking '/workspaces/ros2_jazzy_docker/ros2_ws/install/stage_ros2' for CMake module files
[54.985s] DEBUG:colcon.colcon_core.event_handler.log_command:Invoked command in '/workspaces/ros2_jazzy_docker/ros2_ws/build/stage_ros2' returned '0': CMAKE_PREFIX_PATH=/workspaces/ros2_jazzy_docker/ros2_ws/install/turtlebot3_teleop:/workspaces/ros2_jazzy_docker/ros2_ws/install/turtlebot3_example:/workspaces/ros2_jazzy_docker/ros2_ws/src/install/turtlebot3_teleop:/workspaces/ros2_jazzy_docker/ros2_ws/src/install/turtlebot3_example:/workspaces/ros2_jazzy_docker/ros2_ws/src/install/turtleboot3_autonomous_nav:/workspaces/ros2_jazzy_docker/ros2_ws/src/install/turtle_py:/workspaces/ros2_jazzy_docker/ros2_ws/src/install/stage_autonomous_nav:/workspaces/ros2_jazzy_docker/ros2_ws/install/turtleboot3_autonomous_nav:/workspaces/ros2_jazzy_docker/ros2_ws/install/turtle_py:/workspaces/ros2_jazzy_docker/ros2_ws/install/stage_autonomous_nav:/opt/ros/jazzy:/workspaces/ros2_jazzy_docker/ros2_ws/install/stage:/workspaces/ros2_jazzy_docker/ros2_ws/install/turtlebot3:/workspaces/ros2_jazzy_docker/ros2_ws/install/turtlebot3_simulations:/workspaces/ros2_jazzy_docker/ros2_ws/install/turtlebot3_bringup:/workspaces/ros2_jazzy_docker/ros2_ws/install/turtlebot3_node:/workspaces/ros2_jazzy_docker/ros2_ws/install/turtlebot3_navigation2:/workspaces/ros2_jazzy_docker/ros2_ws/install/turtlebot3_fake_node:/workspaces/ros2_jazzy_docker/ros2_ws/install/turtlebot3_msgs:/workspaces/ros2_jazzy_docker/ros2_ws/install/turtlebot3_gazebo:/workspaces/ros2_jazzy_docker/ros2_ws/install/turtlebot3_description:/workspaces/ros2_jazzy_docker/ros2_ws/install/turtlebot3_cartographer:/workspaces/ros2_jazzy_docker/ros2_ws/src/install/turtlebot3:/workspaces/ros2_jazzy_docker/ros2_ws/src/install/turtlebot3_simulations:/workspaces/ros2_jazzy_docker/ros2_ws/src/install/turtlebot3_bringup:/workspaces/ros2_jazzy_docker/ros2_ws/src/install/turtlebot3_node:/workspaces/ros2_jazzy_docker/ros2_ws/src/install/turtlebot3_navigation2:/workspaces/ros2_jazzy_docker/ros2_ws/src/install/turtlebot3_fake_node:/workspaces/ros2_jazzy_docker/ros2_ws/src/install/turtlebot3_msgs:/workspaces/ros2_jazzy_docker/ros2_ws/src/install/turtlebot3_gazebo:/workspaces/ros2_jazzy_docker/ros2_ws/src/install/turtlebot3_description:/workspaces/ros2_jazzy_docker/ros2_ws/src/install/turtlebot3_cartographer:/workspaces/ros2_jazzy_docker/ros2_ws/src/install/stage_ros2:/workspaces/ros2_jazzy_docker/ros2_ws/src/install/stage:/workspaces/ros2_jazzy_docker/ros2_ws/install/stage_ros2:/opt/ros/jazzy/opt/gz_sim_vendor:/opt/ros/jazzy/opt/gz_sensors_vendor:/opt/ros/jazzy/opt/gz_physics_vendor:/opt/ros/jazzy/opt/sdformat_vendor:/opt/ros/jazzy/opt/gz_gui_vendor:/opt/ros/jazzy/opt/gz_transport_vendor:/opt/ros/jazzy/opt/gz_rendering_vendor:/opt/ros/jazzy/opt/gz_plugin_vendor:/opt/ros/jazzy/opt/gz_fuel_tools_vendor:/opt/ros/jazzy/opt/gz_msgs_vendor:/opt/ros/jazzy/opt/gz_common_vendor:/opt/ros/jazzy/opt/gz_math_vendor:/opt/ros/jazzy/opt/gz_utils_vendor:/opt/ros/jazzy/opt/gz_tools_vendor:/opt/ros/jazzy/opt/gz_ogre_next_vendor:/opt/ros/jazzy/opt/gz_dartsim_vendor:/opt/ros/jazzy/opt/gz_cmake_vendor LD_LIBRARY_PATH=/workspaces/ros2_jazzy_docker/ros2_ws/install/stage/lib:/workspaces/ros2_jazzy_docker/ros2_ws/install/turtlebot3_msgs/lib:/workspaces/ros2_jazzy_docker/ros2_ws/src/install/turtlebot3_msgs/lib:/workspaces/ros2_jazzy_docker/ros2_ws/src/install/stage_ros2/lib:/workspaces/ros2_jazzy_docker/ros2_ws/src/install/stage/lib:/workspaces/ros2_jazzy_docker/ros2_ws/install/stage_ros2/lib:/opt/ros/jazzy/opt/gz_sim_vendor/lib:/opt/ros/jazzy/opt/gz_sensors_vendor/lib:/opt/ros/jazzy/opt/gz_physics_vendor/lib:/opt/ros/jazzy/opt/sdformat_vendor/lib:/opt/ros/jazzy/opt/rviz_ogre_vendor/lib:/opt/ros/jazzy/lib/aarch64-linux-gnu:/opt/ros/jazzy/opt/gz_gui_vendor/lib:/opt/ros/jazzy/opt/gz_transport_vendor/lib:/opt/ros/jazzy/opt/gz_rendering_vendor/lib:/opt/ros/jazzy/opt/gz_plugin_vendor/lib:/opt/ros/jazzy/opt/gz_fuel_tools_vendor/lib:/opt/ros/jazzy/opt/gz_msgs_vendor/lib:/opt/ros/jazzy/opt/gz_common_vendor/lib:/opt/ros/jazzy/opt/gz_math_vendor/lib:/opt/ros/jazzy/opt/gz_utils_vendor/lib:/opt/ros/jazzy/opt/gz_tools_vendor/lib:/opt/ros/jazzy/opt/gz_ogre_next_vendor/lib:/opt/ros/jazzy/opt/gz_dartsim_vendor/lib:/opt/ros/jazzy/opt/gz_cmake_vendor/lib:/opt/ros/jazzy/lib PATH=/workspaces/ros2_jazzy_docker/ros2_ws/install/stage/bin:/workspaces/ros2_jazzy_docker/ros2_ws/src/install/stage/bin:/opt/ros/jazzy/opt/gz_msgs_vendor/bin:/opt/ros/jazzy/opt/gz_tools_vendor/bin:/opt/ros/jazzy/opt/gz_ogre_next_vendor/bin:/opt/ros/jazzy/bin:/home/ros/.vscode-server/data/User/globalStorage/github.copilot-chat/debugCommand:/home/ros/.vscode-server/data/User/globalStorage/github.copilot-chat/copilotCli:/vscode/vscode-server/bin/linux-arm64/a44adf7f53e00964ab890f9f8758a334f1fc15bc/bin/remote-cli:/usr/local/sbin:/usr/local/bin:/usr/sbin:/usr/bin:/sbin:/bin:/home/ros/.vscode-server/extensions/ms-python.debugpy-2026.6.0-linux-arm64/bundled/scripts/noConfigScripts PKG_CONFIG_PATH=/workspaces/ros2_jazzy_docker/ros2_ws/install/stage/lib/aarch64-linux-gnu/pkgconfig:/workspaces/ros2_jazzy_docker/ros2_ws/install/stage/lib/pkgconfig:/workspaces/ros2_jazzy_docker/ros2_ws/src/install/stage/lib/aarch64-linux-gnu/pkgconfig:/workspaces/ros2_jazzy_docker/ros2_ws/src/install/stage/lib/pkgconfig ROS_PACKAGE_PATH=/workspaces/ros2_jazzy_docker/ros2_ws/install/stage/share:/workspaces/ros2_jazzy_docker/ros2_ws/src/install/stage/share /usr/bin/cmake --install /workspaces/ros2_jazzy_docker/ros2_ws/build/stage_ros2
[54.989s] Level 1:colcon.colcon_core.environment:checking '/workspaces/ros2_jazzy_docker/ros2_ws/install/stage_ros2' for CMake config files
[54.995s] Level 1:colcon.colcon_core.shell:create_environment_hook('stage_ros2', 'cmake_prefix_path')
[54.996s] INFO:colcon.colcon_core.shell:Creating environment hook '/workspaces/ros2_jazzy_docker/ros2_ws/install/stage_ros2/share/stage_ros2/hook/cmake_prefix_path.ps1'
[55.003s] INFO:colcon.colcon_core.shell:Creating environment descriptor '/workspaces/ros2_jazzy_docker/ros2_ws/install/stage_ros2/share/stage_ros2/hook/cmake_prefix_path.dsv'
[55.006s] INFO:colcon.colcon_core.shell:Creating environment hook '/workspaces/ros2_jazzy_docker/ros2_ws/install/stage_ros2/share/stage_ros2/hook/cmake_prefix_path.sh'
[55.012s] Level 1:colcon.colcon_core.environment:checking '/workspaces/ros2_jazzy_docker/ros2_ws/install/stage_ros2/lib'
[55.014s] Level 1:colcon.colcon_core.shell:create_environment_hook('stage_ros2', 'ld_library_path_lib')
[55.015s] INFO:colcon.colcon_core.shell:Creating environment hook '/workspaces/ros2_jazzy_docker/ros2_ws/install/stage_ros2/share/stage_ros2/hook/ld_library_path_lib.ps1'
[55.018s] INFO:colcon.colcon_core.shell:Creating environment descriptor '/workspaces/ros2_jazzy_docker/ros2_ws/install/stage_ros2/share/stage_ros2/hook/ld_library_path_lib.dsv'
[55.027s] INFO:colcon.colcon_core.shell:Creating environment hook '/workspaces/ros2_jazzy_docker/ros2_ws/install/stage_ros2/share/stage_ros2/hook/ld_library_path_lib.sh'
[55.030s] Level 1:colcon.colcon_core.environment:checking '/workspaces/ros2_jazzy_docker/ros2_ws/install/stage_ros2/bin'
[55.031s] Level 1:colcon.colcon_core.environment:checking '/workspaces/ros2_jazzy_docker/ros2_ws/install/stage_ros2/lib/pkgconfig/stage_ros2.pc'
[55.032s] Level 1:colcon.colcon_core.environment:checking '/workspaces/ros2_jazzy_docker/ros2_ws/install/stage_ros2/lib/python3.12/site-packages'
[55.034s] Level 1:colcon.colcon_core.environment:checking '/workspaces/ros2_jazzy_docker/ros2_ws/install/stage_ros2/bin'
[55.035s] INFO:colcon.colcon_core.shell:Creating package script '/workspaces/ros2_jazzy_docker/ros2_ws/install/stage_ros2/share/stage_ros2/package.ps1'
[55.037s] INFO:colcon.colcon_core.shell:Creating package descriptor '/workspaces/ros2_jazzy_docker/ros2_ws/install/stage_ros2/share/stage_ros2/package.dsv'
[55.038s] INFO:colcon.colcon_core.shell:Creating package script '/workspaces/ros2_jazzy_docker/ros2_ws/install/stage_ros2/share/stage_ros2/package.sh'
[55.039s] INFO:colcon.colcon_core.shell:Creating package script '/workspaces/ros2_jazzy_docker/ros2_ws/install/stage_ros2/share/stage_ros2/package.bash'
[55.041s] INFO:colcon.colcon_core.shell:Creating package script '/workspaces/ros2_jazzy_docker/ros2_ws/install/stage_ros2/share/stage_ros2/package.zsh'
[55.044s] Level 1:colcon.colcon_core.environment:create_file_with_runtime_dependencies(/workspaces/ros2_jazzy_docker/ros2_ws/install/stage_ros2/share/colcon-core/packages/stage_ros2)
[55.046s] Level 1:colcon.colcon_core.environment:create_environment_scripts_only(stage_ros2)
[55.046s] Level 1:colcon.colcon_core.environment:checking '/workspaces/ros2_jazzy_docker/ros2_ws/install/stage_ros2' for CMake module files
[55.048s] Level 1:colcon.colcon_core.environment:checking '/workspaces/ros2_jazzy_docker/ros2_ws/install/stage_ros2' for CMake config files
[55.050s] Level 1:colcon.colcon_core.shell:create_environment_hook('stage_ros2', 'cmake_prefix_path')
[55.051s] INFO:colcon.colcon_core.shell:Creating environment hook '/workspaces/ros2_jazzy_docker/ros2_ws/install/stage_ros2/share/stage_ros2/hook/cmake_prefix_path.ps1'
[55.054s] INFO:colcon.colcon_core.shell:Creating environment descriptor '/workspaces/ros2_jazzy_docker/ros2_ws/install/stage_ros2/share/stage_ros2/hook/cmake_prefix_path.dsv'
[55.056s] INFO:colcon.colcon_core.shell:Creating environment hook '/workspaces/ros2_jazzy_docker/ros2_ws/install/stage_ros2/share/stage_ros2/hook/cmake_prefix_path.sh'
[55.057s] Level 1:colcon.colcon_core.environment:checking '/workspaces/ros2_jazzy_docker/ros2_ws/install/stage_ros2/lib'
[55.058s] Level 1:colcon.colcon_core.shell:create_environment_hook('stage_ros2', 'ld_library_path_lib')
[55.058s] INFO:colcon.colcon_core.shell:Creating environment hook '/workspaces/ros2_jazzy_docker/ros2_ws/install/stage_ros2/share/stage_ros2/hook/ld_library_path_lib.ps1'
[55.060s] INFO:colcon.colcon_core.shell:Creating environment descriptor '/workspaces/ros2_jazzy_docker/ros2_ws/install/stage_ros2/share/stage_ros2/hook/ld_library_path_lib.dsv'
[55.061s] INFO:colcon.colcon_core.shell:Creating environment hook '/workspaces/ros2_jazzy_docker/ros2_ws/install/stage_ros2/share/stage_ros2/hook/ld_library_path_lib.sh'
[55.063s] Level 1:colcon.colcon_core.environment:checking '/workspaces/ros2_jazzy_docker/ros2_ws/install/stage_ros2/bin'
[55.064s] Level 1:colcon.colcon_core.environment:checking '/workspaces/ros2_jazzy_docker/ros2_ws/install/stage_ros2/lib/pkgconfig/stage_ros2.pc'
[55.065s] Level 1:colcon.colcon_core.environment:checking '/workspaces/ros2_jazzy_docker/ros2_ws/install/stage_ros2/lib/python3.12/site-packages'
[55.065s] Level 1:colcon.colcon_core.environment:checking '/workspaces/ros2_jazzy_docker/ros2_ws/install/stage_ros2/bin'
[55.065s] INFO:colcon.colcon_core.shell:Creating package script '/workspaces/ros2_jazzy_docker/ros2_ws/install/stage_ros2/share/stage_ros2/package.ps1'
[55.067s] INFO:colcon.colcon_core.shell:Creating package descriptor '/workspaces/ros2_jazzy_docker/ros2_ws/install/stage_ros2/share/stage_ros2/package.dsv'
[55.069s] INFO:colcon.colcon_core.shell:Creating package script '/workspaces/ros2_jazzy_docker/ros2_ws/install/stage_ros2/share/stage_ros2/package.sh'
[55.069s] INFO:colcon.colcon_core.shell:Creating package script '/workspaces/ros2_jazzy_docker/ros2_ws/install/stage_ros2/share/stage_ros2/package.bash'
[55.070s] INFO:colcon.colcon_core.shell:Creating package script '/workspaces/ros2_jazzy_docker/ros2_ws/install/stage_ros2/share/stage_ros2/package.zsh'
[55.071s] Level 1:colcon.colcon_core.environment:create_file_with_runtime_dependencies(/workspaces/ros2_jazzy_docker/ros2_ws/install/stage_ros2/share/colcon-core/packages/stage_ros2)
[55.072s] INFO:colcon.colcon_ros.task.ament_python.build:Building ROS package in '/workspaces/ros2_jazzy_docker/ros2_ws/src/stage_autonomous_nav' with build type 'ament_python'
[55.073s] Level 1:colcon.colcon_core.shell:create_environment_hook('stage_autonomous_nav', 'ament_prefix_path')
[55.073s] INFO:colcon.colcon_core.shell:Creating environment hook '/workspaces/ros2_jazzy_docker/ros2_ws/install/stage_autonomous_nav/share/stage_autonomous_nav/hook/ament_prefix_path.ps1'
[55.077s] INFO:colcon.colcon_core.shell:Creating environment descriptor '/workspaces/ros2_jazzy_docker/ros2_ws/install/stage_autonomous_nav/share/stage_autonomous_nav/hook/ament_prefix_path.dsv'
[55.078s] INFO:colcon.colcon_core.shell:Creating environment hook '/workspaces/ros2_jazzy_docker/ros2_ws/install/stage_autonomous_nav/share/stage_autonomous_nav/hook/ament_prefix_path.sh'
[55.079s] INFO:colcon.colcon_core.shell:Skip shell extension 'powershell' for command environment: Not usable outside of PowerShell
[55.079s] DEBUG:colcon.colcon_core.shell:Skip shell extension 'dsv' for command environment
[55.364s] INFO:colcon.colcon_core.task.python.build:Building Python package in '/workspaces/ros2_jazzy_docker/ros2_ws/src/stage_autonomous_nav'
[55.364s] INFO:colcon.colcon_core.shell:Skip shell extension 'powershell' for command environment: Not usable outside of PowerShell
[55.365s] DEBUG:colcon.colcon_core.shell:Skip shell extension 'dsv' for command environment
[55.469s] DEBUG:colcon.colcon_core.event_handler.log_command:Invoked command in '/workspaces/ros2_jazzy_docker/ros2_ws/build/turtlebot3_fake_node' returned '0': CMAKE_PREFIX_PATH=/workspaces/ros2_jazzy_docker/ros2_ws/install/turtlebot3_msgs:/workspaces/ros2_jazzy_docker/ros2_ws/install/turtlebot3:/workspaces/ros2_jazzy_docker/ros2_ws/install/turtlebot3_simulations:/workspaces/ros2_jazzy_docker/ros2_ws/install/turtlebot3_bringup:/workspaces/ros2_jazzy_docker/ros2_ws/install/turtlebot3_node:/workspaces/ros2_jazzy_docker/ros2_ws/install/turtlebot3_navigation2:/workspaces/ros2_jazzy_docker/ros2_ws/install/turtlebot3_fake_node:/workspaces/ros2_jazzy_docker/ros2_ws/install/turtlebot3_gazebo:/workspaces/ros2_jazzy_docker/ros2_ws/install/turtlebot3_description:/workspaces/ros2_jazzy_docker/ros2_ws/install/turtlebot3_cartographer:/workspaces/ros2_jazzy_docker/ros2_ws/src/install/turtlebot3:/workspaces/ros2_jazzy_docker/ros2_ws/src/install/turtlebot3_simulations:/workspaces/ros2_jazzy_docker/ros2_ws/src/install/turtlebot3_bringup:/workspaces/ros2_jazzy_docker/ros2_ws/src/install/turtlebot3_node:/workspaces/ros2_jazzy_docker/ros2_ws/src/install/turtlebot3_navigation2:/workspaces/ros2_jazzy_docker/ros2_ws/src/install/turtlebot3_fake_node:/workspaces/ros2_jazzy_docker/ros2_ws/src/install/turtlebot3_msgs:/workspaces/ros2_jazzy_docker/ros2_ws/src/install/turtlebot3_gazebo:/workspaces/ros2_jazzy_docker/ros2_ws/src/install/turtlebot3_description:/workspaces/ros2_jazzy_docker/ros2_ws/src/install/turtlebot3_cartographer:/workspaces/ros2_jazzy_docker/ros2_ws/src/install/stage_ros2:/workspaces/ros2_jazzy_docker/ros2_ws/src/install/stage:/workspaces/ros2_jazzy_docker/ros2_ws/install/stage_ros2:/workspaces/ros2_jazzy_docker/ros2_ws/install/turtlebot3_teleop:/workspaces/ros2_jazzy_docker/ros2_ws/install/turtlebot3_example:/workspaces/ros2_jazzy_docker/ros2_ws/src/install/turtlebot3_teleop:/workspaces/ros2_jazzy_docker/ros2_ws/src/install/turtlebot3_example:/workspaces/ros2_jazzy_docker/ros2_ws/src/install/turtleboot3_autonomous_nav:/workspaces/ros2_jazzy_docker/ros2_ws/src/install/turtle_py:/workspaces/ros2_jazzy_docker/ros2_ws/src/install/stage_autonomous_nav:/workspaces/ros2_jazzy_docker/ros2_ws/install/turtleboot3_autonomous_nav:/workspaces/ros2_jazzy_docker/ros2_ws/install/turtle_py:/workspaces/ros2_jazzy_docker/ros2_ws/install/stage_autonomous_nav:/opt/ros/jazzy:/workspaces/ros2_jazzy_docker/ros2_ws/install/stage:/opt/ros/jazzy/opt/gz_sim_vendor:/opt/ros/jazzy/opt/gz_sensors_vendor:/opt/ros/jazzy/opt/gz_physics_vendor:/opt/ros/jazzy/opt/sdformat_vendor:/opt/ros/jazzy/opt/gz_gui_vendor:/opt/ros/jazzy/opt/gz_transport_vendor:/opt/ros/jazzy/opt/gz_rendering_vendor:/opt/ros/jazzy/opt/gz_plugin_vendor:/opt/ros/jazzy/opt/gz_fuel_tools_vendor:/opt/ros/jazzy/opt/gz_msgs_vendor:/opt/ros/jazzy/opt/gz_common_vendor:/opt/ros/jazzy/opt/gz_math_vendor:/opt/ros/jazzy/opt/gz_utils_vendor:/opt/ros/jazzy/opt/gz_tools_vendor:/opt/ros/jazzy/opt/gz_ogre_next_vendor:/opt/ros/jazzy/opt/gz_dartsim_vendor:/opt/ros/jazzy/opt/gz_cmake_vendor PYTHONPATH=/workspaces/ros2_jazzy_docker/ros2_ws/install/turtlebot3_msgs/lib/python3.12/site-packages:/workspaces/ros2_jazzy_docker/ros2_ws/install/turtlebot3_teleop/lib/python3.12/site-packages:/workspaces/ros2_jazzy_docker/ros2_ws/install/turtlebot3_example/lib/python3.12/site-packages:/workspaces/ros2_jazzy_docker/ros2_ws/src/install/turtlebot3_teleop/lib/python3.12/site-packages:/workspaces/ros2_jazzy_docker/ros2_ws/src/install/turtlebot3_example/lib/python3.12/site-packages:/workspaces/ros2_jazzy_docker/ros2_ws/src/install/turtlebot3_msgs/lib/python3.12/site-packages:/workspaces/ros2_jazzy_docker/ros2_ws/src/install/turtleboot3_autonomous_nav/lib/python3.12/site-packages:/workspaces/ros2_jazzy_docker/ros2_ws/src/install/turtle_py/lib/python3.12/site-packages:/workspaces/ros2_jazzy_docker/ros2_ws/src/install/stage_autonomous_nav/lib/python3.12/site-packages:/workspaces/ros2_jazzy_docker/ros2_ws/build/turtleboot3_autonomous_nav:/workspaces/ros2_jazzy_docker/ros2_ws/install/turtleboot3_autonomous_nav/lib/python3.12/site-packages:/workspaces/ros2_jazzy_docker/ros2_ws/build/turtle_py:/workspaces/ros2_jazzy_docker/ros2_ws/install/turtle_py/lib/python3.12/site-packages:/workspaces/ros2_jazzy_docker/ros2_ws/build/stage_autonomous_nav:/workspaces/ros2_jazzy_docker/ros2_ws/install/stage_autonomous_nav/lib/python3.12/site-packages:/opt/ros/jazzy/lib/python3.12/site-packages /usr/bin/cmake --build /workspaces/ros2_jazzy_docker/ros2_ws/build/turtlebot3_fake_node -- -j12 -l12
[55.474s] DEBUG:colcon.colcon_core.event_handler.log_command:Invoking command in '/workspaces/ros2_jazzy_docker/ros2_ws/build/turtlebot3_fake_node': CMAKE_PREFIX_PATH=/workspaces/ros2_jazzy_docker/ros2_ws/install/turtlebot3_msgs:/workspaces/ros2_jazzy_docker/ros2_ws/install/turtlebot3:/workspaces/ros2_jazzy_docker/ros2_ws/install/turtlebot3_simulations:/workspaces/ros2_jazzy_docker/ros2_ws/install/turtlebot3_bringup:/workspaces/ros2_jazzy_docker/ros2_ws/install/turtlebot3_node:/workspaces/ros2_jazzy_docker/ros2_ws/install/turtlebot3_navigation2:/workspaces/ros2_jazzy_docker/ros2_ws/install/turtlebot3_fake_node:/workspaces/ros2_jazzy_docker/ros2_ws/install/turtlebot3_gazebo:/workspaces/ros2_jazzy_docker/ros2_ws/install/turtlebot3_description:/workspaces/ros2_jazzy_docker/ros2_ws/install/turtlebot3_cartographer:/workspaces/ros2_jazzy_docker/ros2_ws/src/install/turtlebot3:/workspaces/ros2_jazzy_docker/ros2_ws/src/install/turtlebot3_simulations:/workspaces/ros2_jazzy_docker/ros2_ws/src/install/turtlebot3_bringup:/workspaces/ros2_jazzy_docker/ros2_ws/src/install/turtlebot3_node:/workspaces/ros2_jazzy_docker/ros2_ws/src/install/turtlebot3_navigation2:/workspaces/ros2_jazzy_docker/ros2_ws/src/install/turtlebot3_fake_node:/workspaces/ros2_jazzy_docker/ros2_ws/src/install/turtlebot3_msgs:/workspaces/ros2_jazzy_docker/ros2_ws/src/install/turtlebot3_gazebo:/workspaces/ros2_jazzy_docker/ros2_ws/src/install/turtlebot3_description:/workspaces/ros2_jazzy_docker/ros2_ws/src/install/turtlebot3_cartographer:/workspaces/ros2_jazzy_docker/ros2_ws/src/install/stage_ros2:/workspaces/ros2_jazzy_docker/ros2_ws/src/install/stage:/workspaces/ros2_jazzy_docker/ros2_ws/install/stage_ros2:/workspaces/ros2_jazzy_docker/ros2_ws/install/turtlebot3_teleop:/workspaces/ros2_jazzy_docker/ros2_ws/install/turtlebot3_example:/workspaces/ros2_jazzy_docker/ros2_ws/src/install/turtlebot3_teleop:/workspaces/ros2_jazzy_docker/ros2_ws/src/install/turtlebot3_example:/workspaces/ros2_jazzy_docker/ros2_ws/src/install/turtleboot3_autonomous_nav:/workspaces/ros2_jazzy_docker/ros2_ws/src/install/turtle_py:/workspaces/ros2_jazzy_docker/ros2_ws/src/install/stage_autonomous_nav:/workspaces/ros2_jazzy_docker/ros2_ws/install/turtleboot3_autonomous_nav:/workspaces/ros2_jazzy_docker/ros2_ws/install/turtle_py:/workspaces/ros2_jazzy_docker/ros2_ws/install/stage_autonomous_nav:/opt/ros/jazzy:/workspaces/ros2_jazzy_docker/ros2_ws/install/stage:/opt/ros/jazzy/opt/gz_sim_vendor:/opt/ros/jazzy/opt/gz_sensors_vendor:/opt/ros/jazzy/opt/gz_physics_vendor:/opt/ros/jazzy/opt/sdformat_vendor:/opt/ros/jazzy/opt/gz_gui_vendor:/opt/ros/jazzy/opt/gz_transport_vendor:/opt/ros/jazzy/opt/gz_rendering_vendor:/opt/ros/jazzy/opt/gz_plugin_vendor:/opt/ros/jazzy/opt/gz_fuel_tools_vendor:/opt/ros/jazzy/opt/gz_msgs_vendor:/opt/ros/jazzy/opt/gz_common_vendor:/opt/ros/jazzy/opt/gz_math_vendor:/opt/ros/jazzy/opt/gz_utils_vendor:/opt/ros/jazzy/opt/gz_tools_vendor:/opt/ros/jazzy/opt/gz_ogre_next_vendor:/opt/ros/jazzy/opt/gz_dartsim_vendor:/opt/ros/jazzy/opt/gz_cmake_vendor PYTHONPATH=/workspaces/ros2_jazzy_docker/ros2_ws/install/turtlebot3_msgs/lib/python3.12/site-packages:/workspaces/ros2_jazzy_docker/ros2_ws/install/turtlebot3_teleop/lib/python3.12/site-packages:/workspaces/ros2_jazzy_docker/ros2_ws/install/turtlebot3_example/lib/python3.12/site-packages:/workspaces/ros2_jazzy_docker/ros2_ws/src/install/turtlebot3_teleop/lib/python3.12/site-packages:/workspaces/ros2_jazzy_docker/ros2_ws/src/install/turtlebot3_example/lib/python3.12/site-packages:/workspaces/ros2_jazzy_docker/ros2_ws/src/install/turtlebot3_msgs/lib/python3.12/site-packages:/workspaces/ros2_jazzy_docker/ros2_ws/src/install/turtleboot3_autonomous_nav/lib/python3.12/site-packages:/workspaces/ros2_jazzy_docker/ros2_ws/src/install/turtle_py/lib/python3.12/site-packages:/workspaces/ros2_jazzy_docker/ros2_ws/src/install/stage_autonomous_nav/lib/python3.12/site-packages:/workspaces/ros2_jazzy_docker/ros2_ws/build/turtleboot3_autonomous_nav:/workspaces/ros2_jazzy_docker/ros2_ws/install/turtleboot3_autonomous_nav/lib/python3.12/site-packages:/workspaces/ros2_jazzy_docker/ros2_ws/build/turtle_py:/workspaces/ros2_jazzy_docker/ros2_ws/install/turtle_py/lib/python3.12/site-packages:/workspaces/ros2_jazzy_docker/ros2_ws/build/stage_autonomous_nav:/workspaces/ros2_jazzy_docker/ros2_ws/install/stage_autonomous_nav/lib/python3.12/site-packages:/opt/ros/jazzy/lib/python3.12/site-packages /usr/bin/cmake --install /workspaces/ros2_jazzy_docker/ros2_ws/build/turtlebot3_fake_node
[55.582s] Level 1:colcon.colcon_core.environment:create_environment_scripts_only(turtlebot3_fake_node)
[55.583s] Level 1:colcon.colcon_core.environment:checking '/workspaces/ros2_jazzy_docker/ros2_ws/install/turtlebot3_fake_node' for CMake module files
[55.583s] DEBUG:colcon.colcon_core.event_handler.log_command:Invoked command in '/workspaces/ros2_jazzy_docker/ros2_ws/build/turtlebot3_fake_node' returned '0': CMAKE_PREFIX_PATH=/workspaces/ros2_jazzy_docker/ros2_ws/install/turtlebot3_msgs:/workspaces/ros2_jazzy_docker/ros2_ws/install/turtlebot3:/workspaces/ros2_jazzy_docker/ros2_ws/install/turtlebot3_simulations:/workspaces/ros2_jazzy_docker/ros2_ws/install/turtlebot3_bringup:/workspaces/ros2_jazzy_docker/ros2_ws/install/turtlebot3_node:/workspaces/ros2_jazzy_docker/ros2_ws/install/turtlebot3_navigation2:/workspaces/ros2_jazzy_docker/ros2_ws/install/turtlebot3_fake_node:/workspaces/ros2_jazzy_docker/ros2_ws/install/turtlebot3_gazebo:/workspaces/ros2_jazzy_docker/ros2_ws/install/turtlebot3_description:/workspaces/ros2_jazzy_docker/ros2_ws/install/turtlebot3_cartographer:/workspaces/ros2_jazzy_docker/ros2_ws/src/install/turtlebot3:/workspaces/ros2_jazzy_docker/ros2_ws/src/install/turtlebot3_simulations:/workspaces/ros2_jazzy_docker/ros2_ws/src/install/turtlebot3_bringup:/workspaces/ros2_jazzy_docker/ros2_ws/src/install/turtlebot3_node:/workspaces/ros2_jazzy_docker/ros2_ws/src/install/turtlebot3_navigation2:/workspaces/ros2_jazzy_docker/ros2_ws/src/install/turtlebot3_fake_node:/workspaces/ros2_jazzy_docker/ros2_ws/src/install/turtlebot3_msgs:/workspaces/ros2_jazzy_docker/ros2_ws/src/install/turtlebot3_gazebo:/workspaces/ros2_jazzy_docker/ros2_ws/src/install/turtlebot3_description:/workspaces/ros2_jazzy_docker/ros2_ws/src/install/turtlebot3_cartographer:/workspaces/ros2_jazzy_docker/ros2_ws/src/install/stage_ros2:/workspaces/ros2_jazzy_docker/ros2_ws/src/install/stage:/workspaces/ros2_jazzy_docker/ros2_ws/install/stage_ros2:/workspaces/ros2_jazzy_docker/ros2_ws/install/turtlebot3_teleop:/workspaces/ros2_jazzy_docker/ros2_ws/install/turtlebot3_example:/workspaces/ros2_jazzy_docker/ros2_ws/src/install/turtlebot3_teleop:/workspaces/ros2_jazzy_docker/ros2_ws/src/install/turtlebot3_example:/workspaces/ros2_jazzy_docker/ros2_ws/src/install/turtleboot3_autonomous_nav:/workspaces/ros2_jazzy_docker/ros2_ws/src/install/turtle_py:/workspaces/ros2_jazzy_docker/ros2_ws/src/install/stage_autonomous_nav:/workspaces/ros2_jazzy_docker/ros2_ws/install/turtleboot3_autonomous_nav:/workspaces/ros2_jazzy_docker/ros2_ws/install/turtle_py:/workspaces/ros2_jazzy_docker/ros2_ws/install/stage_autonomous_nav:/opt/ros/jazzy:/workspaces/ros2_jazzy_docker/ros2_ws/install/stage:/opt/ros/jazzy/opt/gz_sim_vendor:/opt/ros/jazzy/opt/gz_sensors_vendor:/opt/ros/jazzy/opt/gz_physics_vendor:/opt/ros/jazzy/opt/sdformat_vendor:/opt/ros/jazzy/opt/gz_gui_vendor:/opt/ros/jazzy/opt/gz_transport_vendor:/opt/ros/jazzy/opt/gz_rendering_vendor:/opt/ros/jazzy/opt/gz_plugin_vendor:/opt/ros/jazzy/opt/gz_fuel_tools_vendor:/opt/ros/jazzy/opt/gz_msgs_vendor:/opt/ros/jazzy/opt/gz_common_vendor:/opt/ros/jazzy/opt/gz_math_vendor:/opt/ros/jazzy/opt/gz_utils_vendor:/opt/ros/jazzy/opt/gz_tools_vendor:/opt/ros/jazzy/opt/gz_ogre_next_vendor:/opt/ros/jazzy/opt/gz_dartsim_vendor:/opt/ros/jazzy/opt/gz_cmake_vendor PYTHONPATH=/workspaces/ros2_jazzy_docker/ros2_ws/install/turtlebot3_msgs/lib/python3.12/site-packages:/workspaces/ros2_jazzy_docker/ros2_ws/install/turtlebot3_teleop/lib/python3.12/site-packages:/workspaces/ros2_jazzy_docker/ros2_ws/install/turtlebot3_example/lib/python3.12/site-packages:/workspaces/ros2_jazzy_docker/ros2_ws/src/install/turtlebot3_teleop/lib/python3.12/site-packages:/workspaces/ros2_jazzy_docker/ros2_ws/src/install/turtlebot3_example/lib/python3.12/site-packages:/workspaces/ros2_jazzy_docker/ros2_ws/src/install/turtlebot3_msgs/lib/python3.12/site-packages:/workspaces/ros2_jazzy_docker/ros2_ws/src/install/turtleboot3_autonomous_nav/lib/python3.12/site-packages:/workspaces/ros2_jazzy_docker/ros2_ws/src/install/turtle_py/lib/python3.12/site-packages:/workspaces/ros2_jazzy_docker/ros2_ws/src/install/stage_autonomous_nav/lib/python3.12/site-packages:/workspaces/ros2_jazzy_docker/ros2_ws/build/turtleboot3_autonomous_nav:/workspaces/ros2_jazzy_docker/ros2_ws/install/turtleboot3_autonomous_nav/lib/python3.12/site-packages:/workspaces/ros2_jazzy_docker/ros2_ws/build/turtle_py:/workspaces/ros2_jazzy_docker/ros2_ws/install/turtle_py/lib/python3.12/site-packages:/workspaces/ros2_jazzy_docker/ros2_ws/build/stage_autonomous_nav:/workspaces/ros2_jazzy_docker/ros2_ws/install/stage_autonomous_nav/lib/python3.12/site-packages:/opt/ros/jazzy/lib/python3.12/site-packages /usr/bin/cmake --install /workspaces/ros2_jazzy_docker/ros2_ws/build/turtlebot3_fake_node
[55.585s] Level 1:colcon.colcon_core.environment:checking '/workspaces/ros2_jazzy_docker/ros2_ws/install/turtlebot3_fake_node' for CMake config files
[55.586s] Level 1:colcon.colcon_core.shell:create_environment_hook('turtlebot3_fake_node', 'cmake_prefix_path')
[55.587s] INFO:colcon.colcon_core.shell:Creating environment hook '/workspaces/ros2_jazzy_docker/ros2_ws/install/turtlebot3_fake_node/share/turtlebot3_fake_node/hook/cmake_prefix_path.ps1'
[55.588s] INFO:colcon.colcon_core.shell:Creating environment descriptor '/workspaces/ros2_jazzy_docker/ros2_ws/install/turtlebot3_fake_node/share/turtlebot3_fake_node/hook/cmake_prefix_path.dsv'
[55.588s] INFO:colcon.colcon_core.shell:Creating environment hook '/workspaces/ros2_jazzy_docker/ros2_ws/install/turtlebot3_fake_node/share/turtlebot3_fake_node/hook/cmake_prefix_path.sh'
[55.589s] Level 1:colcon.colcon_core.environment:checking '/workspaces/ros2_jazzy_docker/ros2_ws/install/turtlebot3_fake_node/lib'
[55.589s] Level 1:colcon.colcon_core.environment:checking '/workspaces/ros2_jazzy_docker/ros2_ws/install/turtlebot3_fake_node/bin'
[55.589s] Level 1:colcon.colcon_core.environment:checking '/workspaces/ros2_jazzy_docker/ros2_ws/install/turtlebot3_fake_node/lib/pkgconfig/turtlebot3_fake_node.pc'
[55.590s] Level 1:colcon.colcon_core.environment:checking '/workspaces/ros2_jazzy_docker/ros2_ws/install/turtlebot3_fake_node/lib/python3.12/site-packages'
[55.590s] Level 1:colcon.colcon_core.environment:checking '/workspaces/ros2_jazzy_docker/ros2_ws/install/turtlebot3_fake_node/bin'
[55.590s] INFO:colcon.colcon_core.shell:Creating package script '/workspaces/ros2_jazzy_docker/ros2_ws/install/turtlebot3_fake_node/share/turtlebot3_fake_node/package.ps1'
[55.591s] INFO:colcon.colcon_core.shell:Creating package descriptor '/workspaces/ros2_jazzy_docker/ros2_ws/install/turtlebot3_fake_node/share/turtlebot3_fake_node/package.dsv'
[55.591s] INFO:colcon.colcon_core.shell:Creating package script '/workspaces/ros2_jazzy_docker/ros2_ws/install/turtlebot3_fake_node/share/turtlebot3_fake_node/package.sh'
[55.592s] INFO:colcon.colcon_core.shell:Creating package script '/workspaces/ros2_jazzy_docker/ros2_ws/install/turtlebot3_fake_node/share/turtlebot3_fake_node/package.bash'
[55.592s] INFO:colcon.colcon_core.shell:Creating package script '/workspaces/ros2_jazzy_docker/ros2_ws/install/turtlebot3_fake_node/share/turtlebot3_fake_node/package.zsh'
[55.593s] Level 1:colcon.colcon_core.environment:create_file_with_runtime_dependencies(/workspaces/ros2_jazzy_docker/ros2_ws/install/turtlebot3_fake_node/share/colcon-core/packages/turtlebot3_fake_node)
[55.595s] Level 1:colcon.colcon_core.environment:create_environment_scripts_only(turtlebot3_fake_node)
[55.595s] Level 1:colcon.colcon_core.environment:checking '/workspaces/ros2_jazzy_docker/ros2_ws/install/turtlebot3_fake_node' for CMake module files
[55.597s] Level 1:colcon.colcon_core.environment:checking '/workspaces/ros2_jazzy_docker/ros2_ws/install/turtlebot3_fake_node' for CMake config files
[55.599s] Level 1:colcon.colcon_core.shell:create_environment_hook('turtlebot3_fake_node', 'cmake_prefix_path')
[55.600s] INFO:colcon.colcon_core.shell:Creating environment hook '/workspaces/ros2_jazzy_docker/ros2_ws/install/turtlebot3_fake_node/share/turtlebot3_fake_node/hook/cmake_prefix_path.ps1'
[55.600s] INFO:colcon.colcon_core.shell:Creating environment descriptor '/workspaces/ros2_jazzy_docker/ros2_ws/install/turtlebot3_fake_node/share/turtlebot3_fake_node/hook/cmake_prefix_path.dsv'
[55.601s] INFO:colcon.colcon_core.shell:Creating environment hook '/workspaces/ros2_jazzy_docker/ros2_ws/install/turtlebot3_fake_node/share/turtlebot3_fake_node/hook/cmake_prefix_path.sh'
[55.602s] Level 1:colcon.colcon_core.environment:checking '/workspaces/ros2_jazzy_docker/ros2_ws/install/turtlebot3_fake_node/lib'
[55.602s] Level 1:colcon.colcon_core.environment:checking '/workspaces/ros2_jazzy_docker/ros2_ws/install/turtlebot3_fake_node/bin'
[55.602s] Level 1:colcon.colcon_core.environment:checking '/workspaces/ros2_jazzy_docker/ros2_ws/install/turtlebot3_fake_node/lib/pkgconfig/turtlebot3_fake_node.pc'
[55.602s] Level 1:colcon.colcon_core.environment:checking '/workspaces/ros2_jazzy_docker/ros2_ws/install/turtlebot3_fake_node/lib/python3.12/site-packages'
[55.602s] Level 1:colcon.colcon_core.environment:checking '/workspaces/ros2_jazzy_docker/ros2_ws/install/turtlebot3_fake_node/bin'
[55.603s] INFO:colcon.colcon_core.shell:Creating package script '/workspaces/ros2_jazzy_docker/ros2_ws/install/turtlebot3_fake_node/share/turtlebot3_fake_node/package.ps1'
[55.603s] INFO:colcon.colcon_core.shell:Creating package descriptor '/workspaces/ros2_jazzy_docker/ros2_ws/install/turtlebot3_fake_node/share/turtlebot3_fake_node/package.dsv'
[55.604s] INFO:colcon.colcon_core.shell:Creating package script '/workspaces/ros2_jazzy_docker/ros2_ws/install/turtlebot3_fake_node/share/turtlebot3_fake_node/package.sh'
[55.604s] INFO:colcon.colcon_core.shell:Creating package script '/workspaces/ros2_jazzy_docker/ros2_ws/install/turtlebot3_fake_node/share/turtlebot3_fake_node/package.bash'
[55.605s] INFO:colcon.colcon_core.shell:Creating package script '/workspaces/ros2_jazzy_docker/ros2_ws/install/turtlebot3_fake_node/share/turtlebot3_fake_node/package.zsh'
[55.605s] Level 1:colcon.colcon_core.environment:create_file_with_runtime_dependencies(/workspaces/ros2_jazzy_docker/ros2_ws/install/turtlebot3_fake_node/share/colcon-core/packages/turtlebot3_fake_node)
[55.606s] INFO:colcon.colcon_ros.task.ament_cmake.build:Building ROS package in '/workspaces/ros2_jazzy_docker/ros2_ws/src/turtlebot3_simulations/turtlebot3_simulations' with build type 'ament_cmake'
[55.606s] INFO:colcon.colcon_cmake.task.cmake.build:Building CMake package in '/workspaces/ros2_jazzy_docker/ros2_ws/src/turtlebot3_simulations/turtlebot3_simulations'
[55.606s] INFO:colcon.colcon_core.shell:Skip shell extension 'powershell' for command environment: Not usable outside of PowerShell
[55.606s] DEBUG:colcon.colcon_core.shell:Skip shell extension 'dsv' for command environment
[55.645s] DEBUG:colcon.colcon_core.event_handler.log_command:Invoking command in '/workspaces/ros2_jazzy_docker/ros2_ws/build/turtlebot3_simulations': CMAKE_PREFIX_PATH=/workspaces/ros2_jazzy_docker/ros2_ws/install/turtlebot3_fake_node:/workspaces/ros2_jazzy_docker/ros2_ws/install/turtlebot3_msgs:/workspaces/ros2_jazzy_docker/ros2_ws/install/turtlebot3_gazebo:/workspaces/ros2_jazzy_docker/ros2_ws/install/turtlebot3:/workspaces/ros2_jazzy_docker/ros2_ws/install/turtlebot3_simulations:/workspaces/ros2_jazzy_docker/ros2_ws/install/turtlebot3_bringup:/workspaces/ros2_jazzy_docker/ros2_ws/install/turtlebot3_node:/workspaces/ros2_jazzy_docker/ros2_ws/install/turtlebot3_navigation2:/workspaces/ros2_jazzy_docker/ros2_ws/install/turtlebot3_description:/workspaces/ros2_jazzy_docker/ros2_ws/install/turtlebot3_cartographer:/workspaces/ros2_jazzy_docker/ros2_ws/src/install/turtlebot3:/workspaces/ros2_jazzy_docker/ros2_ws/src/install/turtlebot3_simulations:/workspaces/ros2_jazzy_docker/ros2_ws/src/install/turtlebot3_bringup:/workspaces/ros2_jazzy_docker/ros2_ws/src/install/turtlebot3_node:/workspaces/ros2_jazzy_docker/ros2_ws/src/install/turtlebot3_navigation2:/workspaces/ros2_jazzy_docker/ros2_ws/src/install/turtlebot3_fake_node:/workspaces/ros2_jazzy_docker/ros2_ws/src/install/turtlebot3_msgs:/workspaces/ros2_jazzy_docker/ros2_ws/src/install/turtlebot3_gazebo:/workspaces/ros2_jazzy_docker/ros2_ws/src/install/turtlebot3_description:/workspaces/ros2_jazzy_docker/ros2_ws/src/install/turtlebot3_cartographer:/workspaces/ros2_jazzy_docker/ros2_ws/src/install/stage_ros2:/workspaces/ros2_jazzy_docker/ros2_ws/src/install/stage:/workspaces/ros2_jazzy_docker/ros2_ws/install/stage_ros2:/workspaces/ros2_jazzy_docker/ros2_ws/install/turtlebot3_teleop:/workspaces/ros2_jazzy_docker/ros2_ws/install/turtlebot3_example:/workspaces/ros2_jazzy_docker/ros2_ws/src/install/turtlebot3_teleop:/workspaces/ros2_jazzy_docker/ros2_ws/src/install/turtlebot3_example:/workspaces/ros2_jazzy_docker/ros2_ws/src/install/turtleboot3_autonomous_nav:/workspaces/ros2_jazzy_docker/ros2_ws/src/install/turtle_py:/workspaces/ros2_jazzy_docker/ros2_ws/src/install/stage_autonomous_nav:/workspaces/ros2_jazzy_docker/ros2_ws/install/turtleboot3_autonomous_nav:/workspaces/ros2_jazzy_docker/ros2_ws/install/turtle_py:/workspaces/ros2_jazzy_docker/ros2_ws/install/stage_autonomous_nav:/opt/ros/jazzy:/workspaces/ros2_jazzy_docker/ros2_ws/install/stage:/opt/ros/jazzy/opt/gz_sim_vendor:/opt/ros/jazzy/opt/gz_sensors_vendor:/opt/ros/jazzy/opt/gz_physics_vendor:/opt/ros/jazzy/opt/sdformat_vendor:/opt/ros/jazzy/opt/gz_gui_vendor:/opt/ros/jazzy/opt/gz_transport_vendor:/opt/ros/jazzy/opt/gz_rendering_vendor:/opt/ros/jazzy/opt/gz_plugin_vendor:/opt/ros/jazzy/opt/gz_fuel_tools_vendor:/opt/ros/jazzy/opt/gz_msgs_vendor:/opt/ros/jazzy/opt/gz_common_vendor:/opt/ros/jazzy/opt/gz_math_vendor:/opt/ros/jazzy/opt/gz_utils_vendor:/opt/ros/jazzy/opt/gz_tools_vendor:/opt/ros/jazzy/opt/gz_ogre_next_vendor:/opt/ros/jazzy/opt/gz_dartsim_vendor:/opt/ros/jazzy/opt/gz_cmake_vendor PYTHONPATH=/workspaces/ros2_jazzy_docker/ros2_ws/install/turtlebot3_msgs/lib/python3.12/site-packages:/workspaces/ros2_jazzy_docker/ros2_ws/install/turtlebot3_teleop/lib/python3.12/site-packages:/workspaces/ros2_jazzy_docker/ros2_ws/install/turtlebot3_example/lib/python3.12/site-packages:/workspaces/ros2_jazzy_docker/ros2_ws/src/install/turtlebot3_teleop/lib/python3.12/site-packages:/workspaces/ros2_jazzy_docker/ros2_ws/src/install/turtlebot3_example/lib/python3.12/site-packages:/workspaces/ros2_jazzy_docker/ros2_ws/src/install/turtlebot3_msgs/lib/python3.12/site-packages:/workspaces/ros2_jazzy_docker/ros2_ws/src/install/turtleboot3_autonomous_nav/lib/python3.12/site-packages:/workspaces/ros2_jazzy_docker/ros2_ws/src/install/turtle_py/lib/python3.12/site-packages:/workspaces/ros2_jazzy_docker/ros2_ws/src/install/stage_autonomous_nav/lib/python3.12/site-packages:/workspaces/ros2_jazzy_docker/ros2_ws/build/turtleboot3_autonomous_nav:/workspaces/ros2_jazzy_docker/ros2_ws/install/turtleboot3_autonomous_nav/lib/python3.12/site-packages:/workspaces/ros2_jazzy_docker/ros2_ws/build/turtle_py:/workspaces/ros2_jazzy_docker/ros2_ws/install/turtle_py/lib/python3.12/site-packages:/workspaces/ros2_jazzy_docker/ros2_ws/build/stage_autonomous_nav:/workspaces/ros2_jazzy_docker/ros2_ws/install/stage_autonomous_nav/lib/python3.12/site-packages:/opt/ros/jazzy/lib/python3.12/site-packages /usr/bin/cmake /workspaces/ros2_jazzy_docker/ros2_ws/src/turtlebot3_simulations/turtlebot3_simulations -DCMAKE_INSTALL_PREFIX=/workspaces/ros2_jazzy_docker/ros2_ws/install/turtlebot3_simulations
[55.976s] DEBUG:colcon.colcon_core.task.python.build:Available setuptools commands: develop, editable_wheel, install_egg_info, bdist, rotate, check, compile_catalog, install_scripts, build_scripts, bdist_egg, upload_docs, install_data, easy_install, extract_messages, build, bdist_dumb, dist_info, symlink_data, bdist_wheel, update_catalog, build_py, test, upload, alias, saveopts, install_lib, init_catalog, egg_info, register, sdist, build_ext, setopt, build_clib, clean, install_headers, install, bdist_rpm
[55.981s] DEBUG:colcon.colcon_core.event_handler.log_command:Invoking command in '/workspaces/ros2_jazzy_docker/ros2_ws/src/stage_autonomous_nav': CMAKE_PREFIX_PATH=/workspaces/ros2_jazzy_docker/ros2_ws/install/stage_ros2:/workspaces/ros2_jazzy_docker/ros2_ws/install/stage:/workspaces/ros2_jazzy_docker/ros2_ws/install/turtlebot3:/workspaces/ros2_jazzy_docker/ros2_ws/install/turtlebot3_simulations:/workspaces/ros2_jazzy_docker/ros2_ws/install/turtlebot3_bringup:/workspaces/ros2_jazzy_docker/ros2_ws/install/turtlebot3_node:/workspaces/ros2_jazzy_docker/ros2_ws/install/turtlebot3_navigation2:/workspaces/ros2_jazzy_docker/ros2_ws/install/turtlebot3_fake_node:/workspaces/ros2_jazzy_docker/ros2_ws/install/turtlebot3_msgs:/workspaces/ros2_jazzy_docker/ros2_ws/install/turtlebot3_gazebo:/workspaces/ros2_jazzy_docker/ros2_ws/install/turtlebot3_description:/workspaces/ros2_jazzy_docker/ros2_ws/install/turtlebot3_cartographer:/workspaces/ros2_jazzy_docker/ros2_ws/src/install/turtlebot3:/workspaces/ros2_jazzy_docker/ros2_ws/src/install/turtlebot3_simulations:/workspaces/ros2_jazzy_docker/ros2_ws/src/install/turtlebot3_bringup:/workspaces/ros2_jazzy_docker/ros2_ws/src/install/turtlebot3_node:/workspaces/ros2_jazzy_docker/ros2_ws/src/install/turtlebot3_navigation2:/workspaces/ros2_jazzy_docker/ros2_ws/src/install/turtlebot3_fake_node:/workspaces/ros2_jazzy_docker/ros2_ws/src/install/turtlebot3_msgs:/workspaces/ros2_jazzy_docker/ros2_ws/src/install/turtlebot3_gazebo:/workspaces/ros2_jazzy_docker/ros2_ws/src/install/turtlebot3_description:/workspaces/ros2_jazzy_docker/ros2_ws/src/install/turtlebot3_cartographer:/workspaces/ros2_jazzy_docker/ros2_ws/src/install/stage_ros2:/workspaces/ros2_jazzy_docker/ros2_ws/src/install/stage:/opt/ros/jazzy/opt/gz_sim_vendor:/opt/ros/jazzy/opt/gz_sensors_vendor:/opt/ros/jazzy/opt/gz_physics_vendor:/opt/ros/jazzy/opt/sdformat_vendor:/opt/ros/jazzy/opt/gz_gui_vendor:/opt/ros/jazzy/opt/gz_transport_vendor:/opt/ros/jazzy/opt/gz_rendering_vendor:/opt/ros/jazzy/opt/gz_plugin_vendor:/opt/ros/jazzy/opt/gz_fuel_tools_vendor:/opt/ros/jazzy/opt/gz_msgs_vendor:/opt/ros/jazzy/opt/gz_common_vendor:/opt/ros/jazzy/opt/gz_math_vendor:/opt/ros/jazzy/opt/gz_utils_vendor:/opt/ros/jazzy/opt/gz_tools_vendor:/opt/ros/jazzy/opt/gz_ogre_next_vendor:/opt/ros/jazzy/opt/gz_dartsim_vendor:/opt/ros/jazzy/opt/gz_cmake_vendor LD_LIBRARY_PATH=/workspaces/ros2_jazzy_docker/ros2_ws/install/stage_ros2/lib:/workspaces/ros2_jazzy_docker/ros2_ws/install/stage/lib:/workspaces/ros2_jazzy_docker/ros2_ws/install/turtlebot3_msgs/lib:/workspaces/ros2_jazzy_docker/ros2_ws/src/install/turtlebot3_msgs/lib:/workspaces/ros2_jazzy_docker/ros2_ws/src/install/stage_ros2/lib:/workspaces/ros2_jazzy_docker/ros2_ws/src/install/stage/lib:/opt/ros/jazzy/opt/gz_sim_vendor/lib:/opt/ros/jazzy/opt/gz_sensors_vendor/lib:/opt/ros/jazzy/opt/gz_physics_vendor/lib:/opt/ros/jazzy/opt/sdformat_vendor/lib:/opt/ros/jazzy/opt/rviz_ogre_vendor/lib:/opt/ros/jazzy/lib/aarch64-linux-gnu:/opt/ros/jazzy/opt/gz_gui_vendor/lib:/opt/ros/jazzy/opt/gz_transport_vendor/lib:/opt/ros/jazzy/opt/gz_rendering_vendor/lib:/opt/ros/jazzy/opt/gz_plugin_vendor/lib:/opt/ros/jazzy/opt/gz_fuel_tools_vendor/lib:/opt/ros/jazzy/opt/gz_msgs_vendor/lib:/opt/ros/jazzy/opt/gz_common_vendor/lib:/opt/ros/jazzy/opt/gz_math_vendor/lib:/opt/ros/jazzy/opt/gz_utils_vendor/lib:/opt/ros/jazzy/opt/gz_tools_vendor/lib:/opt/ros/jazzy/opt/gz_ogre_next_vendor/lib:/opt/ros/jazzy/opt/gz_dartsim_vendor/lib:/opt/ros/jazzy/opt/gz_cmake_vendor/lib:/opt/ros/jazzy/lib PATH=/workspaces/ros2_jazzy_docker/ros2_ws/install/stage/bin:/workspaces/ros2_jazzy_docker/ros2_ws/src/install/stage/bin:/opt/ros/jazzy/opt/gz_msgs_vendor/bin:/opt/ros/jazzy/opt/gz_tools_vendor/bin:/opt/ros/jazzy/opt/gz_ogre_next_vendor/bin:/opt/ros/jazzy/bin:/home/ros/.vscode-server/data/User/globalStorage/github.copilot-chat/debugCommand:/home/ros/.vscode-server/data/User/globalStorage/github.copilot-chat/copilotCli:/vscode/vscode-server/bin/linux-arm64/a44adf7f53e00964ab890f9f8758a334f1fc15bc/bin/remote-cli:/usr/local/sbin:/usr/local/bin:/usr/sbin:/usr/bin:/sbin:/bin:/home/ros/.vscode-server/extensions/ms-python.debugpy-2026.6.0-linux-arm64/bundled/scripts/noConfigScripts PKG_CONFIG_PATH=/workspaces/ros2_jazzy_docker/ros2_ws/install/stage/lib/aarch64-linux-gnu/pkgconfig:/workspaces/ros2_jazzy_docker/ros2_ws/install/stage/lib/pkgconfig:/workspaces/ros2_jazzy_docker/ros2_ws/src/install/stage/lib/aarch64-linux-gnu/pkgconfig:/workspaces/ros2_jazzy_docker/ros2_ws/src/install/stage/lib/pkgconfig PYTHONPATH=/workspaces/ros2_jazzy_docker/ros2_ws/build/stage_autonomous_nav/prefix_override:/usr/lib/python3/dist-packages/colcon_core/task/python/colcon_distutils_commands:/workspaces/ros2_jazzy_docker/ros2_ws/install/stage_autonomous_nav/lib/python3.12/site-packages:${PYTHONPATH} ROS_PACKAGE_PATH=/workspaces/ros2_jazzy_docker/ros2_ws/install/stage/share:/workspaces/ros2_jazzy_docker/ros2_ws/src/install/stage/share /usr/bin/python3 -W ignore:setup.py install is deprecated -W ignore:easy_install command is deprecated setup.py egg_info --egg-base ../../build/stage_autonomous_nav build --build-base /workspaces/ros2_jazzy_docker/ros2_ws/build/stage_autonomous_nav/build install --record /workspaces/ros2_jazzy_docker/ros2_ws/build/stage_autonomous_nav/install.log --install-scripts $base/lib/stage_autonomous_nav --single-version-externally-managed install_data
[56.793s] Level 1:colcon.colcon_core.environment:checking '/workspaces/ros2_jazzy_docker/ros2_ws/install/stage_autonomous_nav' for CMake module files
[56.800s] DEBUG:colcon.colcon_core.event_handler.log_command:Invoked command in '/workspaces/ros2_jazzy_docker/ros2_ws/src/stage_autonomous_nav' returned '0': CMAKE_PREFIX_PATH=/workspaces/ros2_jazzy_docker/ros2_ws/install/stage_ros2:/workspaces/ros2_jazzy_docker/ros2_ws/install/stage:/workspaces/ros2_jazzy_docker/ros2_ws/install/turtlebot3:/workspaces/ros2_jazzy_docker/ros2_ws/install/turtlebot3_simulations:/workspaces/ros2_jazzy_docker/ros2_ws/install/turtlebot3_bringup:/workspaces/ros2_jazzy_docker/ros2_ws/install/turtlebot3_node:/workspaces/ros2_jazzy_docker/ros2_ws/install/turtlebot3_navigation2:/workspaces/ros2_jazzy_docker/ros2_ws/install/turtlebot3_fake_node:/workspaces/ros2_jazzy_docker/ros2_ws/install/turtlebot3_msgs:/workspaces/ros2_jazzy_docker/ros2_ws/install/turtlebot3_gazebo:/workspaces/ros2_jazzy_docker/ros2_ws/install/turtlebot3_description:/workspaces/ros2_jazzy_docker/ros2_ws/install/turtlebot3_cartographer:/workspaces/ros2_jazzy_docker/ros2_ws/src/install/turtlebot3:/workspaces/ros2_jazzy_docker/ros2_ws/src/install/turtlebot3_simulations:/workspaces/ros2_jazzy_docker/ros2_ws/src/install/turtlebot3_bringup:/workspaces/ros2_jazzy_docker/ros2_ws/src/install/turtlebot3_node:/workspaces/ros2_jazzy_docker/ros2_ws/src/install/turtlebot3_navigation2:/workspaces/ros2_jazzy_docker/ros2_ws/src/install/turtlebot3_fake_node:/workspaces/ros2_jazzy_docker/ros2_ws/src/install/turtlebot3_msgs:/workspaces/ros2_jazzy_docker/ros2_ws/src/install/turtlebot3_gazebo:/workspaces/ros2_jazzy_docker/ros2_ws/src/install/turtlebot3_description:/workspaces/ros2_jazzy_docker/ros2_ws/src/install/turtlebot3_cartographer:/workspaces/ros2_jazzy_docker/ros2_ws/src/install/stage_ros2:/workspaces/ros2_jazzy_docker/ros2_ws/src/install/stage:/opt/ros/jazzy/opt/gz_sim_vendor:/opt/ros/jazzy/opt/gz_sensors_vendor:/opt/ros/jazzy/opt/gz_physics_vendor:/opt/ros/jazzy/opt/sdformat_vendor:/opt/ros/jazzy/opt/gz_gui_vendor:/opt/ros/jazzy/opt/gz_transport_vendor:/opt/ros/jazzy/opt/gz_rendering_vendor:/opt/ros/jazzy/opt/gz_plugin_vendor:/opt/ros/jazzy/opt/gz_fuel_tools_vendor:/opt/ros/jazzy/opt/gz_msgs_vendor:/opt/ros/jazzy/opt/gz_common_vendor:/opt/ros/jazzy/opt/gz_math_vendor:/opt/ros/jazzy/opt/gz_utils_vendor:/opt/ros/jazzy/opt/gz_tools_vendor:/opt/ros/jazzy/opt/gz_ogre_next_vendor:/opt/ros/jazzy/opt/gz_dartsim_vendor:/opt/ros/jazzy/opt/gz_cmake_vendor LD_LIBRARY_PATH=/workspaces/ros2_jazzy_docker/ros2_ws/install/stage_ros2/lib:/workspaces/ros2_jazzy_docker/ros2_ws/install/stage/lib:/workspaces/ros2_jazzy_docker/ros2_ws/install/turtlebot3_msgs/lib:/workspaces/ros2_jazzy_docker/ros2_ws/src/install/turtlebot3_msgs/lib:/workspaces/ros2_jazzy_docker/ros2_ws/src/install/stage_ros2/lib:/workspaces/ros2_jazzy_docker/ros2_ws/src/install/stage/lib:/opt/ros/jazzy/opt/gz_sim_vendor/lib:/opt/ros/jazzy/opt/gz_sensors_vendor/lib:/opt/ros/jazzy/opt/gz_physics_vendor/lib:/opt/ros/jazzy/opt/sdformat_vendor/lib:/opt/ros/jazzy/opt/rviz_ogre_vendor/lib:/opt/ros/jazzy/lib/aarch64-linux-gnu:/opt/ros/jazzy/opt/gz_gui_vendor/lib:/opt/ros/jazzy/opt/gz_transport_vendor/lib:/opt/ros/jazzy/opt/gz_rendering_vendor/lib:/opt/ros/jazzy/opt/gz_plugin_vendor/lib:/opt/ros/jazzy/opt/gz_fuel_tools_vendor/lib:/opt/ros/jazzy/opt/gz_msgs_vendor/lib:/opt/ros/jazzy/opt/gz_common_vendor/lib:/opt/ros/jazzy/opt/gz_math_vendor/lib:/opt/ros/jazzy/opt/gz_utils_vendor/lib:/opt/ros/jazzy/opt/gz_tools_vendor/lib:/opt/ros/jazzy/opt/gz_ogre_next_vendor/lib:/opt/ros/jazzy/opt/gz_dartsim_vendor/lib:/opt/ros/jazzy/opt/gz_cmake_vendor/lib:/opt/ros/jazzy/lib PATH=/workspaces/ros2_jazzy_docker/ros2_ws/install/stage/bin:/workspaces/ros2_jazzy_docker/ros2_ws/src/install/stage/bin:/opt/ros/jazzy/opt/gz_msgs_vendor/bin:/opt/ros/jazzy/opt/gz_tools_vendor/bin:/opt/ros/jazzy/opt/gz_ogre_next_vendor/bin:/opt/ros/jazzy/bin:/home/ros/.vscode-server/data/User/globalStorage/github.copilot-chat/debugCommand:/home/ros/.vscode-server/data/User/globalStorage/github.copilot-chat/copilotCli:/vscode/vscode-server/bin/linux-arm64/a44adf7f53e00964ab890f9f8758a334f1fc15bc/bin/remote-cli:/usr/local/sbin:/usr/local/bin:/usr/sbin:/usr/bin:/sbin:/bin:/home/ros/.vscode-server/extensions/ms-python.debugpy-2026.6.0-linux-arm64/bundled/scripts/noConfigScripts PKG_CONFIG_PATH=/workspaces/ros2_jazzy_docker/ros2_ws/install/stage/lib/aarch64-linux-gnu/pkgconfig:/workspaces/ros2_jazzy_docker/ros2_ws/install/stage/lib/pkgconfig:/workspaces/ros2_jazzy_docker/ros2_ws/src/install/stage/lib/aarch64-linux-gnu/pkgconfig:/workspaces/ros2_jazzy_docker/ros2_ws/src/install/stage/lib/pkgconfig PYTHONPATH=/workspaces/ros2_jazzy_docker/ros2_ws/build/stage_autonomous_nav/prefix_override:/usr/lib/python3/dist-packages/colcon_core/task/python/colcon_distutils_commands:/workspaces/ros2_jazzy_docker/ros2_ws/install/stage_autonomous_nav/lib/python3.12/site-packages:${PYTHONPATH} ROS_PACKAGE_PATH=/workspaces/ros2_jazzy_docker/ros2_ws/install/stage/share:/workspaces/ros2_jazzy_docker/ros2_ws/src/install/stage/share /usr/bin/python3 -W ignore:setup.py install is deprecated -W ignore:easy_install command is deprecated setup.py egg_info --egg-base ../../build/stage_autonomous_nav build --build-base /workspaces/ros2_jazzy_docker/ros2_ws/build/stage_autonomous_nav/build install --record /workspaces/ros2_jazzy_docker/ros2_ws/build/stage_autonomous_nav/install.log --install-scripts $base/lib/stage_autonomous_nav --single-version-externally-managed install_data
[56.822s] Level 1:colcon.colcon_core.environment:checking '/workspaces/ros2_jazzy_docker/ros2_ws/install/stage_autonomous_nav' for CMake config files
[56.830s] Level 1:colcon.colcon_core.environment:checking '/workspaces/ros2_jazzy_docker/ros2_ws/install/stage_autonomous_nav/lib'
[56.831s] Level 1:colcon.colcon_core.environment:checking '/workspaces/ros2_jazzy_docker/ros2_ws/install/stage_autonomous_nav/bin'
[56.832s] Level 1:colcon.colcon_core.environment:checking '/workspaces/ros2_jazzy_docker/ros2_ws/install/stage_autonomous_nav/lib/pkgconfig/stage_autonomous_nav.pc'
[56.833s] Level 1:colcon.colcon_core.environment:checking '/workspaces/ros2_jazzy_docker/ros2_ws/install/stage_autonomous_nav/lib/python3.12/site-packages'
[56.833s] Level 1:colcon.colcon_core.shell:create_environment_hook('stage_autonomous_nav', 'pythonpath')
[56.834s] INFO:colcon.colcon_core.shell:Creating environment hook '/workspaces/ros2_jazzy_docker/ros2_ws/install/stage_autonomous_nav/share/stage_autonomous_nav/hook/pythonpath.ps1'
[56.836s] INFO:colcon.colcon_core.shell:Creating environment descriptor '/workspaces/ros2_jazzy_docker/ros2_ws/install/stage_autonomous_nav/share/stage_autonomous_nav/hook/pythonpath.dsv'
[56.837s] INFO:colcon.colcon_core.shell:Creating environment hook '/workspaces/ros2_jazzy_docker/ros2_ws/install/stage_autonomous_nav/share/stage_autonomous_nav/hook/pythonpath.sh'
[56.839s] Level 1:colcon.colcon_core.environment:checking '/workspaces/ros2_jazzy_docker/ros2_ws/install/stage_autonomous_nav/bin'
[56.839s] Level 1:colcon.colcon_core.environment:create_environment_scripts_only(stage_autonomous_nav)
[56.842s] INFO:colcon.colcon_core.shell:Creating package script '/workspaces/ros2_jazzy_docker/ros2_ws/install/stage_autonomous_nav/share/stage_autonomous_nav/package.ps1'
[56.844s] INFO:colcon.colcon_core.shell:Creating package descriptor '/workspaces/ros2_jazzy_docker/ros2_ws/install/stage_autonomous_nav/share/stage_autonomous_nav/package.dsv'
[56.845s] INFO:colcon.colcon_core.shell:Creating package script '/workspaces/ros2_jazzy_docker/ros2_ws/install/stage_autonomous_nav/share/stage_autonomous_nav/package.sh'
[56.846s] INFO:colcon.colcon_core.shell:Creating package script '/workspaces/ros2_jazzy_docker/ros2_ws/install/stage_autonomous_nav/share/stage_autonomous_nav/package.bash'
[56.848s] INFO:colcon.colcon_core.shell:Creating package script '/workspaces/ros2_jazzy_docker/ros2_ws/install/stage_autonomous_nav/share/stage_autonomous_nav/package.zsh'
[56.849s] Level 1:colcon.colcon_core.environment:create_file_with_runtime_dependencies(/workspaces/ros2_jazzy_docker/ros2_ws/install/stage_autonomous_nav/share/colcon-core/packages/stage_autonomous_nav)
[58.331s] DEBUG:colcon.colcon_core.event_handler.log_command:Invoked command in '/workspaces/ros2_jazzy_docker/ros2_ws/build/turtlebot3_simulations' returned '0': CMAKE_PREFIX_PATH=/workspaces/ros2_jazzy_docker/ros2_ws/install/turtlebot3_fake_node:/workspaces/ros2_jazzy_docker/ros2_ws/install/turtlebot3_msgs:/workspaces/ros2_jazzy_docker/ros2_ws/install/turtlebot3_gazebo:/workspaces/ros2_jazzy_docker/ros2_ws/install/turtlebot3:/workspaces/ros2_jazzy_docker/ros2_ws/install/turtlebot3_simulations:/workspaces/ros2_jazzy_docker/ros2_ws/install/turtlebot3_bringup:/workspaces/ros2_jazzy_docker/ros2_ws/install/turtlebot3_node:/workspaces/ros2_jazzy_docker/ros2_ws/install/turtlebot3_navigation2:/workspaces/ros2_jazzy_docker/ros2_ws/install/turtlebot3_description:/workspaces/ros2_jazzy_docker/ros2_ws/install/turtlebot3_cartographer:/workspaces/ros2_jazzy_docker/ros2_ws/src/install/turtlebot3:/workspaces/ros2_jazzy_docker/ros2_ws/src/install/turtlebot3_simulations:/workspaces/ros2_jazzy_docker/ros2_ws/src/install/turtlebot3_bringup:/workspaces/ros2_jazzy_docker/ros2_ws/src/install/turtlebot3_node:/workspaces/ros2_jazzy_docker/ros2_ws/src/install/turtlebot3_navigation2:/workspaces/ros2_jazzy_docker/ros2_ws/src/install/turtlebot3_fake_node:/workspaces/ros2_jazzy_docker/ros2_ws/src/install/turtlebot3_msgs:/workspaces/ros2_jazzy_docker/ros2_ws/src/install/turtlebot3_gazebo:/workspaces/ros2_jazzy_docker/ros2_ws/src/install/turtlebot3_description:/workspaces/ros2_jazzy_docker/ros2_ws/src/install/turtlebot3_cartographer:/workspaces/ros2_jazzy_docker/ros2_ws/src/install/stage_ros2:/workspaces/ros2_jazzy_docker/ros2_ws/src/install/stage:/workspaces/ros2_jazzy_docker/ros2_ws/install/stage_ros2:/workspaces/ros2_jazzy_docker/ros2_ws/install/turtlebot3_teleop:/workspaces/ros2_jazzy_docker/ros2_ws/install/turtlebot3_example:/workspaces/ros2_jazzy_docker/ros2_ws/src/install/turtlebot3_teleop:/workspaces/ros2_jazzy_docker/ros2_ws/src/install/turtlebot3_example:/workspaces/ros2_jazzy_docker/ros2_ws/src/install/turtleboot3_autonomous_nav:/workspaces/ros2_jazzy_docker/ros2_ws/src/install/turtle_py:/workspaces/ros2_jazzy_docker/ros2_ws/src/install/stage_autonomous_nav:/workspaces/ros2_jazzy_docker/ros2_ws/install/turtleboot3_autonomous_nav:/workspaces/ros2_jazzy_docker/ros2_ws/install/turtle_py:/workspaces/ros2_jazzy_docker/ros2_ws/install/stage_autonomous_nav:/opt/ros/jazzy:/workspaces/ros2_jazzy_docker/ros2_ws/install/stage:/opt/ros/jazzy/opt/gz_sim_vendor:/opt/ros/jazzy/opt/gz_sensors_vendor:/opt/ros/jazzy/opt/gz_physics_vendor:/opt/ros/jazzy/opt/sdformat_vendor:/opt/ros/jazzy/opt/gz_gui_vendor:/opt/ros/jazzy/opt/gz_transport_vendor:/opt/ros/jazzy/opt/gz_rendering_vendor:/opt/ros/jazzy/opt/gz_plugin_vendor:/opt/ros/jazzy/opt/gz_fuel_tools_vendor:/opt/ros/jazzy/opt/gz_msgs_vendor:/opt/ros/jazzy/opt/gz_common_vendor:/opt/ros/jazzy/opt/gz_math_vendor:/opt/ros/jazzy/opt/gz_utils_vendor:/opt/ros/jazzy/opt/gz_tools_vendor:/opt/ros/jazzy/opt/gz_ogre_next_vendor:/opt/ros/jazzy/opt/gz_dartsim_vendor:/opt/ros/jazzy/opt/gz_cmake_vendor PYTHONPATH=/workspaces/ros2_jazzy_docker/ros2_ws/install/turtlebot3_msgs/lib/python3.12/site-packages:/workspaces/ros2_jazzy_docker/ros2_ws/install/turtlebot3_teleop/lib/python3.12/site-packages:/workspaces/ros2_jazzy_docker/ros2_ws/install/turtlebot3_example/lib/python3.12/site-packages:/workspaces/ros2_jazzy_docker/ros2_ws/src/install/turtlebot3_teleop/lib/python3.12/site-packages:/workspaces/ros2_jazzy_docker/ros2_ws/src/install/turtlebot3_example/lib/python3.12/site-packages:/workspaces/ros2_jazzy_docker/ros2_ws/src/install/turtlebot3_msgs/lib/python3.12/site-packages:/workspaces/ros2_jazzy_docker/ros2_ws/src/install/turtleboot3_autonomous_nav/lib/python3.12/site-packages:/workspaces/ros2_jazzy_docker/ros2_ws/src/install/turtle_py/lib/python3.12/site-packages:/workspaces/ros2_jazzy_docker/ros2_ws/src/install/stage_autonomous_nav/lib/python3.12/site-packages:/workspaces/ros2_jazzy_docker/ros2_ws/build/turtleboot3_autonomous_nav:/workspaces/ros2_jazzy_docker/ros2_ws/install/turtleboot3_autonomous_nav/lib/python3.12/site-packages:/workspaces/ros2_jazzy_docker/ros2_ws/build/turtle_py:/workspaces/ros2_jazzy_docker/ros2_ws/install/turtle_py/lib/python3.12/site-packages:/workspaces/ros2_jazzy_docker/ros2_ws/build/stage_autonomous_nav:/workspaces/ros2_jazzy_docker/ros2_ws/install/stage_autonomous_nav/lib/python3.12/site-packages:/opt/ros/jazzy/lib/python3.12/site-packages /usr/bin/cmake /workspaces/ros2_jazzy_docker/ros2_ws/src/turtlebot3_simulations/turtlebot3_simulations -DCMAKE_INSTALL_PREFIX=/workspaces/ros2_jazzy_docker/ros2_ws/install/turtlebot3_simulations
[58.333s] DEBUG:colcon.colcon_core.event_handler.log_command:Invoking command in '/workspaces/ros2_jazzy_docker/ros2_ws/build/turtlebot3_simulations': CMAKE_PREFIX_PATH=/workspaces/ros2_jazzy_docker/ros2_ws/install/turtlebot3_fake_node:/workspaces/ros2_jazzy_docker/ros2_ws/install/turtlebot3_msgs:/workspaces/ros2_jazzy_docker/ros2_ws/install/turtlebot3_gazebo:/workspaces/ros2_jazzy_docker/ros2_ws/install/turtlebot3:/workspaces/ros2_jazzy_docker/ros2_ws/install/turtlebot3_simulations:/workspaces/ros2_jazzy_docker/ros2_ws/install/turtlebot3_bringup:/workspaces/ros2_jazzy_docker/ros2_ws/install/turtlebot3_node:/workspaces/ros2_jazzy_docker/ros2_ws/install/turtlebot3_navigation2:/workspaces/ros2_jazzy_docker/ros2_ws/install/turtlebot3_description:/workspaces/ros2_jazzy_docker/ros2_ws/install/turtlebot3_cartographer:/workspaces/ros2_jazzy_docker/ros2_ws/src/install/turtlebot3:/workspaces/ros2_jazzy_docker/ros2_ws/src/install/turtlebot3_simulations:/workspaces/ros2_jazzy_docker/ros2_ws/src/install/turtlebot3_bringup:/workspaces/ros2_jazzy_docker/ros2_ws/src/install/turtlebot3_node:/workspaces/ros2_jazzy_docker/ros2_ws/src/install/turtlebot3_navigation2:/workspaces/ros2_jazzy_docker/ros2_ws/src/install/turtlebot3_fake_node:/workspaces/ros2_jazzy_docker/ros2_ws/src/install/turtlebot3_msgs:/workspaces/ros2_jazzy_docker/ros2_ws/src/install/turtlebot3_gazebo:/workspaces/ros2_jazzy_docker/ros2_ws/src/install/turtlebot3_description:/workspaces/ros2_jazzy_docker/ros2_ws/src/install/turtlebot3_cartographer:/workspaces/ros2_jazzy_docker/ros2_ws/src/install/stage_ros2:/workspaces/ros2_jazzy_docker/ros2_ws/src/install/stage:/workspaces/ros2_jazzy_docker/ros2_ws/install/stage_ros2:/workspaces/ros2_jazzy_docker/ros2_ws/install/turtlebot3_teleop:/workspaces/ros2_jazzy_docker/ros2_ws/install/turtlebot3_example:/workspaces/ros2_jazzy_docker/ros2_ws/src/install/turtlebot3_teleop:/workspaces/ros2_jazzy_docker/ros2_ws/src/install/turtlebot3_example:/workspaces/ros2_jazzy_docker/ros2_ws/src/install/turtleboot3_autonomous_nav:/workspaces/ros2_jazzy_docker/ros2_ws/src/install/turtle_py:/workspaces/ros2_jazzy_docker/ros2_ws/src/install/stage_autonomous_nav:/workspaces/ros2_jazzy_docker/ros2_ws/install/turtleboot3_autonomous_nav:/workspaces/ros2_jazzy_docker/ros2_ws/install/turtle_py:/workspaces/ros2_jazzy_docker/ros2_ws/install/stage_autonomous_nav:/opt/ros/jazzy:/workspaces/ros2_jazzy_docker/ros2_ws/install/stage:/opt/ros/jazzy/opt/gz_sim_vendor:/opt/ros/jazzy/opt/gz_sensors_vendor:/opt/ros/jazzy/opt/gz_physics_vendor:/opt/ros/jazzy/opt/sdformat_vendor:/opt/ros/jazzy/opt/gz_gui_vendor:/opt/ros/jazzy/opt/gz_transport_vendor:/opt/ros/jazzy/opt/gz_rendering_vendor:/opt/ros/jazzy/opt/gz_plugin_vendor:/opt/ros/jazzy/opt/gz_fuel_tools_vendor:/opt/ros/jazzy/opt/gz_msgs_vendor:/opt/ros/jazzy/opt/gz_common_vendor:/opt/ros/jazzy/opt/gz_math_vendor:/opt/ros/jazzy/opt/gz_utils_vendor:/opt/ros/jazzy/opt/gz_tools_vendor:/opt/ros/jazzy/opt/gz_ogre_next_vendor:/opt/ros/jazzy/opt/gz_dartsim_vendor:/opt/ros/jazzy/opt/gz_cmake_vendor PYTHONPATH=/workspaces/ros2_jazzy_docker/ros2_ws/install/turtlebot3_msgs/lib/python3.12/site-packages:/workspaces/ros2_jazzy_docker/ros2_ws/install/turtlebot3_teleop/lib/python3.12/site-packages:/workspaces/ros2_jazzy_docker/ros2_ws/install/turtlebot3_example/lib/python3.12/site-packages:/workspaces/ros2_jazzy_docker/ros2_ws/src/install/turtlebot3_teleop/lib/python3.12/site-packages:/workspaces/ros2_jazzy_docker/ros2_ws/src/install/turtlebot3_example/lib/python3.12/site-packages:/workspaces/ros2_jazzy_docker/ros2_ws/src/install/turtlebot3_msgs/lib/python3.12/site-packages:/workspaces/ros2_jazzy_docker/ros2_ws/src/install/turtleboot3_autonomous_nav/lib/python3.12/site-packages:/workspaces/ros2_jazzy_docker/ros2_ws/src/install/turtle_py/lib/python3.12/site-packages:/workspaces/ros2_jazzy_docker/ros2_ws/src/install/stage_autonomous_nav/lib/python3.12/site-packages:/workspaces/ros2_jazzy_docker/ros2_ws/build/turtleboot3_autonomous_nav:/workspaces/ros2_jazzy_docker/ros2_ws/install/turtleboot3_autonomous_nav/lib/python3.12/site-packages:/workspaces/ros2_jazzy_docker/ros2_ws/build/turtle_py:/workspaces/ros2_jazzy_docker/ros2_ws/install/turtle_py/lib/python3.12/site-packages:/workspaces/ros2_jazzy_docker/ros2_ws/build/stage_autonomous_nav:/workspaces/ros2_jazzy_docker/ros2_ws/install/stage_autonomous_nav/lib/python3.12/site-packages:/opt/ros/jazzy/lib/python3.12/site-packages /usr/bin/cmake --build /workspaces/ros2_jazzy_docker/ros2_ws/build/turtlebot3_simulations -- -j12 -l12
[58.387s] DEBUG:colcon.colcon_core.event_handler.log_command:Invoked command in '/workspaces/ros2_jazzy_docker/ros2_ws/build/turtlebot3_simulations' returned '0': CMAKE_PREFIX_PATH=/workspaces/ros2_jazzy_docker/ros2_ws/install/turtlebot3_fake_node:/workspaces/ros2_jazzy_docker/ros2_ws/install/turtlebot3_msgs:/workspaces/ros2_jazzy_docker/ros2_ws/install/turtlebot3_gazebo:/workspaces/ros2_jazzy_docker/ros2_ws/install/turtlebot3:/workspaces/ros2_jazzy_docker/ros2_ws/install/turtlebot3_simulations:/workspaces/ros2_jazzy_docker/ros2_ws/install/turtlebot3_bringup:/workspaces/ros2_jazzy_docker/ros2_ws/install/turtlebot3_node:/workspaces/ros2_jazzy_docker/ros2_ws/install/turtlebot3_navigation2:/workspaces/ros2_jazzy_docker/ros2_ws/install/turtlebot3_description:/workspaces/ros2_jazzy_docker/ros2_ws/install/turtlebot3_cartographer:/workspaces/ros2_jazzy_docker/ros2_ws/src/install/turtlebot3:/workspaces/ros2_jazzy_docker/ros2_ws/src/install/turtlebot3_simulations:/workspaces/ros2_jazzy_docker/ros2_ws/src/install/turtlebot3_bringup:/workspaces/ros2_jazzy_docker/ros2_ws/src/install/turtlebot3_node:/workspaces/ros2_jazzy_docker/ros2_ws/src/install/turtlebot3_navigation2:/workspaces/ros2_jazzy_docker/ros2_ws/src/install/turtlebot3_fake_node:/workspaces/ros2_jazzy_docker/ros2_ws/src/install/turtlebot3_msgs:/workspaces/ros2_jazzy_docker/ros2_ws/src/install/turtlebot3_gazebo:/workspaces/ros2_jazzy_docker/ros2_ws/src/install/turtlebot3_description:/workspaces/ros2_jazzy_docker/ros2_ws/src/install/turtlebot3_cartographer:/workspaces/ros2_jazzy_docker/ros2_ws/src/install/stage_ros2:/workspaces/ros2_jazzy_docker/ros2_ws/src/install/stage:/workspaces/ros2_jazzy_docker/ros2_ws/install/stage_ros2:/workspaces/ros2_jazzy_docker/ros2_ws/install/turtlebot3_teleop:/workspaces/ros2_jazzy_docker/ros2_ws/install/turtlebot3_example:/workspaces/ros2_jazzy_docker/ros2_ws/src/install/turtlebot3_teleop:/workspaces/ros2_jazzy_docker/ros2_ws/src/install/turtlebot3_example:/workspaces/ros2_jazzy_docker/ros2_ws/src/install/turtleboot3_autonomous_nav:/workspaces/ros2_jazzy_docker/ros2_ws/src/install/turtle_py:/workspaces/ros2_jazzy_docker/ros2_ws/src/install/stage_autonomous_nav:/workspaces/ros2_jazzy_docker/ros2_ws/install/turtleboot3_autonomous_nav:/workspaces/ros2_jazzy_docker/ros2_ws/install/turtle_py:/workspaces/ros2_jazzy_docker/ros2_ws/install/stage_autonomous_nav:/opt/ros/jazzy:/workspaces/ros2_jazzy_docker/ros2_ws/install/stage:/opt/ros/jazzy/opt/gz_sim_vendor:/opt/ros/jazzy/opt/gz_sensors_vendor:/opt/ros/jazzy/opt/gz_physics_vendor:/opt/ros/jazzy/opt/sdformat_vendor:/opt/ros/jazzy/opt/gz_gui_vendor:/opt/ros/jazzy/opt/gz_transport_vendor:/opt/ros/jazzy/opt/gz_rendering_vendor:/opt/ros/jazzy/opt/gz_plugin_vendor:/opt/ros/jazzy/opt/gz_fuel_tools_vendor:/opt/ros/jazzy/opt/gz_msgs_vendor:/opt/ros/jazzy/opt/gz_common_vendor:/opt/ros/jazzy/opt/gz_math_vendor:/opt/ros/jazzy/opt/gz_utils_vendor:/opt/ros/jazzy/opt/gz_tools_vendor:/opt/ros/jazzy/opt/gz_ogre_next_vendor:/opt/ros/jazzy/opt/gz_dartsim_vendor:/opt/ros/jazzy/opt/gz_cmake_vendor PYTHONPATH=/workspaces/ros2_jazzy_docker/ros2_ws/install/turtlebot3_msgs/lib/python3.12/site-packages:/workspaces/ros2_jazzy_docker/ros2_ws/install/turtlebot3_teleop/lib/python3.12/site-packages:/workspaces/ros2_jazzy_docker/ros2_ws/install/turtlebot3_example/lib/python3.12/site-packages:/workspaces/ros2_jazzy_docker/ros2_ws/src/install/turtlebot3_teleop/lib/python3.12/site-packages:/workspaces/ros2_jazzy_docker/ros2_ws/src/install/turtlebot3_example/lib/python3.12/site-packages:/workspaces/ros2_jazzy_docker/ros2_ws/src/install/turtlebot3_msgs/lib/python3.12/site-packages:/workspaces/ros2_jazzy_docker/ros2_ws/src/install/turtleboot3_autonomous_nav/lib/python3.12/site-packages:/workspaces/ros2_jazzy_docker/ros2_ws/src/install/turtle_py/lib/python3.12/site-packages:/workspaces/ros2_jazzy_docker/ros2_ws/src/install/stage_autonomous_nav/lib/python3.12/site-packages:/workspaces/ros2_jazzy_docker/ros2_ws/build/turtleboot3_autonomous_nav:/workspaces/ros2_jazzy_docker/ros2_ws/install/turtleboot3_autonomous_nav/lib/python3.12/site-packages:/workspaces/ros2_jazzy_docker/ros2_ws/build/turtle_py:/workspaces/ros2_jazzy_docker/ros2_ws/install/turtle_py/lib/python3.12/site-packages:/workspaces/ros2_jazzy_docker/ros2_ws/build/stage_autonomous_nav:/workspaces/ros2_jazzy_docker/ros2_ws/install/stage_autonomous_nav/lib/python3.12/site-packages:/opt/ros/jazzy/lib/python3.12/site-packages /usr/bin/cmake --build /workspaces/ros2_jazzy_docker/ros2_ws/build/turtlebot3_simulations -- -j12 -l12
[58.388s] DEBUG:colcon.colcon_core.event_handler.log_command:Invoking command in '/workspaces/ros2_jazzy_docker/ros2_ws/build/turtlebot3_simulations': CMAKE_PREFIX_PATH=/workspaces/ros2_jazzy_docker/ros2_ws/install/turtlebot3_fake_node:/workspaces/ros2_jazzy_docker/ros2_ws/install/turtlebot3_msgs:/workspaces/ros2_jazzy_docker/ros2_ws/install/turtlebot3_gazebo:/workspaces/ros2_jazzy_docker/ros2_ws/install/turtlebot3:/workspaces/ros2_jazzy_docker/ros2_ws/install/turtlebot3_simulations:/workspaces/ros2_jazzy_docker/ros2_ws/install/turtlebot3_bringup:/workspaces/ros2_jazzy_docker/ros2_ws/install/turtlebot3_node:/workspaces/ros2_jazzy_docker/ros2_ws/install/turtlebot3_navigation2:/workspaces/ros2_jazzy_docker/ros2_ws/install/turtlebot3_description:/workspaces/ros2_jazzy_docker/ros2_ws/install/turtlebot3_cartographer:/workspaces/ros2_jazzy_docker/ros2_ws/src/install/turtlebot3:/workspaces/ros2_jazzy_docker/ros2_ws/src/install/turtlebot3_simulations:/workspaces/ros2_jazzy_docker/ros2_ws/src/install/turtlebot3_bringup:/workspaces/ros2_jazzy_docker/ros2_ws/src/install/turtlebot3_node:/workspaces/ros2_jazzy_docker/ros2_ws/src/install/turtlebot3_navigation2:/workspaces/ros2_jazzy_docker/ros2_ws/src/install/turtlebot3_fake_node:/workspaces/ros2_jazzy_docker/ros2_ws/src/install/turtlebot3_msgs:/workspaces/ros2_jazzy_docker/ros2_ws/src/install/turtlebot3_gazebo:/workspaces/ros2_jazzy_docker/ros2_ws/src/install/turtlebot3_description:/workspaces/ros2_jazzy_docker/ros2_ws/src/install/turtlebot3_cartographer:/workspaces/ros2_jazzy_docker/ros2_ws/src/install/stage_ros2:/workspaces/ros2_jazzy_docker/ros2_ws/src/install/stage:/workspaces/ros2_jazzy_docker/ros2_ws/install/stage_ros2:/workspaces/ros2_jazzy_docker/ros2_ws/install/turtlebot3_teleop:/workspaces/ros2_jazzy_docker/ros2_ws/install/turtlebot3_example:/workspaces/ros2_jazzy_docker/ros2_ws/src/install/turtlebot3_teleop:/workspaces/ros2_jazzy_docker/ros2_ws/src/install/turtlebot3_example:/workspaces/ros2_jazzy_docker/ros2_ws/src/install/turtleboot3_autonomous_nav:/workspaces/ros2_jazzy_docker/ros2_ws/src/install/turtle_py:/workspaces/ros2_jazzy_docker/ros2_ws/src/install/stage_autonomous_nav:/workspaces/ros2_jazzy_docker/ros2_ws/install/turtleboot3_autonomous_nav:/workspaces/ros2_jazzy_docker/ros2_ws/install/turtle_py:/workspaces/ros2_jazzy_docker/ros2_ws/install/stage_autonomous_nav:/opt/ros/jazzy:/workspaces/ros2_jazzy_docker/ros2_ws/install/stage:/opt/ros/jazzy/opt/gz_sim_vendor:/opt/ros/jazzy/opt/gz_sensors_vendor:/opt/ros/jazzy/opt/gz_physics_vendor:/opt/ros/jazzy/opt/sdformat_vendor:/opt/ros/jazzy/opt/gz_gui_vendor:/opt/ros/jazzy/opt/gz_transport_vendor:/opt/ros/jazzy/opt/gz_rendering_vendor:/opt/ros/jazzy/opt/gz_plugin_vendor:/opt/ros/jazzy/opt/gz_fuel_tools_vendor:/opt/ros/jazzy/opt/gz_msgs_vendor:/opt/ros/jazzy/opt/gz_common_vendor:/opt/ros/jazzy/opt/gz_math_vendor:/opt/ros/jazzy/opt/gz_utils_vendor:/opt/ros/jazzy/opt/gz_tools_vendor:/opt/ros/jazzy/opt/gz_ogre_next_vendor:/opt/ros/jazzy/opt/gz_dartsim_vendor:/opt/ros/jazzy/opt/gz_cmake_vendor PYTHONPATH=/workspaces/ros2_jazzy_docker/ros2_ws/install/turtlebot3_msgs/lib/python3.12/site-packages:/workspaces/ros2_jazzy_docker/ros2_ws/install/turtlebot3_teleop/lib/python3.12/site-packages:/workspaces/ros2_jazzy_docker/ros2_ws/install/turtlebot3_example/lib/python3.12/site-packages:/workspaces/ros2_jazzy_docker/ros2_ws/src/install/turtlebot3_teleop/lib/python3.12/site-packages:/workspaces/ros2_jazzy_docker/ros2_ws/src/install/turtlebot3_example/lib/python3.12/site-packages:/workspaces/ros2_jazzy_docker/ros2_ws/src/install/turtlebot3_msgs/lib/python3.12/site-packages:/workspaces/ros2_jazzy_docker/ros2_ws/src/install/turtleboot3_autonomous_nav/lib/python3.12/site-packages:/workspaces/ros2_jazzy_docker/ros2_ws/src/install/turtle_py/lib/python3.12/site-packages:/workspaces/ros2_jazzy_docker/ros2_ws/src/install/stage_autonomous_nav/lib/python3.12/site-packages:/workspaces/ros2_jazzy_docker/ros2_ws/build/turtleboot3_autonomous_nav:/workspaces/ros2_jazzy_docker/ros2_ws/install/turtleboot3_autonomous_nav/lib/python3.12/site-packages:/workspaces/ros2_jazzy_docker/ros2_ws/build/turtle_py:/workspaces/ros2_jazzy_docker/ros2_ws/install/turtle_py/lib/python3.12/site-packages:/workspaces/ros2_jazzy_docker/ros2_ws/build/stage_autonomous_nav:/workspaces/ros2_jazzy_docker/ros2_ws/install/stage_autonomous_nav/lib/python3.12/site-packages:/opt/ros/jazzy/lib/python3.12/site-packages /usr/bin/cmake --install /workspaces/ros2_jazzy_docker/ros2_ws/build/turtlebot3_simulations
[58.424s] Level 1:colcon.colcon_core.environment:create_environment_scripts_only(turtlebot3_simulations)
[58.424s] Level 1:colcon.colcon_core.environment:checking '/workspaces/ros2_jazzy_docker/ros2_ws/install/turtlebot3_simulations' for CMake module files
[58.425s] DEBUG:colcon.colcon_core.event_handler.log_command:Invoked command in '/workspaces/ros2_jazzy_docker/ros2_ws/build/turtlebot3_simulations' returned '0': CMAKE_PREFIX_PATH=/workspaces/ros2_jazzy_docker/ros2_ws/install/turtlebot3_fake_node:/workspaces/ros2_jazzy_docker/ros2_ws/install/turtlebot3_msgs:/workspaces/ros2_jazzy_docker/ros2_ws/install/turtlebot3_gazebo:/workspaces/ros2_jazzy_docker/ros2_ws/install/turtlebot3:/workspaces/ros2_jazzy_docker/ros2_ws/install/turtlebot3_simulations:/workspaces/ros2_jazzy_docker/ros2_ws/install/turtlebot3_bringup:/workspaces/ros2_jazzy_docker/ros2_ws/install/turtlebot3_node:/workspaces/ros2_jazzy_docker/ros2_ws/install/turtlebot3_navigation2:/workspaces/ros2_jazzy_docker/ros2_ws/install/turtlebot3_description:/workspaces/ros2_jazzy_docker/ros2_ws/install/turtlebot3_cartographer:/workspaces/ros2_jazzy_docker/ros2_ws/src/install/turtlebot3:/workspaces/ros2_jazzy_docker/ros2_ws/src/install/turtlebot3_simulations:/workspaces/ros2_jazzy_docker/ros2_ws/src/install/turtlebot3_bringup:/workspaces/ros2_jazzy_docker/ros2_ws/src/install/turtlebot3_node:/workspaces/ros2_jazzy_docker/ros2_ws/src/install/turtlebot3_navigation2:/workspaces/ros2_jazzy_docker/ros2_ws/src/install/turtlebot3_fake_node:/workspaces/ros2_jazzy_docker/ros2_ws/src/install/turtlebot3_msgs:/workspaces/ros2_jazzy_docker/ros2_ws/src/install/turtlebot3_gazebo:/workspaces/ros2_jazzy_docker/ros2_ws/src/install/turtlebot3_description:/workspaces/ros2_jazzy_docker/ros2_ws/src/install/turtlebot3_cartographer:/workspaces/ros2_jazzy_docker/ros2_ws/src/install/stage_ros2:/workspaces/ros2_jazzy_docker/ros2_ws/src/install/stage:/workspaces/ros2_jazzy_docker/ros2_ws/install/stage_ros2:/workspaces/ros2_jazzy_docker/ros2_ws/install/turtlebot3_teleop:/workspaces/ros2_jazzy_docker/ros2_ws/install/turtlebot3_example:/workspaces/ros2_jazzy_docker/ros2_ws/src/install/turtlebot3_teleop:/workspaces/ros2_jazzy_docker/ros2_ws/src/install/turtlebot3_example:/workspaces/ros2_jazzy_docker/ros2_ws/src/install/turtleboot3_autonomous_nav:/workspaces/ros2_jazzy_docker/ros2_ws/src/install/turtle_py:/workspaces/ros2_jazzy_docker/ros2_ws/src/install/stage_autonomous_nav:/workspaces/ros2_jazzy_docker/ros2_ws/install/turtleboot3_autonomous_nav:/workspaces/ros2_jazzy_docker/ros2_ws/install/turtle_py:/workspaces/ros2_jazzy_docker/ros2_ws/install/stage_autonomous_nav:/opt/ros/jazzy:/workspaces/ros2_jazzy_docker/ros2_ws/install/stage:/opt/ros/jazzy/opt/gz_sim_vendor:/opt/ros/jazzy/opt/gz_sensors_vendor:/opt/ros/jazzy/opt/gz_physics_vendor:/opt/ros/jazzy/opt/sdformat_vendor:/opt/ros/jazzy/opt/gz_gui_vendor:/opt/ros/jazzy/opt/gz_transport_vendor:/opt/ros/jazzy/opt/gz_rendering_vendor:/opt/ros/jazzy/opt/gz_plugin_vendor:/opt/ros/jazzy/opt/gz_fuel_tools_vendor:/opt/ros/jazzy/opt/gz_msgs_vendor:/opt/ros/jazzy/opt/gz_common_vendor:/opt/ros/jazzy/opt/gz_math_vendor:/opt/ros/jazzy/opt/gz_utils_vendor:/opt/ros/jazzy/opt/gz_tools_vendor:/opt/ros/jazzy/opt/gz_ogre_next_vendor:/opt/ros/jazzy/opt/gz_dartsim_vendor:/opt/ros/jazzy/opt/gz_cmake_vendor PYTHONPATH=/workspaces/ros2_jazzy_docker/ros2_ws/install/turtlebot3_msgs/lib/python3.12/site-packages:/workspaces/ros2_jazzy_docker/ros2_ws/install/turtlebot3_teleop/lib/python3.12/site-packages:/workspaces/ros2_jazzy_docker/ros2_ws/install/turtlebot3_example/lib/python3.12/site-packages:/workspaces/ros2_jazzy_docker/ros2_ws/src/install/turtlebot3_teleop/lib/python3.12/site-packages:/workspaces/ros2_jazzy_docker/ros2_ws/src/install/turtlebot3_example/lib/python3.12/site-packages:/workspaces/ros2_jazzy_docker/ros2_ws/src/install/turtlebot3_msgs/lib/python3.12/site-packages:/workspaces/ros2_jazzy_docker/ros2_ws/src/install/turtleboot3_autonomous_nav/lib/python3.12/site-packages:/workspaces/ros2_jazzy_docker/ros2_ws/src/install/turtle_py/lib/python3.12/site-packages:/workspaces/ros2_jazzy_docker/ros2_ws/src/install/stage_autonomous_nav/lib/python3.12/site-packages:/workspaces/ros2_jazzy_docker/ros2_ws/build/turtleboot3_autonomous_nav:/workspaces/ros2_jazzy_docker/ros2_ws/install/turtleboot3_autonomous_nav/lib/python3.12/site-packages:/workspaces/ros2_jazzy_docker/ros2_ws/build/turtle_py:/workspaces/ros2_jazzy_docker/ros2_ws/install/turtle_py/lib/python3.12/site-packages:/workspaces/ros2_jazzy_docker/ros2_ws/build/stage_autonomous_nav:/workspaces/ros2_jazzy_docker/ros2_ws/install/stage_autonomous_nav/lib/python3.12/site-packages:/opt/ros/jazzy/lib/python3.12/site-packages /usr/bin/cmake --install /workspaces/ros2_jazzy_docker/ros2_ws/build/turtlebot3_simulations
[58.426s] Level 1:colcon.colcon_core.environment:checking '/workspaces/ros2_jazzy_docker/ros2_ws/install/turtlebot3_simulations' for CMake config files
[58.426s] Level 1:colcon.colcon_core.shell:create_environment_hook('turtlebot3_simulations', 'cmake_prefix_path')
[58.426s] INFO:colcon.colcon_core.shell:Creating environment hook '/workspaces/ros2_jazzy_docker/ros2_ws/install/turtlebot3_simulations/share/turtlebot3_simulations/hook/cmake_prefix_path.ps1'
[58.427s] INFO:colcon.colcon_core.shell:Creating environment descriptor '/workspaces/ros2_jazzy_docker/ros2_ws/install/turtlebot3_simulations/share/turtlebot3_simulations/hook/cmake_prefix_path.dsv'
[58.428s] INFO:colcon.colcon_core.shell:Creating environment hook '/workspaces/ros2_jazzy_docker/ros2_ws/install/turtlebot3_simulations/share/turtlebot3_simulations/hook/cmake_prefix_path.sh'
[58.429s] Level 1:colcon.colcon_core.environment:checking '/workspaces/ros2_jazzy_docker/ros2_ws/install/turtlebot3_simulations/bin'
[58.429s] Level 1:colcon.colcon_core.environment:checking '/workspaces/ros2_jazzy_docker/ros2_ws/install/turtlebot3_simulations/lib/pkgconfig/turtlebot3_simulations.pc'
[58.429s] Level 1:colcon.colcon_core.environment:checking '/workspaces/ros2_jazzy_docker/ros2_ws/install/turtlebot3_simulations/lib/python3.12/site-packages'
[58.429s] Level 1:colcon.colcon_core.environment:checking '/workspaces/ros2_jazzy_docker/ros2_ws/install/turtlebot3_simulations/bin'
[58.429s] INFO:colcon.colcon_core.shell:Creating package script '/workspaces/ros2_jazzy_docker/ros2_ws/install/turtlebot3_simulations/share/turtlebot3_simulations/package.ps1'
[58.430s] INFO:colcon.colcon_core.shell:Creating package descriptor '/workspaces/ros2_jazzy_docker/ros2_ws/install/turtlebot3_simulations/share/turtlebot3_simulations/package.dsv'
[58.430s] INFO:colcon.colcon_core.shell:Creating package script '/workspaces/ros2_jazzy_docker/ros2_ws/install/turtlebot3_simulations/share/turtlebot3_simulations/package.sh'
[58.431s] INFO:colcon.colcon_core.shell:Creating package script '/workspaces/ros2_jazzy_docker/ros2_ws/install/turtlebot3_simulations/share/turtlebot3_simulations/package.bash'
[58.431s] INFO:colcon.colcon_core.shell:Creating package script '/workspaces/ros2_jazzy_docker/ros2_ws/install/turtlebot3_simulations/share/turtlebot3_simulations/package.zsh'
[58.432s] Level 1:colcon.colcon_core.environment:create_file_with_runtime_dependencies(/workspaces/ros2_jazzy_docker/ros2_ws/install/turtlebot3_simulations/share/colcon-core/packages/turtlebot3_simulations)
[58.434s] Level 1:colcon.colcon_core.environment:create_environment_scripts_only(turtlebot3_simulations)
[58.434s] Level 1:colcon.colcon_core.environment:checking '/workspaces/ros2_jazzy_docker/ros2_ws/install/turtlebot3_simulations' for CMake module files
[58.435s] Level 1:colcon.colcon_core.environment:checking '/workspaces/ros2_jazzy_docker/ros2_ws/install/turtlebot3_simulations' for CMake config files
[58.436s] Level 1:colcon.colcon_core.shell:create_environment_hook('turtlebot3_simulations', 'cmake_prefix_path')
[58.436s] INFO:colcon.colcon_core.shell:Creating environment hook '/workspaces/ros2_jazzy_docker/ros2_ws/install/turtlebot3_simulations/share/turtlebot3_simulations/hook/cmake_prefix_path.ps1'
[58.436s] INFO:colcon.colcon_core.shell:Creating environment descriptor '/workspaces/ros2_jazzy_docker/ros2_ws/install/turtlebot3_simulations/share/turtlebot3_simulations/hook/cmake_prefix_path.dsv'
[58.437s] INFO:colcon.colcon_core.shell:Creating environment hook '/workspaces/ros2_jazzy_docker/ros2_ws/install/turtlebot3_simulations/share/turtlebot3_simulations/hook/cmake_prefix_path.sh'
[58.437s] Level 1:colcon.colcon_core.environment:checking '/workspaces/ros2_jazzy_docker/ros2_ws/install/turtlebot3_simulations/bin'
[58.438s] Level 1:colcon.colcon_core.environment:checking '/workspaces/ros2_jazzy_docker/ros2_ws/install/turtlebot3_simulations/lib/pkgconfig/turtlebot3_simulations.pc'
[58.438s] Level 1:colcon.colcon_core.environment:checking '/workspaces/ros2_jazzy_docker/ros2_ws/install/turtlebot3_simulations/lib/python3.12/site-packages'
[58.438s] Level 1:colcon.colcon_core.environment:checking '/workspaces/ros2_jazzy_docker/ros2_ws/install/turtlebot3_simulations/bin'
[58.438s] INFO:colcon.colcon_core.shell:Creating package script '/workspaces/ros2_jazzy_docker/ros2_ws/install/turtlebot3_simulations/share/turtlebot3_simulations/package.ps1'
[58.439s] INFO:colcon.colcon_core.shell:Creating package descriptor '/workspaces/ros2_jazzy_docker/ros2_ws/install/turtlebot3_simulations/share/turtlebot3_simulations/package.dsv'
[58.439s] INFO:colcon.colcon_core.shell:Creating package script '/workspaces/ros2_jazzy_docker/ros2_ws/install/turtlebot3_simulations/share/turtlebot3_simulations/package.sh'
[58.440s] INFO:colcon.colcon_core.shell:Creating package script '/workspaces/ros2_jazzy_docker/ros2_ws/install/turtlebot3_simulations/share/turtlebot3_simulations/package.bash'
[58.440s] INFO:colcon.colcon_core.shell:Creating package script '/workspaces/ros2_jazzy_docker/ros2_ws/install/turtlebot3_simulations/share/turtlebot3_simulations/package.zsh'
[58.441s] Level 1:colcon.colcon_core.environment:create_file_with_runtime_dependencies(/workspaces/ros2_jazzy_docker/ros2_ws/install/turtlebot3_simulations/share/colcon-core/packages/turtlebot3_simulations)
[62.723s] DEBUG:colcon.colcon_core.event_handler.log_command:Invoked command in '/workspaces/ros2_jazzy_docker/ros2_ws/build/turtlebot3_node' returned '0': CMAKE_PREFIX_PATH=/workspaces/ros2_jazzy_docker/ros2_ws/install/turtlebot3_msgs:/workspaces/ros2_jazzy_docker/ros2_ws/install/turtlebot3:/workspaces/ros2_jazzy_docker/ros2_ws/install/turtlebot3_simulations:/workspaces/ros2_jazzy_docker/ros2_ws/install/turtlebot3_bringup:/workspaces/ros2_jazzy_docker/ros2_ws/install/turtlebot3_node:/workspaces/ros2_jazzy_docker/ros2_ws/install/turtlebot3_navigation2:/workspaces/ros2_jazzy_docker/ros2_ws/install/turtlebot3_fake_node:/workspaces/ros2_jazzy_docker/ros2_ws/install/turtlebot3_gazebo:/workspaces/ros2_jazzy_docker/ros2_ws/install/turtlebot3_description:/workspaces/ros2_jazzy_docker/ros2_ws/install/turtlebot3_cartographer:/workspaces/ros2_jazzy_docker/ros2_ws/src/install/turtlebot3:/workspaces/ros2_jazzy_docker/ros2_ws/src/install/turtlebot3_simulations:/workspaces/ros2_jazzy_docker/ros2_ws/src/install/turtlebot3_bringup:/workspaces/ros2_jazzy_docker/ros2_ws/src/install/turtlebot3_node:/workspaces/ros2_jazzy_docker/ros2_ws/src/install/turtlebot3_navigation2:/workspaces/ros2_jazzy_docker/ros2_ws/src/install/turtlebot3_fake_node:/workspaces/ros2_jazzy_docker/ros2_ws/src/install/turtlebot3_msgs:/workspaces/ros2_jazzy_docker/ros2_ws/src/install/turtlebot3_gazebo:/workspaces/ros2_jazzy_docker/ros2_ws/src/install/turtlebot3_description:/workspaces/ros2_jazzy_docker/ros2_ws/src/install/turtlebot3_cartographer:/workspaces/ros2_jazzy_docker/ros2_ws/src/install/stage_ros2:/workspaces/ros2_jazzy_docker/ros2_ws/src/install/stage:/workspaces/ros2_jazzy_docker/ros2_ws/install/stage_ros2:/workspaces/ros2_jazzy_docker/ros2_ws/install/turtlebot3_teleop:/workspaces/ros2_jazzy_docker/ros2_ws/install/turtlebot3_example:/workspaces/ros2_jazzy_docker/ros2_ws/src/install/turtlebot3_teleop:/workspaces/ros2_jazzy_docker/ros2_ws/src/install/turtlebot3_example:/workspaces/ros2_jazzy_docker/ros2_ws/src/install/turtleboot3_autonomous_nav:/workspaces/ros2_jazzy_docker/ros2_ws/src/install/turtle_py:/workspaces/ros2_jazzy_docker/ros2_ws/src/install/stage_autonomous_nav:/workspaces/ros2_jazzy_docker/ros2_ws/install/turtleboot3_autonomous_nav:/workspaces/ros2_jazzy_docker/ros2_ws/install/turtle_py:/workspaces/ros2_jazzy_docker/ros2_ws/install/stage_autonomous_nav:/opt/ros/jazzy:/workspaces/ros2_jazzy_docker/ros2_ws/install/stage:/opt/ros/jazzy/opt/gz_sim_vendor:/opt/ros/jazzy/opt/gz_sensors_vendor:/opt/ros/jazzy/opt/gz_physics_vendor:/opt/ros/jazzy/opt/sdformat_vendor:/opt/ros/jazzy/opt/gz_gui_vendor:/opt/ros/jazzy/opt/gz_transport_vendor:/opt/ros/jazzy/opt/gz_rendering_vendor:/opt/ros/jazzy/opt/gz_plugin_vendor:/opt/ros/jazzy/opt/gz_fuel_tools_vendor:/opt/ros/jazzy/opt/gz_msgs_vendor:/opt/ros/jazzy/opt/gz_common_vendor:/opt/ros/jazzy/opt/gz_math_vendor:/opt/ros/jazzy/opt/gz_utils_vendor:/opt/ros/jazzy/opt/gz_tools_vendor:/opt/ros/jazzy/opt/gz_ogre_next_vendor:/opt/ros/jazzy/opt/gz_dartsim_vendor:/opt/ros/jazzy/opt/gz_cmake_vendor PYTHONPATH=/workspaces/ros2_jazzy_docker/ros2_ws/install/turtlebot3_msgs/lib/python3.12/site-packages:/workspaces/ros2_jazzy_docker/ros2_ws/install/turtlebot3_teleop/lib/python3.12/site-packages:/workspaces/ros2_jazzy_docker/ros2_ws/install/turtlebot3_example/lib/python3.12/site-packages:/workspaces/ros2_jazzy_docker/ros2_ws/src/install/turtlebot3_teleop/lib/python3.12/site-packages:/workspaces/ros2_jazzy_docker/ros2_ws/src/install/turtlebot3_example/lib/python3.12/site-packages:/workspaces/ros2_jazzy_docker/ros2_ws/src/install/turtlebot3_msgs/lib/python3.12/site-packages:/workspaces/ros2_jazzy_docker/ros2_ws/src/install/turtleboot3_autonomous_nav/lib/python3.12/site-packages:/workspaces/ros2_jazzy_docker/ros2_ws/src/install/turtle_py/lib/python3.12/site-packages:/workspaces/ros2_jazzy_docker/ros2_ws/src/install/stage_autonomous_nav/lib/python3.12/site-packages:/workspaces/ros2_jazzy_docker/ros2_ws/build/turtleboot3_autonomous_nav:/workspaces/ros2_jazzy_docker/ros2_ws/install/turtleboot3_autonomous_nav/lib/python3.12/site-packages:/workspaces/ros2_jazzy_docker/ros2_ws/build/turtle_py:/workspaces/ros2_jazzy_docker/ros2_ws/install/turtle_py/lib/python3.12/site-packages:/workspaces/ros2_jazzy_docker/ros2_ws/build/stage_autonomous_nav:/workspaces/ros2_jazzy_docker/ros2_ws/install/stage_autonomous_nav/lib/python3.12/site-packages:/opt/ros/jazzy/lib/python3.12/site-packages /usr/bin/cmake --build /workspaces/ros2_jazzy_docker/ros2_ws/build/turtlebot3_node -- -j12 -l12
[62.725s] DEBUG:colcon.colcon_core.event_handler.log_command:Invoking command in '/workspaces/ros2_jazzy_docker/ros2_ws/build/turtlebot3_node': CMAKE_PREFIX_PATH=/workspaces/ros2_jazzy_docker/ros2_ws/install/turtlebot3_msgs:/workspaces/ros2_jazzy_docker/ros2_ws/install/turtlebot3:/workspaces/ros2_jazzy_docker/ros2_ws/install/turtlebot3_simulations:/workspaces/ros2_jazzy_docker/ros2_ws/install/turtlebot3_bringup:/workspaces/ros2_jazzy_docker/ros2_ws/install/turtlebot3_node:/workspaces/ros2_jazzy_docker/ros2_ws/install/turtlebot3_navigation2:/workspaces/ros2_jazzy_docker/ros2_ws/install/turtlebot3_fake_node:/workspaces/ros2_jazzy_docker/ros2_ws/install/turtlebot3_gazebo:/workspaces/ros2_jazzy_docker/ros2_ws/install/turtlebot3_description:/workspaces/ros2_jazzy_docker/ros2_ws/install/turtlebot3_cartographer:/workspaces/ros2_jazzy_docker/ros2_ws/src/install/turtlebot3:/workspaces/ros2_jazzy_docker/ros2_ws/src/install/turtlebot3_simulations:/workspaces/ros2_jazzy_docker/ros2_ws/src/install/turtlebot3_bringup:/workspaces/ros2_jazzy_docker/ros2_ws/src/install/turtlebot3_node:/workspaces/ros2_jazzy_docker/ros2_ws/src/install/turtlebot3_navigation2:/workspaces/ros2_jazzy_docker/ros2_ws/src/install/turtlebot3_fake_node:/workspaces/ros2_jazzy_docker/ros2_ws/src/install/turtlebot3_msgs:/workspaces/ros2_jazzy_docker/ros2_ws/src/install/turtlebot3_gazebo:/workspaces/ros2_jazzy_docker/ros2_ws/src/install/turtlebot3_description:/workspaces/ros2_jazzy_docker/ros2_ws/src/install/turtlebot3_cartographer:/workspaces/ros2_jazzy_docker/ros2_ws/src/install/stage_ros2:/workspaces/ros2_jazzy_docker/ros2_ws/src/install/stage:/workspaces/ros2_jazzy_docker/ros2_ws/install/stage_ros2:/workspaces/ros2_jazzy_docker/ros2_ws/install/turtlebot3_teleop:/workspaces/ros2_jazzy_docker/ros2_ws/install/turtlebot3_example:/workspaces/ros2_jazzy_docker/ros2_ws/src/install/turtlebot3_teleop:/workspaces/ros2_jazzy_docker/ros2_ws/src/install/turtlebot3_example:/workspaces/ros2_jazzy_docker/ros2_ws/src/install/turtleboot3_autonomous_nav:/workspaces/ros2_jazzy_docker/ros2_ws/src/install/turtle_py:/workspaces/ros2_jazzy_docker/ros2_ws/src/install/stage_autonomous_nav:/workspaces/ros2_jazzy_docker/ros2_ws/install/turtleboot3_autonomous_nav:/workspaces/ros2_jazzy_docker/ros2_ws/install/turtle_py:/workspaces/ros2_jazzy_docker/ros2_ws/install/stage_autonomous_nav:/opt/ros/jazzy:/workspaces/ros2_jazzy_docker/ros2_ws/install/stage:/opt/ros/jazzy/opt/gz_sim_vendor:/opt/ros/jazzy/opt/gz_sensors_vendor:/opt/ros/jazzy/opt/gz_physics_vendor:/opt/ros/jazzy/opt/sdformat_vendor:/opt/ros/jazzy/opt/gz_gui_vendor:/opt/ros/jazzy/opt/gz_transport_vendor:/opt/ros/jazzy/opt/gz_rendering_vendor:/opt/ros/jazzy/opt/gz_plugin_vendor:/opt/ros/jazzy/opt/gz_fuel_tools_vendor:/opt/ros/jazzy/opt/gz_msgs_vendor:/opt/ros/jazzy/opt/gz_common_vendor:/opt/ros/jazzy/opt/gz_math_vendor:/opt/ros/jazzy/opt/gz_utils_vendor:/opt/ros/jazzy/opt/gz_tools_vendor:/opt/ros/jazzy/opt/gz_ogre_next_vendor:/opt/ros/jazzy/opt/gz_dartsim_vendor:/opt/ros/jazzy/opt/gz_cmake_vendor PYTHONPATH=/workspaces/ros2_jazzy_docker/ros2_ws/install/turtlebot3_msgs/lib/python3.12/site-packages:/workspaces/ros2_jazzy_docker/ros2_ws/install/turtlebot3_teleop/lib/python3.12/site-packages:/workspaces/ros2_jazzy_docker/ros2_ws/install/turtlebot3_example/lib/python3.12/site-packages:/workspaces/ros2_jazzy_docker/ros2_ws/src/install/turtlebot3_teleop/lib/python3.12/site-packages:/workspaces/ros2_jazzy_docker/ros2_ws/src/install/turtlebot3_example/lib/python3.12/site-packages:/workspaces/ros2_jazzy_docker/ros2_ws/src/install/turtlebot3_msgs/lib/python3.12/site-packages:/workspaces/ros2_jazzy_docker/ros2_ws/src/install/turtleboot3_autonomous_nav/lib/python3.12/site-packages:/workspaces/ros2_jazzy_docker/ros2_ws/src/install/turtle_py/lib/python3.12/site-packages:/workspaces/ros2_jazzy_docker/ros2_ws/src/install/stage_autonomous_nav/lib/python3.12/site-packages:/workspaces/ros2_jazzy_docker/ros2_ws/build/turtleboot3_autonomous_nav:/workspaces/ros2_jazzy_docker/ros2_ws/install/turtleboot3_autonomous_nav/lib/python3.12/site-packages:/workspaces/ros2_jazzy_docker/ros2_ws/build/turtle_py:/workspaces/ros2_jazzy_docker/ros2_ws/install/turtle_py/lib/python3.12/site-packages:/workspaces/ros2_jazzy_docker/ros2_ws/build/stage_autonomous_nav:/workspaces/ros2_jazzy_docker/ros2_ws/install/stage_autonomous_nav/lib/python3.12/site-packages:/opt/ros/jazzy/lib/python3.12/site-packages /usr/bin/cmake --install /workspaces/ros2_jazzy_docker/ros2_ws/build/turtlebot3_node
[62.851s] Level 1:colcon.colcon_core.environment:create_environment_scripts_only(turtlebot3_node)
[62.851s] Level 1:colcon.colcon_core.environment:checking '/workspaces/ros2_jazzy_docker/ros2_ws/install/turtlebot3_node' for CMake module files
[62.851s] DEBUG:colcon.colcon_core.event_handler.log_command:Invoked command in '/workspaces/ros2_jazzy_docker/ros2_ws/build/turtlebot3_node' returned '0': CMAKE_PREFIX_PATH=/workspaces/ros2_jazzy_docker/ros2_ws/install/turtlebot3_msgs:/workspaces/ros2_jazzy_docker/ros2_ws/install/turtlebot3:/workspaces/ros2_jazzy_docker/ros2_ws/install/turtlebot3_simulations:/workspaces/ros2_jazzy_docker/ros2_ws/install/turtlebot3_bringup:/workspaces/ros2_jazzy_docker/ros2_ws/install/turtlebot3_node:/workspaces/ros2_jazzy_docker/ros2_ws/install/turtlebot3_navigation2:/workspaces/ros2_jazzy_docker/ros2_ws/install/turtlebot3_fake_node:/workspaces/ros2_jazzy_docker/ros2_ws/install/turtlebot3_gazebo:/workspaces/ros2_jazzy_docker/ros2_ws/install/turtlebot3_description:/workspaces/ros2_jazzy_docker/ros2_ws/install/turtlebot3_cartographer:/workspaces/ros2_jazzy_docker/ros2_ws/src/install/turtlebot3:/workspaces/ros2_jazzy_docker/ros2_ws/src/install/turtlebot3_simulations:/workspaces/ros2_jazzy_docker/ros2_ws/src/install/turtlebot3_bringup:/workspaces/ros2_jazzy_docker/ros2_ws/src/install/turtlebot3_node:/workspaces/ros2_jazzy_docker/ros2_ws/src/install/turtlebot3_navigation2:/workspaces/ros2_jazzy_docker/ros2_ws/src/install/turtlebot3_fake_node:/workspaces/ros2_jazzy_docker/ros2_ws/src/install/turtlebot3_msgs:/workspaces/ros2_jazzy_docker/ros2_ws/src/install/turtlebot3_gazebo:/workspaces/ros2_jazzy_docker/ros2_ws/src/install/turtlebot3_description:/workspaces/ros2_jazzy_docker/ros2_ws/src/install/turtlebot3_cartographer:/workspaces/ros2_jazzy_docker/ros2_ws/src/install/stage_ros2:/workspaces/ros2_jazzy_docker/ros2_ws/src/install/stage:/workspaces/ros2_jazzy_docker/ros2_ws/install/stage_ros2:/workspaces/ros2_jazzy_docker/ros2_ws/install/turtlebot3_teleop:/workspaces/ros2_jazzy_docker/ros2_ws/install/turtlebot3_example:/workspaces/ros2_jazzy_docker/ros2_ws/src/install/turtlebot3_teleop:/workspaces/ros2_jazzy_docker/ros2_ws/src/install/turtlebot3_example:/workspaces/ros2_jazzy_docker/ros2_ws/src/install/turtleboot3_autonomous_nav:/workspaces/ros2_jazzy_docker/ros2_ws/src/install/turtle_py:/workspaces/ros2_jazzy_docker/ros2_ws/src/install/stage_autonomous_nav:/workspaces/ros2_jazzy_docker/ros2_ws/install/turtleboot3_autonomous_nav:/workspaces/ros2_jazzy_docker/ros2_ws/install/turtle_py:/workspaces/ros2_jazzy_docker/ros2_ws/install/stage_autonomous_nav:/opt/ros/jazzy:/workspaces/ros2_jazzy_docker/ros2_ws/install/stage:/opt/ros/jazzy/opt/gz_sim_vendor:/opt/ros/jazzy/opt/gz_sensors_vendor:/opt/ros/jazzy/opt/gz_physics_vendor:/opt/ros/jazzy/opt/sdformat_vendor:/opt/ros/jazzy/opt/gz_gui_vendor:/opt/ros/jazzy/opt/gz_transport_vendor:/opt/ros/jazzy/opt/gz_rendering_vendor:/opt/ros/jazzy/opt/gz_plugin_vendor:/opt/ros/jazzy/opt/gz_fuel_tools_vendor:/opt/ros/jazzy/opt/gz_msgs_vendor:/opt/ros/jazzy/opt/gz_common_vendor:/opt/ros/jazzy/opt/gz_math_vendor:/opt/ros/jazzy/opt/gz_utils_vendor:/opt/ros/jazzy/opt/gz_tools_vendor:/opt/ros/jazzy/opt/gz_ogre_next_vendor:/opt/ros/jazzy/opt/gz_dartsim_vendor:/opt/ros/jazzy/opt/gz_cmake_vendor PYTHONPATH=/workspaces/ros2_jazzy_docker/ros2_ws/install/turtlebot3_msgs/lib/python3.12/site-packages:/workspaces/ros2_jazzy_docker/ros2_ws/install/turtlebot3_teleop/lib/python3.12/site-packages:/workspaces/ros2_jazzy_docker/ros2_ws/install/turtlebot3_example/lib/python3.12/site-packages:/workspaces/ros2_jazzy_docker/ros2_ws/src/install/turtlebot3_teleop/lib/python3.12/site-packages:/workspaces/ros2_jazzy_docker/ros2_ws/src/install/turtlebot3_example/lib/python3.12/site-packages:/workspaces/ros2_jazzy_docker/ros2_ws/src/install/turtlebot3_msgs/lib/python3.12/site-packages:/workspaces/ros2_jazzy_docker/ros2_ws/src/install/turtleboot3_autonomous_nav/lib/python3.12/site-packages:/workspaces/ros2_jazzy_docker/ros2_ws/src/install/turtle_py/lib/python3.12/site-packages:/workspaces/ros2_jazzy_docker/ros2_ws/src/install/stage_autonomous_nav/lib/python3.12/site-packages:/workspaces/ros2_jazzy_docker/ros2_ws/build/turtleboot3_autonomous_nav:/workspaces/ros2_jazzy_docker/ros2_ws/install/turtleboot3_autonomous_nav/lib/python3.12/site-packages:/workspaces/ros2_jazzy_docker/ros2_ws/build/turtle_py:/workspaces/ros2_jazzy_docker/ros2_ws/install/turtle_py/lib/python3.12/site-packages:/workspaces/ros2_jazzy_docker/ros2_ws/build/stage_autonomous_nav:/workspaces/ros2_jazzy_docker/ros2_ws/install/stage_autonomous_nav/lib/python3.12/site-packages:/opt/ros/jazzy/lib/python3.12/site-packages /usr/bin/cmake --install /workspaces/ros2_jazzy_docker/ros2_ws/build/turtlebot3_node
[62.852s] Level 1:colcon.colcon_core.environment:checking '/workspaces/ros2_jazzy_docker/ros2_ws/install/turtlebot3_node' for CMake config files
[62.853s] Level 1:colcon.colcon_core.shell:create_environment_hook('turtlebot3_node', 'cmake_prefix_path')
[62.853s] INFO:colcon.colcon_core.shell:Creating environment hook '/workspaces/ros2_jazzy_docker/ros2_ws/install/turtlebot3_node/share/turtlebot3_node/hook/cmake_prefix_path.ps1'
[62.854s] INFO:colcon.colcon_core.shell:Creating environment descriptor '/workspaces/ros2_jazzy_docker/ros2_ws/install/turtlebot3_node/share/turtlebot3_node/hook/cmake_prefix_path.dsv'
[62.854s] INFO:colcon.colcon_core.shell:Creating environment hook '/workspaces/ros2_jazzy_docker/ros2_ws/install/turtlebot3_node/share/turtlebot3_node/hook/cmake_prefix_path.sh'
[62.855s] Level 1:colcon.colcon_core.environment:checking '/workspaces/ros2_jazzy_docker/ros2_ws/install/turtlebot3_node/lib'
[62.855s] Level 1:colcon.colcon_core.environment:checking '/workspaces/ros2_jazzy_docker/ros2_ws/install/turtlebot3_node/bin'
[62.855s] Level 1:colcon.colcon_core.environment:checking '/workspaces/ros2_jazzy_docker/ros2_ws/install/turtlebot3_node/lib/pkgconfig/turtlebot3_node.pc'
[62.856s] Level 1:colcon.colcon_core.environment:checking '/workspaces/ros2_jazzy_docker/ros2_ws/install/turtlebot3_node/lib/python3.12/site-packages'
[62.856s] Level 1:colcon.colcon_core.environment:checking '/workspaces/ros2_jazzy_docker/ros2_ws/install/turtlebot3_node/bin'
[62.856s] INFO:colcon.colcon_core.shell:Creating package script '/workspaces/ros2_jazzy_docker/ros2_ws/install/turtlebot3_node/share/turtlebot3_node/package.ps1'
[62.857s] INFO:colcon.colcon_core.shell:Creating package descriptor '/workspaces/ros2_jazzy_docker/ros2_ws/install/turtlebot3_node/share/turtlebot3_node/package.dsv'
[62.857s] INFO:colcon.colcon_core.shell:Creating package script '/workspaces/ros2_jazzy_docker/ros2_ws/install/turtlebot3_node/share/turtlebot3_node/package.sh'
[62.858s] INFO:colcon.colcon_core.shell:Creating package script '/workspaces/ros2_jazzy_docker/ros2_ws/install/turtlebot3_node/share/turtlebot3_node/package.bash'
[62.858s] INFO:colcon.colcon_core.shell:Creating package script '/workspaces/ros2_jazzy_docker/ros2_ws/install/turtlebot3_node/share/turtlebot3_node/package.zsh'
[62.858s] Level 1:colcon.colcon_core.environment:create_file_with_runtime_dependencies(/workspaces/ros2_jazzy_docker/ros2_ws/install/turtlebot3_node/share/colcon-core/packages/turtlebot3_node)
[62.859s] Level 1:colcon.colcon_core.environment:create_environment_scripts_only(turtlebot3_node)
[62.859s] Level 1:colcon.colcon_core.environment:checking '/workspaces/ros2_jazzy_docker/ros2_ws/install/turtlebot3_node' for CMake module files
[62.860s] Level 1:colcon.colcon_core.environment:checking '/workspaces/ros2_jazzy_docker/ros2_ws/install/turtlebot3_node' for CMake config files
[62.861s] Level 1:colcon.colcon_core.shell:create_environment_hook('turtlebot3_node', 'cmake_prefix_path')
[62.861s] INFO:colcon.colcon_core.shell:Creating environment hook '/workspaces/ros2_jazzy_docker/ros2_ws/install/turtlebot3_node/share/turtlebot3_node/hook/cmake_prefix_path.ps1'
[62.861s] INFO:colcon.colcon_core.shell:Creating environment descriptor '/workspaces/ros2_jazzy_docker/ros2_ws/install/turtlebot3_node/share/turtlebot3_node/hook/cmake_prefix_path.dsv'
[62.862s] INFO:colcon.colcon_core.shell:Creating environment hook '/workspaces/ros2_jazzy_docker/ros2_ws/install/turtlebot3_node/share/turtlebot3_node/hook/cmake_prefix_path.sh'
[62.863s] Level 1:colcon.colcon_core.environment:checking '/workspaces/ros2_jazzy_docker/ros2_ws/install/turtlebot3_node/lib'
[62.863s] Level 1:colcon.colcon_core.environment:checking '/workspaces/ros2_jazzy_docker/ros2_ws/install/turtlebot3_node/bin'
[62.863s] Level 1:colcon.colcon_core.environment:checking '/workspaces/ros2_jazzy_docker/ros2_ws/install/turtlebot3_node/lib/pkgconfig/turtlebot3_node.pc'
[62.863s] Level 1:colcon.colcon_core.environment:checking '/workspaces/ros2_jazzy_docker/ros2_ws/install/turtlebot3_node/lib/python3.12/site-packages'
[62.863s] Level 1:colcon.colcon_core.environment:checking '/workspaces/ros2_jazzy_docker/ros2_ws/install/turtlebot3_node/bin'
[62.864s] INFO:colcon.colcon_core.shell:Creating package script '/workspaces/ros2_jazzy_docker/ros2_ws/install/turtlebot3_node/share/turtlebot3_node/package.ps1'
[62.864s] INFO:colcon.colcon_core.shell:Creating package descriptor '/workspaces/ros2_jazzy_docker/ros2_ws/install/turtlebot3_node/share/turtlebot3_node/package.dsv'
[62.864s] INFO:colcon.colcon_core.shell:Creating package script '/workspaces/ros2_jazzy_docker/ros2_ws/install/turtlebot3_node/share/turtlebot3_node/package.sh'
[62.865s] INFO:colcon.colcon_core.shell:Creating package script '/workspaces/ros2_jazzy_docker/ros2_ws/install/turtlebot3_node/share/turtlebot3_node/package.bash'
[62.865s] INFO:colcon.colcon_core.shell:Creating package script '/workspaces/ros2_jazzy_docker/ros2_ws/install/turtlebot3_node/share/turtlebot3_node/package.zsh'
[62.866s] Level 1:colcon.colcon_core.environment:create_file_with_runtime_dependencies(/workspaces/ros2_jazzy_docker/ros2_ws/install/turtlebot3_node/share/colcon-core/packages/turtlebot3_node)
[62.866s] INFO:colcon.colcon_ros.task.ament_cmake.build:Building ROS package in '/workspaces/ros2_jazzy_docker/ros2_ws/src/turtlebot3/turtlebot3_bringup' with build type 'ament_cmake'
[62.866s] INFO:colcon.colcon_cmake.task.cmake.build:Building CMake package in '/workspaces/ros2_jazzy_docker/ros2_ws/src/turtlebot3/turtlebot3_bringup'
[62.866s] INFO:colcon.colcon_core.shell:Skip shell extension 'powershell' for command environment: Not usable outside of PowerShell
[62.866s] DEBUG:colcon.colcon_core.shell:Skip shell extension 'dsv' for command environment
[62.910s] DEBUG:colcon.colcon_core.event_handler.log_command:Invoking command in '/workspaces/ros2_jazzy_docker/ros2_ws/build/turtlebot3_bringup': CMAKE_PREFIX_PATH=/workspaces/ros2_jazzy_docker/ros2_ws/install/turtlebot3_node:/workspaces/ros2_jazzy_docker/ros2_ws/install/turtlebot3_msgs:/workspaces/ros2_jazzy_docker/ros2_ws/install/turtlebot3_description:/workspaces/ros2_jazzy_docker/ros2_ws/install/turtlebot3:/workspaces/ros2_jazzy_docker/ros2_ws/install/turtlebot3_simulations:/workspaces/ros2_jazzy_docker/ros2_ws/install/turtlebot3_bringup:/workspaces/ros2_jazzy_docker/ros2_ws/install/turtlebot3_navigation2:/workspaces/ros2_jazzy_docker/ros2_ws/install/turtlebot3_fake_node:/workspaces/ros2_jazzy_docker/ros2_ws/install/turtlebot3_gazebo:/workspaces/ros2_jazzy_docker/ros2_ws/install/turtlebot3_cartographer:/workspaces/ros2_jazzy_docker/ros2_ws/src/install/turtlebot3:/workspaces/ros2_jazzy_docker/ros2_ws/src/install/turtlebot3_simulations:/workspaces/ros2_jazzy_docker/ros2_ws/src/install/turtlebot3_bringup:/workspaces/ros2_jazzy_docker/ros2_ws/src/install/turtlebot3_node:/workspaces/ros2_jazzy_docker/ros2_ws/src/install/turtlebot3_navigation2:/workspaces/ros2_jazzy_docker/ros2_ws/src/install/turtlebot3_fake_node:/workspaces/ros2_jazzy_docker/ros2_ws/src/install/turtlebot3_msgs:/workspaces/ros2_jazzy_docker/ros2_ws/src/install/turtlebot3_gazebo:/workspaces/ros2_jazzy_docker/ros2_ws/src/install/turtlebot3_description:/workspaces/ros2_jazzy_docker/ros2_ws/src/install/turtlebot3_cartographer:/workspaces/ros2_jazzy_docker/ros2_ws/src/install/stage_ros2:/workspaces/ros2_jazzy_docker/ros2_ws/src/install/stage:/workspaces/ros2_jazzy_docker/ros2_ws/install/stage_ros2:/workspaces/ros2_jazzy_docker/ros2_ws/install/turtlebot3_teleop:/workspaces/ros2_jazzy_docker/ros2_ws/install/turtlebot3_example:/workspaces/ros2_jazzy_docker/ros2_ws/src/install/turtlebot3_teleop:/workspaces/ros2_jazzy_docker/ros2_ws/src/install/turtlebot3_example:/workspaces/ros2_jazzy_docker/ros2_ws/src/install/turtleboot3_autonomous_nav:/workspaces/ros2_jazzy_docker/ros2_ws/src/install/turtle_py:/workspaces/ros2_jazzy_docker/ros2_ws/src/install/stage_autonomous_nav:/workspaces/ros2_jazzy_docker/ros2_ws/install/turtleboot3_autonomous_nav:/workspaces/ros2_jazzy_docker/ros2_ws/install/turtle_py:/workspaces/ros2_jazzy_docker/ros2_ws/install/stage_autonomous_nav:/opt/ros/jazzy:/workspaces/ros2_jazzy_docker/ros2_ws/install/stage:/opt/ros/jazzy/opt/gz_sim_vendor:/opt/ros/jazzy/opt/gz_sensors_vendor:/opt/ros/jazzy/opt/gz_physics_vendor:/opt/ros/jazzy/opt/sdformat_vendor:/opt/ros/jazzy/opt/gz_gui_vendor:/opt/ros/jazzy/opt/gz_transport_vendor:/opt/ros/jazzy/opt/gz_rendering_vendor:/opt/ros/jazzy/opt/gz_plugin_vendor:/opt/ros/jazzy/opt/gz_fuel_tools_vendor:/opt/ros/jazzy/opt/gz_msgs_vendor:/opt/ros/jazzy/opt/gz_common_vendor:/opt/ros/jazzy/opt/gz_math_vendor:/opt/ros/jazzy/opt/gz_utils_vendor:/opt/ros/jazzy/opt/gz_tools_vendor:/opt/ros/jazzy/opt/gz_ogre_next_vendor:/opt/ros/jazzy/opt/gz_dartsim_vendor:/opt/ros/jazzy/opt/gz_cmake_vendor PYTHONPATH=/workspaces/ros2_jazzy_docker/ros2_ws/install/turtlebot3_msgs/lib/python3.12/site-packages:/workspaces/ros2_jazzy_docker/ros2_ws/install/turtlebot3_teleop/lib/python3.12/site-packages:/workspaces/ros2_jazzy_docker/ros2_ws/install/turtlebot3_example/lib/python3.12/site-packages:/workspaces/ros2_jazzy_docker/ros2_ws/src/install/turtlebot3_teleop/lib/python3.12/site-packages:/workspaces/ros2_jazzy_docker/ros2_ws/src/install/turtlebot3_example/lib/python3.12/site-packages:/workspaces/ros2_jazzy_docker/ros2_ws/src/install/turtlebot3_msgs/lib/python3.12/site-packages:/workspaces/ros2_jazzy_docker/ros2_ws/src/install/turtleboot3_autonomous_nav/lib/python3.12/site-packages:/workspaces/ros2_jazzy_docker/ros2_ws/src/install/turtle_py/lib/python3.12/site-packages:/workspaces/ros2_jazzy_docker/ros2_ws/src/install/stage_autonomous_nav/lib/python3.12/site-packages:/workspaces/ros2_jazzy_docker/ros2_ws/build/turtleboot3_autonomous_nav:/workspaces/ros2_jazzy_docker/ros2_ws/install/turtleboot3_autonomous_nav/lib/python3.12/site-packages:/workspaces/ros2_jazzy_docker/ros2_ws/build/turtle_py:/workspaces/ros2_jazzy_docker/ros2_ws/install/turtle_py/lib/python3.12/site-packages:/workspaces/ros2_jazzy_docker/ros2_ws/build/stage_autonomous_nav:/workspaces/ros2_jazzy_docker/ros2_ws/install/stage_autonomous_nav/lib/python3.12/site-packages:/opt/ros/jazzy/lib/python3.12/site-packages /usr/bin/cmake /workspaces/ros2_jazzy_docker/ros2_ws/src/turtlebot3/turtlebot3_bringup -DCMAKE_INSTALL_PREFIX=/workspaces/ros2_jazzy_docker/ros2_ws/install/turtlebot3_bringup
[64.440s] DEBUG:colcon.colcon_core.event_handler.log_command:Invoked command in '/workspaces/ros2_jazzy_docker/ros2_ws/build/turtlebot3_bringup' returned '0': CMAKE_PREFIX_PATH=/workspaces/ros2_jazzy_docker/ros2_ws/install/turtlebot3_node:/workspaces/ros2_jazzy_docker/ros2_ws/install/turtlebot3_msgs:/workspaces/ros2_jazzy_docker/ros2_ws/install/turtlebot3_description:/workspaces/ros2_jazzy_docker/ros2_ws/install/turtlebot3:/workspaces/ros2_jazzy_docker/ros2_ws/install/turtlebot3_simulations:/workspaces/ros2_jazzy_docker/ros2_ws/install/turtlebot3_bringup:/workspaces/ros2_jazzy_docker/ros2_ws/install/turtlebot3_navigation2:/workspaces/ros2_jazzy_docker/ros2_ws/install/turtlebot3_fake_node:/workspaces/ros2_jazzy_docker/ros2_ws/install/turtlebot3_gazebo:/workspaces/ros2_jazzy_docker/ros2_ws/install/turtlebot3_cartographer:/workspaces/ros2_jazzy_docker/ros2_ws/src/install/turtlebot3:/workspaces/ros2_jazzy_docker/ros2_ws/src/install/turtlebot3_simulations:/workspaces/ros2_jazzy_docker/ros2_ws/src/install/turtlebot3_bringup:/workspaces/ros2_jazzy_docker/ros2_ws/src/install/turtlebot3_node:/workspaces/ros2_jazzy_docker/ros2_ws/src/install/turtlebot3_navigation2:/workspaces/ros2_jazzy_docker/ros2_ws/src/install/turtlebot3_fake_node:/workspaces/ros2_jazzy_docker/ros2_ws/src/install/turtlebot3_msgs:/workspaces/ros2_jazzy_docker/ros2_ws/src/install/turtlebot3_gazebo:/workspaces/ros2_jazzy_docker/ros2_ws/src/install/turtlebot3_description:/workspaces/ros2_jazzy_docker/ros2_ws/src/install/turtlebot3_cartographer:/workspaces/ros2_jazzy_docker/ros2_ws/src/install/stage_ros2:/workspaces/ros2_jazzy_docker/ros2_ws/src/install/stage:/workspaces/ros2_jazzy_docker/ros2_ws/install/stage_ros2:/workspaces/ros2_jazzy_docker/ros2_ws/install/turtlebot3_teleop:/workspaces/ros2_jazzy_docker/ros2_ws/install/turtlebot3_example:/workspaces/ros2_jazzy_docker/ros2_ws/src/install/turtlebot3_teleop:/workspaces/ros2_jazzy_docker/ros2_ws/src/install/turtlebot3_example:/workspaces/ros2_jazzy_docker/ros2_ws/src/install/turtleboot3_autonomous_nav:/workspaces/ros2_jazzy_docker/ros2_ws/src/install/turtle_py:/workspaces/ros2_jazzy_docker/ros2_ws/src/install/stage_autonomous_nav:/workspaces/ros2_jazzy_docker/ros2_ws/install/turtleboot3_autonomous_nav:/workspaces/ros2_jazzy_docker/ros2_ws/install/turtle_py:/workspaces/ros2_jazzy_docker/ros2_ws/install/stage_autonomous_nav:/opt/ros/jazzy:/workspaces/ros2_jazzy_docker/ros2_ws/install/stage:/opt/ros/jazzy/opt/gz_sim_vendor:/opt/ros/jazzy/opt/gz_sensors_vendor:/opt/ros/jazzy/opt/gz_physics_vendor:/opt/ros/jazzy/opt/sdformat_vendor:/opt/ros/jazzy/opt/gz_gui_vendor:/opt/ros/jazzy/opt/gz_transport_vendor:/opt/ros/jazzy/opt/gz_rendering_vendor:/opt/ros/jazzy/opt/gz_plugin_vendor:/opt/ros/jazzy/opt/gz_fuel_tools_vendor:/opt/ros/jazzy/opt/gz_msgs_vendor:/opt/ros/jazzy/opt/gz_common_vendor:/opt/ros/jazzy/opt/gz_math_vendor:/opt/ros/jazzy/opt/gz_utils_vendor:/opt/ros/jazzy/opt/gz_tools_vendor:/opt/ros/jazzy/opt/gz_ogre_next_vendor:/opt/ros/jazzy/opt/gz_dartsim_vendor:/opt/ros/jazzy/opt/gz_cmake_vendor PYTHONPATH=/workspaces/ros2_jazzy_docker/ros2_ws/install/turtlebot3_msgs/lib/python3.12/site-packages:/workspaces/ros2_jazzy_docker/ros2_ws/install/turtlebot3_teleop/lib/python3.12/site-packages:/workspaces/ros2_jazzy_docker/ros2_ws/install/turtlebot3_example/lib/python3.12/site-packages:/workspaces/ros2_jazzy_docker/ros2_ws/src/install/turtlebot3_teleop/lib/python3.12/site-packages:/workspaces/ros2_jazzy_docker/ros2_ws/src/install/turtlebot3_example/lib/python3.12/site-packages:/workspaces/ros2_jazzy_docker/ros2_ws/src/install/turtlebot3_msgs/lib/python3.12/site-packages:/workspaces/ros2_jazzy_docker/ros2_ws/src/install/turtleboot3_autonomous_nav/lib/python3.12/site-packages:/workspaces/ros2_jazzy_docker/ros2_ws/src/install/turtle_py/lib/python3.12/site-packages:/workspaces/ros2_jazzy_docker/ros2_ws/src/install/stage_autonomous_nav/lib/python3.12/site-packages:/workspaces/ros2_jazzy_docker/ros2_ws/build/turtleboot3_autonomous_nav:/workspaces/ros2_jazzy_docker/ros2_ws/install/turtleboot3_autonomous_nav/lib/python3.12/site-packages:/workspaces/ros2_jazzy_docker/ros2_ws/build/turtle_py:/workspaces/ros2_jazzy_docker/ros2_ws/install/turtle_py/lib/python3.12/site-packages:/workspaces/ros2_jazzy_docker/ros2_ws/build/stage_autonomous_nav:/workspaces/ros2_jazzy_docker/ros2_ws/install/stage_autonomous_nav/lib/python3.12/site-packages:/opt/ros/jazzy/lib/python3.12/site-packages /usr/bin/cmake /workspaces/ros2_jazzy_docker/ros2_ws/src/turtlebot3/turtlebot3_bringup -DCMAKE_INSTALL_PREFIX=/workspaces/ros2_jazzy_docker/ros2_ws/install/turtlebot3_bringup
[64.441s] DEBUG:colcon.colcon_core.event_handler.log_command:Invoking command in '/workspaces/ros2_jazzy_docker/ros2_ws/build/turtlebot3_bringup': CMAKE_PREFIX_PATH=/workspaces/ros2_jazzy_docker/ros2_ws/install/turtlebot3_node:/workspaces/ros2_jazzy_docker/ros2_ws/install/turtlebot3_msgs:/workspaces/ros2_jazzy_docker/ros2_ws/install/turtlebot3_description:/workspaces/ros2_jazzy_docker/ros2_ws/install/turtlebot3:/workspaces/ros2_jazzy_docker/ros2_ws/install/turtlebot3_simulations:/workspaces/ros2_jazzy_docker/ros2_ws/install/turtlebot3_bringup:/workspaces/ros2_jazzy_docker/ros2_ws/install/turtlebot3_navigation2:/workspaces/ros2_jazzy_docker/ros2_ws/install/turtlebot3_fake_node:/workspaces/ros2_jazzy_docker/ros2_ws/install/turtlebot3_gazebo:/workspaces/ros2_jazzy_docker/ros2_ws/install/turtlebot3_cartographer:/workspaces/ros2_jazzy_docker/ros2_ws/src/install/turtlebot3:/workspaces/ros2_jazzy_docker/ros2_ws/src/install/turtlebot3_simulations:/workspaces/ros2_jazzy_docker/ros2_ws/src/install/turtlebot3_bringup:/workspaces/ros2_jazzy_docker/ros2_ws/src/install/turtlebot3_node:/workspaces/ros2_jazzy_docker/ros2_ws/src/install/turtlebot3_navigation2:/workspaces/ros2_jazzy_docker/ros2_ws/src/install/turtlebot3_fake_node:/workspaces/ros2_jazzy_docker/ros2_ws/src/install/turtlebot3_msgs:/workspaces/ros2_jazzy_docker/ros2_ws/src/install/turtlebot3_gazebo:/workspaces/ros2_jazzy_docker/ros2_ws/src/install/turtlebot3_description:/workspaces/ros2_jazzy_docker/ros2_ws/src/install/turtlebot3_cartographer:/workspaces/ros2_jazzy_docker/ros2_ws/src/install/stage_ros2:/workspaces/ros2_jazzy_docker/ros2_ws/src/install/stage:/workspaces/ros2_jazzy_docker/ros2_ws/install/stage_ros2:/workspaces/ros2_jazzy_docker/ros2_ws/install/turtlebot3_teleop:/workspaces/ros2_jazzy_docker/ros2_ws/install/turtlebot3_example:/workspaces/ros2_jazzy_docker/ros2_ws/src/install/turtlebot3_teleop:/workspaces/ros2_jazzy_docker/ros2_ws/src/install/turtlebot3_example:/workspaces/ros2_jazzy_docker/ros2_ws/src/install/turtleboot3_autonomous_nav:/workspaces/ros2_jazzy_docker/ros2_ws/src/install/turtle_py:/workspaces/ros2_jazzy_docker/ros2_ws/src/install/stage_autonomous_nav:/workspaces/ros2_jazzy_docker/ros2_ws/install/turtleboot3_autonomous_nav:/workspaces/ros2_jazzy_docker/ros2_ws/install/turtle_py:/workspaces/ros2_jazzy_docker/ros2_ws/install/stage_autonomous_nav:/opt/ros/jazzy:/workspaces/ros2_jazzy_docker/ros2_ws/install/stage:/opt/ros/jazzy/opt/gz_sim_vendor:/opt/ros/jazzy/opt/gz_sensors_vendor:/opt/ros/jazzy/opt/gz_physics_vendor:/opt/ros/jazzy/opt/sdformat_vendor:/opt/ros/jazzy/opt/gz_gui_vendor:/opt/ros/jazzy/opt/gz_transport_vendor:/opt/ros/jazzy/opt/gz_rendering_vendor:/opt/ros/jazzy/opt/gz_plugin_vendor:/opt/ros/jazzy/opt/gz_fuel_tools_vendor:/opt/ros/jazzy/opt/gz_msgs_vendor:/opt/ros/jazzy/opt/gz_common_vendor:/opt/ros/jazzy/opt/gz_math_vendor:/opt/ros/jazzy/opt/gz_utils_vendor:/opt/ros/jazzy/opt/gz_tools_vendor:/opt/ros/jazzy/opt/gz_ogre_next_vendor:/opt/ros/jazzy/opt/gz_dartsim_vendor:/opt/ros/jazzy/opt/gz_cmake_vendor PYTHONPATH=/workspaces/ros2_jazzy_docker/ros2_ws/install/turtlebot3_msgs/lib/python3.12/site-packages:/workspaces/ros2_jazzy_docker/ros2_ws/install/turtlebot3_teleop/lib/python3.12/site-packages:/workspaces/ros2_jazzy_docker/ros2_ws/install/turtlebot3_example/lib/python3.12/site-packages:/workspaces/ros2_jazzy_docker/ros2_ws/src/install/turtlebot3_teleop/lib/python3.12/site-packages:/workspaces/ros2_jazzy_docker/ros2_ws/src/install/turtlebot3_example/lib/python3.12/site-packages:/workspaces/ros2_jazzy_docker/ros2_ws/src/install/turtlebot3_msgs/lib/python3.12/site-packages:/workspaces/ros2_jazzy_docker/ros2_ws/src/install/turtleboot3_autonomous_nav/lib/python3.12/site-packages:/workspaces/ros2_jazzy_docker/ros2_ws/src/install/turtle_py/lib/python3.12/site-packages:/workspaces/ros2_jazzy_docker/ros2_ws/src/install/stage_autonomous_nav/lib/python3.12/site-packages:/workspaces/ros2_jazzy_docker/ros2_ws/build/turtleboot3_autonomous_nav:/workspaces/ros2_jazzy_docker/ros2_ws/install/turtleboot3_autonomous_nav/lib/python3.12/site-packages:/workspaces/ros2_jazzy_docker/ros2_ws/build/turtle_py:/workspaces/ros2_jazzy_docker/ros2_ws/install/turtle_py/lib/python3.12/site-packages:/workspaces/ros2_jazzy_docker/ros2_ws/build/stage_autonomous_nav:/workspaces/ros2_jazzy_docker/ros2_ws/install/stage_autonomous_nav/lib/python3.12/site-packages:/opt/ros/jazzy/lib/python3.12/site-packages /usr/bin/cmake --build /workspaces/ros2_jazzy_docker/ros2_ws/build/turtlebot3_bringup -- -j12 -l12
[64.482s] DEBUG:colcon.colcon_core.event_handler.log_command:Invoked command in '/workspaces/ros2_jazzy_docker/ros2_ws/build/turtlebot3_bringup' returned '0': CMAKE_PREFIX_PATH=/workspaces/ros2_jazzy_docker/ros2_ws/install/turtlebot3_node:/workspaces/ros2_jazzy_docker/ros2_ws/install/turtlebot3_msgs:/workspaces/ros2_jazzy_docker/ros2_ws/install/turtlebot3_description:/workspaces/ros2_jazzy_docker/ros2_ws/install/turtlebot3:/workspaces/ros2_jazzy_docker/ros2_ws/install/turtlebot3_simulations:/workspaces/ros2_jazzy_docker/ros2_ws/install/turtlebot3_bringup:/workspaces/ros2_jazzy_docker/ros2_ws/install/turtlebot3_navigation2:/workspaces/ros2_jazzy_docker/ros2_ws/install/turtlebot3_fake_node:/workspaces/ros2_jazzy_docker/ros2_ws/install/turtlebot3_gazebo:/workspaces/ros2_jazzy_docker/ros2_ws/install/turtlebot3_cartographer:/workspaces/ros2_jazzy_docker/ros2_ws/src/install/turtlebot3:/workspaces/ros2_jazzy_docker/ros2_ws/src/install/turtlebot3_simulations:/workspaces/ros2_jazzy_docker/ros2_ws/src/install/turtlebot3_bringup:/workspaces/ros2_jazzy_docker/ros2_ws/src/install/turtlebot3_node:/workspaces/ros2_jazzy_docker/ros2_ws/src/install/turtlebot3_navigation2:/workspaces/ros2_jazzy_docker/ros2_ws/src/install/turtlebot3_fake_node:/workspaces/ros2_jazzy_docker/ros2_ws/src/install/turtlebot3_msgs:/workspaces/ros2_jazzy_docker/ros2_ws/src/install/turtlebot3_gazebo:/workspaces/ros2_jazzy_docker/ros2_ws/src/install/turtlebot3_description:/workspaces/ros2_jazzy_docker/ros2_ws/src/install/turtlebot3_cartographer:/workspaces/ros2_jazzy_docker/ros2_ws/src/install/stage_ros2:/workspaces/ros2_jazzy_docker/ros2_ws/src/install/stage:/workspaces/ros2_jazzy_docker/ros2_ws/install/stage_ros2:/workspaces/ros2_jazzy_docker/ros2_ws/install/turtlebot3_teleop:/workspaces/ros2_jazzy_docker/ros2_ws/install/turtlebot3_example:/workspaces/ros2_jazzy_docker/ros2_ws/src/install/turtlebot3_teleop:/workspaces/ros2_jazzy_docker/ros2_ws/src/install/turtlebot3_example:/workspaces/ros2_jazzy_docker/ros2_ws/src/install/turtleboot3_autonomous_nav:/workspaces/ros2_jazzy_docker/ros2_ws/src/install/turtle_py:/workspaces/ros2_jazzy_docker/ros2_ws/src/install/stage_autonomous_nav:/workspaces/ros2_jazzy_docker/ros2_ws/install/turtleboot3_autonomous_nav:/workspaces/ros2_jazzy_docker/ros2_ws/install/turtle_py:/workspaces/ros2_jazzy_docker/ros2_ws/install/stage_autonomous_nav:/opt/ros/jazzy:/workspaces/ros2_jazzy_docker/ros2_ws/install/stage:/opt/ros/jazzy/opt/gz_sim_vendor:/opt/ros/jazzy/opt/gz_sensors_vendor:/opt/ros/jazzy/opt/gz_physics_vendor:/opt/ros/jazzy/opt/sdformat_vendor:/opt/ros/jazzy/opt/gz_gui_vendor:/opt/ros/jazzy/opt/gz_transport_vendor:/opt/ros/jazzy/opt/gz_rendering_vendor:/opt/ros/jazzy/opt/gz_plugin_vendor:/opt/ros/jazzy/opt/gz_fuel_tools_vendor:/opt/ros/jazzy/opt/gz_msgs_vendor:/opt/ros/jazzy/opt/gz_common_vendor:/opt/ros/jazzy/opt/gz_math_vendor:/opt/ros/jazzy/opt/gz_utils_vendor:/opt/ros/jazzy/opt/gz_tools_vendor:/opt/ros/jazzy/opt/gz_ogre_next_vendor:/opt/ros/jazzy/opt/gz_dartsim_vendor:/opt/ros/jazzy/opt/gz_cmake_vendor PYTHONPATH=/workspaces/ros2_jazzy_docker/ros2_ws/install/turtlebot3_msgs/lib/python3.12/site-packages:/workspaces/ros2_jazzy_docker/ros2_ws/install/turtlebot3_teleop/lib/python3.12/site-packages:/workspaces/ros2_jazzy_docker/ros2_ws/install/turtlebot3_example/lib/python3.12/site-packages:/workspaces/ros2_jazzy_docker/ros2_ws/src/install/turtlebot3_teleop/lib/python3.12/site-packages:/workspaces/ros2_jazzy_docker/ros2_ws/src/install/turtlebot3_example/lib/python3.12/site-packages:/workspaces/ros2_jazzy_docker/ros2_ws/src/install/turtlebot3_msgs/lib/python3.12/site-packages:/workspaces/ros2_jazzy_docker/ros2_ws/src/install/turtleboot3_autonomous_nav/lib/python3.12/site-packages:/workspaces/ros2_jazzy_docker/ros2_ws/src/install/turtle_py/lib/python3.12/site-packages:/workspaces/ros2_jazzy_docker/ros2_ws/src/install/stage_autonomous_nav/lib/python3.12/site-packages:/workspaces/ros2_jazzy_docker/ros2_ws/build/turtleboot3_autonomous_nav:/workspaces/ros2_jazzy_docker/ros2_ws/install/turtleboot3_autonomous_nav/lib/python3.12/site-packages:/workspaces/ros2_jazzy_docker/ros2_ws/build/turtle_py:/workspaces/ros2_jazzy_docker/ros2_ws/install/turtle_py/lib/python3.12/site-packages:/workspaces/ros2_jazzy_docker/ros2_ws/build/stage_autonomous_nav:/workspaces/ros2_jazzy_docker/ros2_ws/install/stage_autonomous_nav/lib/python3.12/site-packages:/opt/ros/jazzy/lib/python3.12/site-packages /usr/bin/cmake --build /workspaces/ros2_jazzy_docker/ros2_ws/build/turtlebot3_bringup -- -j12 -l12
[64.484s] DEBUG:colcon.colcon_core.event_handler.log_command:Invoking command in '/workspaces/ros2_jazzy_docker/ros2_ws/build/turtlebot3_bringup': CMAKE_PREFIX_PATH=/workspaces/ros2_jazzy_docker/ros2_ws/install/turtlebot3_node:/workspaces/ros2_jazzy_docker/ros2_ws/install/turtlebot3_msgs:/workspaces/ros2_jazzy_docker/ros2_ws/install/turtlebot3_description:/workspaces/ros2_jazzy_docker/ros2_ws/install/turtlebot3:/workspaces/ros2_jazzy_docker/ros2_ws/install/turtlebot3_simulations:/workspaces/ros2_jazzy_docker/ros2_ws/install/turtlebot3_bringup:/workspaces/ros2_jazzy_docker/ros2_ws/install/turtlebot3_navigation2:/workspaces/ros2_jazzy_docker/ros2_ws/install/turtlebot3_fake_node:/workspaces/ros2_jazzy_docker/ros2_ws/install/turtlebot3_gazebo:/workspaces/ros2_jazzy_docker/ros2_ws/install/turtlebot3_cartographer:/workspaces/ros2_jazzy_docker/ros2_ws/src/install/turtlebot3:/workspaces/ros2_jazzy_docker/ros2_ws/src/install/turtlebot3_simulations:/workspaces/ros2_jazzy_docker/ros2_ws/src/install/turtlebot3_bringup:/workspaces/ros2_jazzy_docker/ros2_ws/src/install/turtlebot3_node:/workspaces/ros2_jazzy_docker/ros2_ws/src/install/turtlebot3_navigation2:/workspaces/ros2_jazzy_docker/ros2_ws/src/install/turtlebot3_fake_node:/workspaces/ros2_jazzy_docker/ros2_ws/src/install/turtlebot3_msgs:/workspaces/ros2_jazzy_docker/ros2_ws/src/install/turtlebot3_gazebo:/workspaces/ros2_jazzy_docker/ros2_ws/src/install/turtlebot3_description:/workspaces/ros2_jazzy_docker/ros2_ws/src/install/turtlebot3_cartographer:/workspaces/ros2_jazzy_docker/ros2_ws/src/install/stage_ros2:/workspaces/ros2_jazzy_docker/ros2_ws/src/install/stage:/workspaces/ros2_jazzy_docker/ros2_ws/install/stage_ros2:/workspaces/ros2_jazzy_docker/ros2_ws/install/turtlebot3_teleop:/workspaces/ros2_jazzy_docker/ros2_ws/install/turtlebot3_example:/workspaces/ros2_jazzy_docker/ros2_ws/src/install/turtlebot3_teleop:/workspaces/ros2_jazzy_docker/ros2_ws/src/install/turtlebot3_example:/workspaces/ros2_jazzy_docker/ros2_ws/src/install/turtleboot3_autonomous_nav:/workspaces/ros2_jazzy_docker/ros2_ws/src/install/turtle_py:/workspaces/ros2_jazzy_docker/ros2_ws/src/install/stage_autonomous_nav:/workspaces/ros2_jazzy_docker/ros2_ws/install/turtleboot3_autonomous_nav:/workspaces/ros2_jazzy_docker/ros2_ws/install/turtle_py:/workspaces/ros2_jazzy_docker/ros2_ws/install/stage_autonomous_nav:/opt/ros/jazzy:/workspaces/ros2_jazzy_docker/ros2_ws/install/stage:/opt/ros/jazzy/opt/gz_sim_vendor:/opt/ros/jazzy/opt/gz_sensors_vendor:/opt/ros/jazzy/opt/gz_physics_vendor:/opt/ros/jazzy/opt/sdformat_vendor:/opt/ros/jazzy/opt/gz_gui_vendor:/opt/ros/jazzy/opt/gz_transport_vendor:/opt/ros/jazzy/opt/gz_rendering_vendor:/opt/ros/jazzy/opt/gz_plugin_vendor:/opt/ros/jazzy/opt/gz_fuel_tools_vendor:/opt/ros/jazzy/opt/gz_msgs_vendor:/opt/ros/jazzy/opt/gz_common_vendor:/opt/ros/jazzy/opt/gz_math_vendor:/opt/ros/jazzy/opt/gz_utils_vendor:/opt/ros/jazzy/opt/gz_tools_vendor:/opt/ros/jazzy/opt/gz_ogre_next_vendor:/opt/ros/jazzy/opt/gz_dartsim_vendor:/opt/ros/jazzy/opt/gz_cmake_vendor PYTHONPATH=/workspaces/ros2_jazzy_docker/ros2_ws/install/turtlebot3_msgs/lib/python3.12/site-packages:/workspaces/ros2_jazzy_docker/ros2_ws/install/turtlebot3_teleop/lib/python3.12/site-packages:/workspaces/ros2_jazzy_docker/ros2_ws/install/turtlebot3_example/lib/python3.12/site-packages:/workspaces/ros2_jazzy_docker/ros2_ws/src/install/turtlebot3_teleop/lib/python3.12/site-packages:/workspaces/ros2_jazzy_docker/ros2_ws/src/install/turtlebot3_example/lib/python3.12/site-packages:/workspaces/ros2_jazzy_docker/ros2_ws/src/install/turtlebot3_msgs/lib/python3.12/site-packages:/workspaces/ros2_jazzy_docker/ros2_ws/src/install/turtleboot3_autonomous_nav/lib/python3.12/site-packages:/workspaces/ros2_jazzy_docker/ros2_ws/src/install/turtle_py/lib/python3.12/site-packages:/workspaces/ros2_jazzy_docker/ros2_ws/src/install/stage_autonomous_nav/lib/python3.12/site-packages:/workspaces/ros2_jazzy_docker/ros2_ws/build/turtleboot3_autonomous_nav:/workspaces/ros2_jazzy_docker/ros2_ws/install/turtleboot3_autonomous_nav/lib/python3.12/site-packages:/workspaces/ros2_jazzy_docker/ros2_ws/build/turtle_py:/workspaces/ros2_jazzy_docker/ros2_ws/install/turtle_py/lib/python3.12/site-packages:/workspaces/ros2_jazzy_docker/ros2_ws/build/stage_autonomous_nav:/workspaces/ros2_jazzy_docker/ros2_ws/install/stage_autonomous_nav/lib/python3.12/site-packages:/opt/ros/jazzy/lib/python3.12/site-packages /usr/bin/cmake --install /workspaces/ros2_jazzy_docker/ros2_ws/build/turtlebot3_bringup
[64.527s] Level 1:colcon.colcon_core.environment:create_environment_scripts_only(turtlebot3_bringup)
[64.528s] Level 1:colcon.colcon_core.environment:checking '/workspaces/ros2_jazzy_docker/ros2_ws/install/turtlebot3_bringup' for CMake module files
[64.528s] DEBUG:colcon.colcon_core.event_handler.log_command:Invoked command in '/workspaces/ros2_jazzy_docker/ros2_ws/build/turtlebot3_bringup' returned '0': CMAKE_PREFIX_PATH=/workspaces/ros2_jazzy_docker/ros2_ws/install/turtlebot3_node:/workspaces/ros2_jazzy_docker/ros2_ws/install/turtlebot3_msgs:/workspaces/ros2_jazzy_docker/ros2_ws/install/turtlebot3_description:/workspaces/ros2_jazzy_docker/ros2_ws/install/turtlebot3:/workspaces/ros2_jazzy_docker/ros2_ws/install/turtlebot3_simulations:/workspaces/ros2_jazzy_docker/ros2_ws/install/turtlebot3_bringup:/workspaces/ros2_jazzy_docker/ros2_ws/install/turtlebot3_navigation2:/workspaces/ros2_jazzy_docker/ros2_ws/install/turtlebot3_fake_node:/workspaces/ros2_jazzy_docker/ros2_ws/install/turtlebot3_gazebo:/workspaces/ros2_jazzy_docker/ros2_ws/install/turtlebot3_cartographer:/workspaces/ros2_jazzy_docker/ros2_ws/src/install/turtlebot3:/workspaces/ros2_jazzy_docker/ros2_ws/src/install/turtlebot3_simulations:/workspaces/ros2_jazzy_docker/ros2_ws/src/install/turtlebot3_bringup:/workspaces/ros2_jazzy_docker/ros2_ws/src/install/turtlebot3_node:/workspaces/ros2_jazzy_docker/ros2_ws/src/install/turtlebot3_navigation2:/workspaces/ros2_jazzy_docker/ros2_ws/src/install/turtlebot3_fake_node:/workspaces/ros2_jazzy_docker/ros2_ws/src/install/turtlebot3_msgs:/workspaces/ros2_jazzy_docker/ros2_ws/src/install/turtlebot3_gazebo:/workspaces/ros2_jazzy_docker/ros2_ws/src/install/turtlebot3_description:/workspaces/ros2_jazzy_docker/ros2_ws/src/install/turtlebot3_cartographer:/workspaces/ros2_jazzy_docker/ros2_ws/src/install/stage_ros2:/workspaces/ros2_jazzy_docker/ros2_ws/src/install/stage:/workspaces/ros2_jazzy_docker/ros2_ws/install/stage_ros2:/workspaces/ros2_jazzy_docker/ros2_ws/install/turtlebot3_teleop:/workspaces/ros2_jazzy_docker/ros2_ws/install/turtlebot3_example:/workspaces/ros2_jazzy_docker/ros2_ws/src/install/turtlebot3_teleop:/workspaces/ros2_jazzy_docker/ros2_ws/src/install/turtlebot3_example:/workspaces/ros2_jazzy_docker/ros2_ws/src/install/turtleboot3_autonomous_nav:/workspaces/ros2_jazzy_docker/ros2_ws/src/install/turtle_py:/workspaces/ros2_jazzy_docker/ros2_ws/src/install/stage_autonomous_nav:/workspaces/ros2_jazzy_docker/ros2_ws/install/turtleboot3_autonomous_nav:/workspaces/ros2_jazzy_docker/ros2_ws/install/turtle_py:/workspaces/ros2_jazzy_docker/ros2_ws/install/stage_autonomous_nav:/opt/ros/jazzy:/workspaces/ros2_jazzy_docker/ros2_ws/install/stage:/opt/ros/jazzy/opt/gz_sim_vendor:/opt/ros/jazzy/opt/gz_sensors_vendor:/opt/ros/jazzy/opt/gz_physics_vendor:/opt/ros/jazzy/opt/sdformat_vendor:/opt/ros/jazzy/opt/gz_gui_vendor:/opt/ros/jazzy/opt/gz_transport_vendor:/opt/ros/jazzy/opt/gz_rendering_vendor:/opt/ros/jazzy/opt/gz_plugin_vendor:/opt/ros/jazzy/opt/gz_fuel_tools_vendor:/opt/ros/jazzy/opt/gz_msgs_vendor:/opt/ros/jazzy/opt/gz_common_vendor:/opt/ros/jazzy/opt/gz_math_vendor:/opt/ros/jazzy/opt/gz_utils_vendor:/opt/ros/jazzy/opt/gz_tools_vendor:/opt/ros/jazzy/opt/gz_ogre_next_vendor:/opt/ros/jazzy/opt/gz_dartsim_vendor:/opt/ros/jazzy/opt/gz_cmake_vendor PYTHONPATH=/workspaces/ros2_jazzy_docker/ros2_ws/install/turtlebot3_msgs/lib/python3.12/site-packages:/workspaces/ros2_jazzy_docker/ros2_ws/install/turtlebot3_teleop/lib/python3.12/site-packages:/workspaces/ros2_jazzy_docker/ros2_ws/install/turtlebot3_example/lib/python3.12/site-packages:/workspaces/ros2_jazzy_docker/ros2_ws/src/install/turtlebot3_teleop/lib/python3.12/site-packages:/workspaces/ros2_jazzy_docker/ros2_ws/src/install/turtlebot3_example/lib/python3.12/site-packages:/workspaces/ros2_jazzy_docker/ros2_ws/src/install/turtlebot3_msgs/lib/python3.12/site-packages:/workspaces/ros2_jazzy_docker/ros2_ws/src/install/turtleboot3_autonomous_nav/lib/python3.12/site-packages:/workspaces/ros2_jazzy_docker/ros2_ws/src/install/turtle_py/lib/python3.12/site-packages:/workspaces/ros2_jazzy_docker/ros2_ws/src/install/stage_autonomous_nav/lib/python3.12/site-packages:/workspaces/ros2_jazzy_docker/ros2_ws/build/turtleboot3_autonomous_nav:/workspaces/ros2_jazzy_docker/ros2_ws/install/turtleboot3_autonomous_nav/lib/python3.12/site-packages:/workspaces/ros2_jazzy_docker/ros2_ws/build/turtle_py:/workspaces/ros2_jazzy_docker/ros2_ws/install/turtle_py/lib/python3.12/site-packages:/workspaces/ros2_jazzy_docker/ros2_ws/build/stage_autonomous_nav:/workspaces/ros2_jazzy_docker/ros2_ws/install/stage_autonomous_nav/lib/python3.12/site-packages:/opt/ros/jazzy/lib/python3.12/site-packages /usr/bin/cmake --install /workspaces/ros2_jazzy_docker/ros2_ws/build/turtlebot3_bringup
[64.529s] Level 1:colcon.colcon_core.environment:checking '/workspaces/ros2_jazzy_docker/ros2_ws/install/turtlebot3_bringup' for CMake config files
[64.529s] Level 1:colcon.colcon_core.shell:create_environment_hook('turtlebot3_bringup', 'cmake_prefix_path')
[64.529s] INFO:colcon.colcon_core.shell:Creating environment hook '/workspaces/ros2_jazzy_docker/ros2_ws/install/turtlebot3_bringup/share/turtlebot3_bringup/hook/cmake_prefix_path.ps1'
[64.530s] INFO:colcon.colcon_core.shell:Creating environment descriptor '/workspaces/ros2_jazzy_docker/ros2_ws/install/turtlebot3_bringup/share/turtlebot3_bringup/hook/cmake_prefix_path.dsv'
[64.531s] INFO:colcon.colcon_core.shell:Creating environment hook '/workspaces/ros2_jazzy_docker/ros2_ws/install/turtlebot3_bringup/share/turtlebot3_bringup/hook/cmake_prefix_path.sh'
[64.531s] Level 1:colcon.colcon_core.environment:checking '/workspaces/ros2_jazzy_docker/ros2_ws/install/turtlebot3_bringup/bin'
[64.531s] Level 1:colcon.colcon_core.environment:checking '/workspaces/ros2_jazzy_docker/ros2_ws/install/turtlebot3_bringup/lib/pkgconfig/turtlebot3_bringup.pc'
[64.531s] Level 1:colcon.colcon_core.environment:checking '/workspaces/ros2_jazzy_docker/ros2_ws/install/turtlebot3_bringup/lib/python3.12/site-packages'
[64.532s] Level 1:colcon.colcon_core.environment:checking '/workspaces/ros2_jazzy_docker/ros2_ws/install/turtlebot3_bringup/bin'
[64.532s] INFO:colcon.colcon_core.shell:Creating package script '/workspaces/ros2_jazzy_docker/ros2_ws/install/turtlebot3_bringup/share/turtlebot3_bringup/package.ps1'
[64.532s] INFO:colcon.colcon_core.shell:Creating package descriptor '/workspaces/ros2_jazzy_docker/ros2_ws/install/turtlebot3_bringup/share/turtlebot3_bringup/package.dsv'
[64.533s] INFO:colcon.colcon_core.shell:Creating package script '/workspaces/ros2_jazzy_docker/ros2_ws/install/turtlebot3_bringup/share/turtlebot3_bringup/package.sh'
[64.533s] INFO:colcon.colcon_core.shell:Creating package script '/workspaces/ros2_jazzy_docker/ros2_ws/install/turtlebot3_bringup/share/turtlebot3_bringup/package.bash'
[64.533s] INFO:colcon.colcon_core.shell:Creating package script '/workspaces/ros2_jazzy_docker/ros2_ws/install/turtlebot3_bringup/share/turtlebot3_bringup/package.zsh'
[64.534s] Level 1:colcon.colcon_core.environment:create_file_with_runtime_dependencies(/workspaces/ros2_jazzy_docker/ros2_ws/install/turtlebot3_bringup/share/colcon-core/packages/turtlebot3_bringup)
[64.535s] Level 1:colcon.colcon_core.environment:create_environment_scripts_only(turtlebot3_bringup)
[64.535s] Level 1:colcon.colcon_core.environment:checking '/workspaces/ros2_jazzy_docker/ros2_ws/install/turtlebot3_bringup' for CMake module files
[64.536s] Level 1:colcon.colcon_core.environment:checking '/workspaces/ros2_jazzy_docker/ros2_ws/install/turtlebot3_bringup' for CMake config files
[64.536s] Level 1:colcon.colcon_core.shell:create_environment_hook('turtlebot3_bringup', 'cmake_prefix_path')
[64.536s] INFO:colcon.colcon_core.shell:Creating environment hook '/workspaces/ros2_jazzy_docker/ros2_ws/install/turtlebot3_bringup/share/turtlebot3_bringup/hook/cmake_prefix_path.ps1'
[64.537s] INFO:colcon.colcon_core.shell:Creating environment descriptor '/workspaces/ros2_jazzy_docker/ros2_ws/install/turtlebot3_bringup/share/turtlebot3_bringup/hook/cmake_prefix_path.dsv'
[64.537s] INFO:colcon.colcon_core.shell:Creating environment hook '/workspaces/ros2_jazzy_docker/ros2_ws/install/turtlebot3_bringup/share/turtlebot3_bringup/hook/cmake_prefix_path.sh'
[64.538s] Level 1:colcon.colcon_core.environment:checking '/workspaces/ros2_jazzy_docker/ros2_ws/install/turtlebot3_bringup/bin'
[64.538s] Level 1:colcon.colcon_core.environment:checking '/workspaces/ros2_jazzy_docker/ros2_ws/install/turtlebot3_bringup/lib/pkgconfig/turtlebot3_bringup.pc'
[64.538s] Level 1:colcon.colcon_core.environment:checking '/workspaces/ros2_jazzy_docker/ros2_ws/install/turtlebot3_bringup/lib/python3.12/site-packages'
[64.538s] Level 1:colcon.colcon_core.environment:checking '/workspaces/ros2_jazzy_docker/ros2_ws/install/turtlebot3_bringup/bin'
[64.539s] INFO:colcon.colcon_core.shell:Creating package script '/workspaces/ros2_jazzy_docker/ros2_ws/install/turtlebot3_bringup/share/turtlebot3_bringup/package.ps1'
[64.539s] INFO:colcon.colcon_core.shell:Creating package descriptor '/workspaces/ros2_jazzy_docker/ros2_ws/install/turtlebot3_bringup/share/turtlebot3_bringup/package.dsv'
[64.539s] INFO:colcon.colcon_core.shell:Creating package script '/workspaces/ros2_jazzy_docker/ros2_ws/install/turtlebot3_bringup/share/turtlebot3_bringup/package.sh'
[64.540s] INFO:colcon.colcon_core.shell:Creating package script '/workspaces/ros2_jazzy_docker/ros2_ws/install/turtlebot3_bringup/share/turtlebot3_bringup/package.bash'
[64.540s] INFO:colcon.colcon_core.shell:Creating package script '/workspaces/ros2_jazzy_docker/ros2_ws/install/turtlebot3_bringup/share/turtlebot3_bringup/package.zsh'
[64.540s] Level 1:colcon.colcon_core.environment:create_file_with_runtime_dependencies(/workspaces/ros2_jazzy_docker/ros2_ws/install/turtlebot3_bringup/share/colcon-core/packages/turtlebot3_bringup)
[64.541s] INFO:colcon.colcon_ros.task.ament_cmake.build:Building ROS package in '/workspaces/ros2_jazzy_docker/ros2_ws/src/turtlebot3/turtlebot3' with build type 'ament_cmake'
[64.541s] INFO:colcon.colcon_cmake.task.cmake.build:Building CMake package in '/workspaces/ros2_jazzy_docker/ros2_ws/src/turtlebot3/turtlebot3'
[64.541s] INFO:colcon.colcon_core.shell:Skip shell extension 'powershell' for command environment: Not usable outside of PowerShell
[64.541s] DEBUG:colcon.colcon_core.shell:Skip shell extension 'dsv' for command environment
[64.569s] DEBUG:colcon.colcon_core.event_handler.log_command:Invoking command in '/workspaces/ros2_jazzy_docker/ros2_ws/build/turtlebot3': AMENT_PREFIX_PATH=/workspaces/ros2_jazzy_docker/ros2_ws/install/turtlebot3_example:/workspaces/ros2_jazzy_docker/ros2_ws/install/turtlebot3_teleop:/workspaces/ros2_jazzy_docker/ros2_ws/install/turtlebot3:/workspaces/ros2_jazzy_docker/ros2_ws/install/turtlebot3_simulations:/workspaces/ros2_jazzy_docker/ros2_ws/install/turtlebot3_bringup:/workspaces/ros2_jazzy_docker/ros2_ws/install/turtlebot3_node:/workspaces/ros2_jazzy_docker/ros2_ws/install/turtlebot3_navigation2:/workspaces/ros2_jazzy_docker/ros2_ws/install/turtlebot3_fake_node:/workspaces/ros2_jazzy_docker/ros2_ws/install/turtlebot3_msgs:/workspaces/ros2_jazzy_docker/ros2_ws/install/turtlebot3_gazebo:/workspaces/ros2_jazzy_docker/ros2_ws/install/turtlebot3_description:/workspaces/ros2_jazzy_docker/ros2_ws/install/turtlebot3_cartographer:/workspaces/ros2_jazzy_docker/ros2_ws/src/install/turtlebot3:/workspaces/ros2_jazzy_docker/ros2_ws/src/install/turtlebot3_teleop:/workspaces/ros2_jazzy_docker/ros2_ws/src/install/turtlebot3_simulations:/workspaces/ros2_jazzy_docker/ros2_ws/src/install/turtlebot3_bringup:/workspaces/ros2_jazzy_docker/ros2_ws/src/install/turtlebot3_node:/workspaces/ros2_jazzy_docker/ros2_ws/src/install/turtlebot3_navigation2:/workspaces/ros2_jazzy_docker/ros2_ws/src/install/turtlebot3_fake_node:/workspaces/ros2_jazzy_docker/ros2_ws/src/install/turtlebot3_example:/workspaces/ros2_jazzy_docker/ros2_ws/src/install/turtlebot3_msgs:/workspaces/ros2_jazzy_docker/ros2_ws/src/install/turtleboot3_autonomous_nav:/workspaces/ros2_jazzy_docker/ros2_ws/src/install/turtlebot3_gazebo:/workspaces/ros2_jazzy_docker/ros2_ws/src/install/turtlebot3_description:/workspaces/ros2_jazzy_docker/ros2_ws/src/install/turtlebot3_cartographer:/workspaces/ros2_jazzy_docker/ros2_ws/src/install/turtle_py:/workspaces/ros2_jazzy_docker/ros2_ws/src/install/stage_autonomous_nav:/workspaces/ros2_jazzy_docker/ros2_ws/src/install/stage_ros2:/workspaces/ros2_jazzy_docker/ros2_ws/install/turtleboot3_autonomous_nav:/workspaces/ros2_jazzy_docker/ros2_ws/install/turtle_py:/workspaces/ros2_jazzy_docker/ros2_ws/install/stage_autonomous_nav:/workspaces/ros2_jazzy_docker/ros2_ws/install/stage_ros2:/opt/ros/jazzy CMAKE_PREFIX_PATH=/workspaces/ros2_jazzy_docker/ros2_ws/install/turtlebot3_bringup:/workspaces/ros2_jazzy_docker/ros2_ws/install/turtlebot3_node:/workspaces/ros2_jazzy_docker/ros2_ws/install/turtlebot3_navigation2:/workspaces/ros2_jazzy_docker/ros2_ws/install/turtlebot3_msgs:/workspaces/ros2_jazzy_docker/ros2_ws/install/turtlebot3_description:/workspaces/ros2_jazzy_docker/ros2_ws/install/turtlebot3_cartographer:/workspaces/ros2_jazzy_docker/ros2_ws/install/turtlebot3:/workspaces/ros2_jazzy_docker/ros2_ws/install/turtlebot3_simulations:/workspaces/ros2_jazzy_docker/ros2_ws/install/turtlebot3_fake_node:/workspaces/ros2_jazzy_docker/ros2_ws/install/turtlebot3_gazebo:/workspaces/ros2_jazzy_docker/ros2_ws/src/install/turtlebot3:/workspaces/ros2_jazzy_docker/ros2_ws/src/install/turtlebot3_simulations:/workspaces/ros2_jazzy_docker/ros2_ws/src/install/turtlebot3_bringup:/workspaces/ros2_jazzy_docker/ros2_ws/src/install/turtlebot3_node:/workspaces/ros2_jazzy_docker/ros2_ws/src/install/turtlebot3_navigation2:/workspaces/ros2_jazzy_docker/ros2_ws/src/install/turtlebot3_fake_node:/workspaces/ros2_jazzy_docker/ros2_ws/src/install/turtlebot3_msgs:/workspaces/ros2_jazzy_docker/ros2_ws/src/install/turtlebot3_gazebo:/workspaces/ros2_jazzy_docker/ros2_ws/src/install/turtlebot3_description:/workspaces/ros2_jazzy_docker/ros2_ws/src/install/turtlebot3_cartographer:/workspaces/ros2_jazzy_docker/ros2_ws/src/install/stage_ros2:/workspaces/ros2_jazzy_docker/ros2_ws/src/install/stage:/workspaces/ros2_jazzy_docker/ros2_ws/install/stage_ros2:/workspaces/ros2_jazzy_docker/ros2_ws/install/turtlebot3_teleop:/workspaces/ros2_jazzy_docker/ros2_ws/install/turtlebot3_example:/workspaces/ros2_jazzy_docker/ros2_ws/src/install/turtlebot3_teleop:/workspaces/ros2_jazzy_docker/ros2_ws/src/install/turtlebot3_example:/workspaces/ros2_jazzy_docker/ros2_ws/src/install/turtleboot3_autonomous_nav:/workspaces/ros2_jazzy_docker/ros2_ws/src/install/turtle_py:/workspaces/ros2_jazzy_docker/ros2_ws/src/install/stage_autonomous_nav:/workspaces/ros2_jazzy_docker/ros2_ws/install/turtleboot3_autonomous_nav:/workspaces/ros2_jazzy_docker/ros2_ws/install/turtle_py:/workspaces/ros2_jazzy_docker/ros2_ws/install/stage_autonomous_nav:/opt/ros/jazzy:/workspaces/ros2_jazzy_docker/ros2_ws/install/stage:/opt/ros/jazzy/opt/gz_sim_vendor:/opt/ros/jazzy/opt/gz_sensors_vendor:/opt/ros/jazzy/opt/gz_physics_vendor:/opt/ros/jazzy/opt/sdformat_vendor:/opt/ros/jazzy/opt/gz_gui_vendor:/opt/ros/jazzy/opt/gz_transport_vendor:/opt/ros/jazzy/opt/gz_rendering_vendor:/opt/ros/jazzy/opt/gz_plugin_vendor:/opt/ros/jazzy/opt/gz_fuel_tools_vendor:/opt/ros/jazzy/opt/gz_msgs_vendor:/opt/ros/jazzy/opt/gz_common_vendor:/opt/ros/jazzy/opt/gz_math_vendor:/opt/ros/jazzy/opt/gz_utils_vendor:/opt/ros/jazzy/opt/gz_tools_vendor:/opt/ros/jazzy/opt/gz_ogre_next_vendor:/opt/ros/jazzy/opt/gz_dartsim_vendor:/opt/ros/jazzy/opt/gz_cmake_vendor PYTHONPATH=/workspaces/ros2_jazzy_docker/ros2_ws/install/turtlebot3_example/lib/python3.12/site-packages:/workspaces/ros2_jazzy_docker/ros2_ws/install/turtlebot3_teleop/lib/python3.12/site-packages:/workspaces/ros2_jazzy_docker/ros2_ws/install/turtlebot3_msgs/lib/python3.12/site-packages:/workspaces/ros2_jazzy_docker/ros2_ws/src/install/turtlebot3_teleop/lib/python3.12/site-packages:/workspaces/ros2_jazzy_docker/ros2_ws/src/install/turtlebot3_example/lib/python3.12/site-packages:/workspaces/ros2_jazzy_docker/ros2_ws/src/install/turtlebot3_msgs/lib/python3.12/site-packages:/workspaces/ros2_jazzy_docker/ros2_ws/src/install/turtleboot3_autonomous_nav/lib/python3.12/site-packages:/workspaces/ros2_jazzy_docker/ros2_ws/src/install/turtle_py/lib/python3.12/site-packages:/workspaces/ros2_jazzy_docker/ros2_ws/src/install/stage_autonomous_nav/lib/python3.12/site-packages:/workspaces/ros2_jazzy_docker/ros2_ws/build/turtleboot3_autonomous_nav:/workspaces/ros2_jazzy_docker/ros2_ws/install/turtleboot3_autonomous_nav/lib/python3.12/site-packages:/workspaces/ros2_jazzy_docker/ros2_ws/build/turtle_py:/workspaces/ros2_jazzy_docker/ros2_ws/install/turtle_py/lib/python3.12/site-packages:/workspaces/ros2_jazzy_docker/ros2_ws/build/stage_autonomous_nav:/workspaces/ros2_jazzy_docker/ros2_ws/install/stage_autonomous_nav/lib/python3.12/site-packages:/opt/ros/jazzy/lib/python3.12/site-packages /usr/bin/cmake /workspaces/ros2_jazzy_docker/ros2_ws/src/turtlebot3/turtlebot3 -DCMAKE_INSTALL_PREFIX=/workspaces/ros2_jazzy_docker/ros2_ws/install/turtlebot3
[65.938s] DEBUG:colcon.colcon_core.event_handler.log_command:Invoked command in '/workspaces/ros2_jazzy_docker/ros2_ws/build/turtlebot3' returned '0': AMENT_PREFIX_PATH=/workspaces/ros2_jazzy_docker/ros2_ws/install/turtlebot3_example:/workspaces/ros2_jazzy_docker/ros2_ws/install/turtlebot3_teleop:/workspaces/ros2_jazzy_docker/ros2_ws/install/turtlebot3:/workspaces/ros2_jazzy_docker/ros2_ws/install/turtlebot3_simulations:/workspaces/ros2_jazzy_docker/ros2_ws/install/turtlebot3_bringup:/workspaces/ros2_jazzy_docker/ros2_ws/install/turtlebot3_node:/workspaces/ros2_jazzy_docker/ros2_ws/install/turtlebot3_navigation2:/workspaces/ros2_jazzy_docker/ros2_ws/install/turtlebot3_fake_node:/workspaces/ros2_jazzy_docker/ros2_ws/install/turtlebot3_msgs:/workspaces/ros2_jazzy_docker/ros2_ws/install/turtlebot3_gazebo:/workspaces/ros2_jazzy_docker/ros2_ws/install/turtlebot3_description:/workspaces/ros2_jazzy_docker/ros2_ws/install/turtlebot3_cartographer:/workspaces/ros2_jazzy_docker/ros2_ws/src/install/turtlebot3:/workspaces/ros2_jazzy_docker/ros2_ws/src/install/turtlebot3_teleop:/workspaces/ros2_jazzy_docker/ros2_ws/src/install/turtlebot3_simulations:/workspaces/ros2_jazzy_docker/ros2_ws/src/install/turtlebot3_bringup:/workspaces/ros2_jazzy_docker/ros2_ws/src/install/turtlebot3_node:/workspaces/ros2_jazzy_docker/ros2_ws/src/install/turtlebot3_navigation2:/workspaces/ros2_jazzy_docker/ros2_ws/src/install/turtlebot3_fake_node:/workspaces/ros2_jazzy_docker/ros2_ws/src/install/turtlebot3_example:/workspaces/ros2_jazzy_docker/ros2_ws/src/install/turtlebot3_msgs:/workspaces/ros2_jazzy_docker/ros2_ws/src/install/turtleboot3_autonomous_nav:/workspaces/ros2_jazzy_docker/ros2_ws/src/install/turtlebot3_gazebo:/workspaces/ros2_jazzy_docker/ros2_ws/src/install/turtlebot3_description:/workspaces/ros2_jazzy_docker/ros2_ws/src/install/turtlebot3_cartographer:/workspaces/ros2_jazzy_docker/ros2_ws/src/install/turtle_py:/workspaces/ros2_jazzy_docker/ros2_ws/src/install/stage_autonomous_nav:/workspaces/ros2_jazzy_docker/ros2_ws/src/install/stage_ros2:/workspaces/ros2_jazzy_docker/ros2_ws/install/turtleboot3_autonomous_nav:/workspaces/ros2_jazzy_docker/ros2_ws/install/turtle_py:/workspaces/ros2_jazzy_docker/ros2_ws/install/stage_autonomous_nav:/workspaces/ros2_jazzy_docker/ros2_ws/install/stage_ros2:/opt/ros/jazzy CMAKE_PREFIX_PATH=/workspaces/ros2_jazzy_docker/ros2_ws/install/turtlebot3_bringup:/workspaces/ros2_jazzy_docker/ros2_ws/install/turtlebot3_node:/workspaces/ros2_jazzy_docker/ros2_ws/install/turtlebot3_navigation2:/workspaces/ros2_jazzy_docker/ros2_ws/install/turtlebot3_msgs:/workspaces/ros2_jazzy_docker/ros2_ws/install/turtlebot3_description:/workspaces/ros2_jazzy_docker/ros2_ws/install/turtlebot3_cartographer:/workspaces/ros2_jazzy_docker/ros2_ws/install/turtlebot3:/workspaces/ros2_jazzy_docker/ros2_ws/install/turtlebot3_simulations:/workspaces/ros2_jazzy_docker/ros2_ws/install/turtlebot3_fake_node:/workspaces/ros2_jazzy_docker/ros2_ws/install/turtlebot3_gazebo:/workspaces/ros2_jazzy_docker/ros2_ws/src/install/turtlebot3:/workspaces/ros2_jazzy_docker/ros2_ws/src/install/turtlebot3_simulations:/workspaces/ros2_jazzy_docker/ros2_ws/src/install/turtlebot3_bringup:/workspaces/ros2_jazzy_docker/ros2_ws/src/install/turtlebot3_node:/workspaces/ros2_jazzy_docker/ros2_ws/src/install/turtlebot3_navigation2:/workspaces/ros2_jazzy_docker/ros2_ws/src/install/turtlebot3_fake_node:/workspaces/ros2_jazzy_docker/ros2_ws/src/install/turtlebot3_msgs:/workspaces/ros2_jazzy_docker/ros2_ws/src/install/turtlebot3_gazebo:/workspaces/ros2_jazzy_docker/ros2_ws/src/install/turtlebot3_description:/workspaces/ros2_jazzy_docker/ros2_ws/src/install/turtlebot3_cartographer:/workspaces/ros2_jazzy_docker/ros2_ws/src/install/stage_ros2:/workspaces/ros2_jazzy_docker/ros2_ws/src/install/stage:/workspaces/ros2_jazzy_docker/ros2_ws/install/stage_ros2:/workspaces/ros2_jazzy_docker/ros2_ws/install/turtlebot3_teleop:/workspaces/ros2_jazzy_docker/ros2_ws/install/turtlebot3_example:/workspaces/ros2_jazzy_docker/ros2_ws/src/install/turtlebot3_teleop:/workspaces/ros2_jazzy_docker/ros2_ws/src/install/turtlebot3_example:/workspaces/ros2_jazzy_docker/ros2_ws/src/install/turtleboot3_autonomous_nav:/workspaces/ros2_jazzy_docker/ros2_ws/src/install/turtle_py:/workspaces/ros2_jazzy_docker/ros2_ws/src/install/stage_autonomous_nav:/workspaces/ros2_jazzy_docker/ros2_ws/install/turtleboot3_autonomous_nav:/workspaces/ros2_jazzy_docker/ros2_ws/install/turtle_py:/workspaces/ros2_jazzy_docker/ros2_ws/install/stage_autonomous_nav:/opt/ros/jazzy:/workspaces/ros2_jazzy_docker/ros2_ws/install/stage:/opt/ros/jazzy/opt/gz_sim_vendor:/opt/ros/jazzy/opt/gz_sensors_vendor:/opt/ros/jazzy/opt/gz_physics_vendor:/opt/ros/jazzy/opt/sdformat_vendor:/opt/ros/jazzy/opt/gz_gui_vendor:/opt/ros/jazzy/opt/gz_transport_vendor:/opt/ros/jazzy/opt/gz_rendering_vendor:/opt/ros/jazzy/opt/gz_plugin_vendor:/opt/ros/jazzy/opt/gz_fuel_tools_vendor:/opt/ros/jazzy/opt/gz_msgs_vendor:/opt/ros/jazzy/opt/gz_common_vendor:/opt/ros/jazzy/opt/gz_math_vendor:/opt/ros/jazzy/opt/gz_utils_vendor:/opt/ros/jazzy/opt/gz_tools_vendor:/opt/ros/jazzy/opt/gz_ogre_next_vendor:/opt/ros/jazzy/opt/gz_dartsim_vendor:/opt/ros/jazzy/opt/gz_cmake_vendor PYTHONPATH=/workspaces/ros2_jazzy_docker/ros2_ws/install/turtlebot3_example/lib/python3.12/site-packages:/workspaces/ros2_jazzy_docker/ros2_ws/install/turtlebot3_teleop/lib/python3.12/site-packages:/workspaces/ros2_jazzy_docker/ros2_ws/install/turtlebot3_msgs/lib/python3.12/site-packages:/workspaces/ros2_jazzy_docker/ros2_ws/src/install/turtlebot3_teleop/lib/python3.12/site-packages:/workspaces/ros2_jazzy_docker/ros2_ws/src/install/turtlebot3_example/lib/python3.12/site-packages:/workspaces/ros2_jazzy_docker/ros2_ws/src/install/turtlebot3_msgs/lib/python3.12/site-packages:/workspaces/ros2_jazzy_docker/ros2_ws/src/install/turtleboot3_autonomous_nav/lib/python3.12/site-packages:/workspaces/ros2_jazzy_docker/ros2_ws/src/install/turtle_py/lib/python3.12/site-packages:/workspaces/ros2_jazzy_docker/ros2_ws/src/install/stage_autonomous_nav/lib/python3.12/site-packages:/workspaces/ros2_jazzy_docker/ros2_ws/build/turtleboot3_autonomous_nav:/workspaces/ros2_jazzy_docker/ros2_ws/install/turtleboot3_autonomous_nav/lib/python3.12/site-packages:/workspaces/ros2_jazzy_docker/ros2_ws/build/turtle_py:/workspaces/ros2_jazzy_docker/ros2_ws/install/turtle_py/lib/python3.12/site-packages:/workspaces/ros2_jazzy_docker/ros2_ws/build/stage_autonomous_nav:/workspaces/ros2_jazzy_docker/ros2_ws/install/stage_autonomous_nav/lib/python3.12/site-packages:/opt/ros/jazzy/lib/python3.12/site-packages /usr/bin/cmake /workspaces/ros2_jazzy_docker/ros2_ws/src/turtlebot3/turtlebot3 -DCMAKE_INSTALL_PREFIX=/workspaces/ros2_jazzy_docker/ros2_ws/install/turtlebot3
[65.940s] DEBUG:colcon.colcon_core.event_handler.log_command:Invoking command in '/workspaces/ros2_jazzy_docker/ros2_ws/build/turtlebot3': AMENT_PREFIX_PATH=/workspaces/ros2_jazzy_docker/ros2_ws/install/turtlebot3_example:/workspaces/ros2_jazzy_docker/ros2_ws/install/turtlebot3_teleop:/workspaces/ros2_jazzy_docker/ros2_ws/install/turtlebot3:/workspaces/ros2_jazzy_docker/ros2_ws/install/turtlebot3_simulations:/workspaces/ros2_jazzy_docker/ros2_ws/install/turtlebot3_bringup:/workspaces/ros2_jazzy_docker/ros2_ws/install/turtlebot3_node:/workspaces/ros2_jazzy_docker/ros2_ws/install/turtlebot3_navigation2:/workspaces/ros2_jazzy_docker/ros2_ws/install/turtlebot3_fake_node:/workspaces/ros2_jazzy_docker/ros2_ws/install/turtlebot3_msgs:/workspaces/ros2_jazzy_docker/ros2_ws/install/turtlebot3_gazebo:/workspaces/ros2_jazzy_docker/ros2_ws/install/turtlebot3_description:/workspaces/ros2_jazzy_docker/ros2_ws/install/turtlebot3_cartographer:/workspaces/ros2_jazzy_docker/ros2_ws/src/install/turtlebot3:/workspaces/ros2_jazzy_docker/ros2_ws/src/install/turtlebot3_teleop:/workspaces/ros2_jazzy_docker/ros2_ws/src/install/turtlebot3_simulations:/workspaces/ros2_jazzy_docker/ros2_ws/src/install/turtlebot3_bringup:/workspaces/ros2_jazzy_docker/ros2_ws/src/install/turtlebot3_node:/workspaces/ros2_jazzy_docker/ros2_ws/src/install/turtlebot3_navigation2:/workspaces/ros2_jazzy_docker/ros2_ws/src/install/turtlebot3_fake_node:/workspaces/ros2_jazzy_docker/ros2_ws/src/install/turtlebot3_example:/workspaces/ros2_jazzy_docker/ros2_ws/src/install/turtlebot3_msgs:/workspaces/ros2_jazzy_docker/ros2_ws/src/install/turtleboot3_autonomous_nav:/workspaces/ros2_jazzy_docker/ros2_ws/src/install/turtlebot3_gazebo:/workspaces/ros2_jazzy_docker/ros2_ws/src/install/turtlebot3_description:/workspaces/ros2_jazzy_docker/ros2_ws/src/install/turtlebot3_cartographer:/workspaces/ros2_jazzy_docker/ros2_ws/src/install/turtle_py:/workspaces/ros2_jazzy_docker/ros2_ws/src/install/stage_autonomous_nav:/workspaces/ros2_jazzy_docker/ros2_ws/src/install/stage_ros2:/workspaces/ros2_jazzy_docker/ros2_ws/install/turtleboot3_autonomous_nav:/workspaces/ros2_jazzy_docker/ros2_ws/install/turtle_py:/workspaces/ros2_jazzy_docker/ros2_ws/install/stage_autonomous_nav:/workspaces/ros2_jazzy_docker/ros2_ws/install/stage_ros2:/opt/ros/jazzy CMAKE_PREFIX_PATH=/workspaces/ros2_jazzy_docker/ros2_ws/install/turtlebot3_bringup:/workspaces/ros2_jazzy_docker/ros2_ws/install/turtlebot3_node:/workspaces/ros2_jazzy_docker/ros2_ws/install/turtlebot3_navigation2:/workspaces/ros2_jazzy_docker/ros2_ws/install/turtlebot3_msgs:/workspaces/ros2_jazzy_docker/ros2_ws/install/turtlebot3_description:/workspaces/ros2_jazzy_docker/ros2_ws/install/turtlebot3_cartographer:/workspaces/ros2_jazzy_docker/ros2_ws/install/turtlebot3:/workspaces/ros2_jazzy_docker/ros2_ws/install/turtlebot3_simulations:/workspaces/ros2_jazzy_docker/ros2_ws/install/turtlebot3_fake_node:/workspaces/ros2_jazzy_docker/ros2_ws/install/turtlebot3_gazebo:/workspaces/ros2_jazzy_docker/ros2_ws/src/install/turtlebot3:/workspaces/ros2_jazzy_docker/ros2_ws/src/install/turtlebot3_simulations:/workspaces/ros2_jazzy_docker/ros2_ws/src/install/turtlebot3_bringup:/workspaces/ros2_jazzy_docker/ros2_ws/src/install/turtlebot3_node:/workspaces/ros2_jazzy_docker/ros2_ws/src/install/turtlebot3_navigation2:/workspaces/ros2_jazzy_docker/ros2_ws/src/install/turtlebot3_fake_node:/workspaces/ros2_jazzy_docker/ros2_ws/src/install/turtlebot3_msgs:/workspaces/ros2_jazzy_docker/ros2_ws/src/install/turtlebot3_gazebo:/workspaces/ros2_jazzy_docker/ros2_ws/src/install/turtlebot3_description:/workspaces/ros2_jazzy_docker/ros2_ws/src/install/turtlebot3_cartographer:/workspaces/ros2_jazzy_docker/ros2_ws/src/install/stage_ros2:/workspaces/ros2_jazzy_docker/ros2_ws/src/install/stage:/workspaces/ros2_jazzy_docker/ros2_ws/install/stage_ros2:/workspaces/ros2_jazzy_docker/ros2_ws/install/turtlebot3_teleop:/workspaces/ros2_jazzy_docker/ros2_ws/install/turtlebot3_example:/workspaces/ros2_jazzy_docker/ros2_ws/src/install/turtlebot3_teleop:/workspaces/ros2_jazzy_docker/ros2_ws/src/install/turtlebot3_example:/workspaces/ros2_jazzy_docker/ros2_ws/src/install/turtleboot3_autonomous_nav:/workspaces/ros2_jazzy_docker/ros2_ws/src/install/turtle_py:/workspaces/ros2_jazzy_docker/ros2_ws/src/install/stage_autonomous_nav:/workspaces/ros2_jazzy_docker/ros2_ws/install/turtleboot3_autonomous_nav:/workspaces/ros2_jazzy_docker/ros2_ws/install/turtle_py:/workspaces/ros2_jazzy_docker/ros2_ws/install/stage_autonomous_nav:/opt/ros/jazzy:/workspaces/ros2_jazzy_docker/ros2_ws/install/stage:/opt/ros/jazzy/opt/gz_sim_vendor:/opt/ros/jazzy/opt/gz_sensors_vendor:/opt/ros/jazzy/opt/gz_physics_vendor:/opt/ros/jazzy/opt/sdformat_vendor:/opt/ros/jazzy/opt/gz_gui_vendor:/opt/ros/jazzy/opt/gz_transport_vendor:/opt/ros/jazzy/opt/gz_rendering_vendor:/opt/ros/jazzy/opt/gz_plugin_vendor:/opt/ros/jazzy/opt/gz_fuel_tools_vendor:/opt/ros/jazzy/opt/gz_msgs_vendor:/opt/ros/jazzy/opt/gz_common_vendor:/opt/ros/jazzy/opt/gz_math_vendor:/opt/ros/jazzy/opt/gz_utils_vendor:/opt/ros/jazzy/opt/gz_tools_vendor:/opt/ros/jazzy/opt/gz_ogre_next_vendor:/opt/ros/jazzy/opt/gz_dartsim_vendor:/opt/ros/jazzy/opt/gz_cmake_vendor PYTHONPATH=/workspaces/ros2_jazzy_docker/ros2_ws/install/turtlebot3_example/lib/python3.12/site-packages:/workspaces/ros2_jazzy_docker/ros2_ws/install/turtlebot3_teleop/lib/python3.12/site-packages:/workspaces/ros2_jazzy_docker/ros2_ws/install/turtlebot3_msgs/lib/python3.12/site-packages:/workspaces/ros2_jazzy_docker/ros2_ws/src/install/turtlebot3_teleop/lib/python3.12/site-packages:/workspaces/ros2_jazzy_docker/ros2_ws/src/install/turtlebot3_example/lib/python3.12/site-packages:/workspaces/ros2_jazzy_docker/ros2_ws/src/install/turtlebot3_msgs/lib/python3.12/site-packages:/workspaces/ros2_jazzy_docker/ros2_ws/src/install/turtleboot3_autonomous_nav/lib/python3.12/site-packages:/workspaces/ros2_jazzy_docker/ros2_ws/src/install/turtle_py/lib/python3.12/site-packages:/workspaces/ros2_jazzy_docker/ros2_ws/src/install/stage_autonomous_nav/lib/python3.12/site-packages:/workspaces/ros2_jazzy_docker/ros2_ws/build/turtleboot3_autonomous_nav:/workspaces/ros2_jazzy_docker/ros2_ws/install/turtleboot3_autonomous_nav/lib/python3.12/site-packages:/workspaces/ros2_jazzy_docker/ros2_ws/build/turtle_py:/workspaces/ros2_jazzy_docker/ros2_ws/install/turtle_py/lib/python3.12/site-packages:/workspaces/ros2_jazzy_docker/ros2_ws/build/stage_autonomous_nav:/workspaces/ros2_jazzy_docker/ros2_ws/install/stage_autonomous_nav/lib/python3.12/site-packages:/opt/ros/jazzy/lib/python3.12/site-packages /usr/bin/cmake --build /workspaces/ros2_jazzy_docker/ros2_ws/build/turtlebot3 -- -j12 -l12
[65.982s] DEBUG:colcon.colcon_core.event_handler.log_command:Invoked command in '/workspaces/ros2_jazzy_docker/ros2_ws/build/turtlebot3' returned '0': AMENT_PREFIX_PATH=/workspaces/ros2_jazzy_docker/ros2_ws/install/turtlebot3_example:/workspaces/ros2_jazzy_docker/ros2_ws/install/turtlebot3_teleop:/workspaces/ros2_jazzy_docker/ros2_ws/install/turtlebot3:/workspaces/ros2_jazzy_docker/ros2_ws/install/turtlebot3_simulations:/workspaces/ros2_jazzy_docker/ros2_ws/install/turtlebot3_bringup:/workspaces/ros2_jazzy_docker/ros2_ws/install/turtlebot3_node:/workspaces/ros2_jazzy_docker/ros2_ws/install/turtlebot3_navigation2:/workspaces/ros2_jazzy_docker/ros2_ws/install/turtlebot3_fake_node:/workspaces/ros2_jazzy_docker/ros2_ws/install/turtlebot3_msgs:/workspaces/ros2_jazzy_docker/ros2_ws/install/turtlebot3_gazebo:/workspaces/ros2_jazzy_docker/ros2_ws/install/turtlebot3_description:/workspaces/ros2_jazzy_docker/ros2_ws/install/turtlebot3_cartographer:/workspaces/ros2_jazzy_docker/ros2_ws/src/install/turtlebot3:/workspaces/ros2_jazzy_docker/ros2_ws/src/install/turtlebot3_teleop:/workspaces/ros2_jazzy_docker/ros2_ws/src/install/turtlebot3_simulations:/workspaces/ros2_jazzy_docker/ros2_ws/src/install/turtlebot3_bringup:/workspaces/ros2_jazzy_docker/ros2_ws/src/install/turtlebot3_node:/workspaces/ros2_jazzy_docker/ros2_ws/src/install/turtlebot3_navigation2:/workspaces/ros2_jazzy_docker/ros2_ws/src/install/turtlebot3_fake_node:/workspaces/ros2_jazzy_docker/ros2_ws/src/install/turtlebot3_example:/workspaces/ros2_jazzy_docker/ros2_ws/src/install/turtlebot3_msgs:/workspaces/ros2_jazzy_docker/ros2_ws/src/install/turtleboot3_autonomous_nav:/workspaces/ros2_jazzy_docker/ros2_ws/src/install/turtlebot3_gazebo:/workspaces/ros2_jazzy_docker/ros2_ws/src/install/turtlebot3_description:/workspaces/ros2_jazzy_docker/ros2_ws/src/install/turtlebot3_cartographer:/workspaces/ros2_jazzy_docker/ros2_ws/src/install/turtle_py:/workspaces/ros2_jazzy_docker/ros2_ws/src/install/stage_autonomous_nav:/workspaces/ros2_jazzy_docker/ros2_ws/src/install/stage_ros2:/workspaces/ros2_jazzy_docker/ros2_ws/install/turtleboot3_autonomous_nav:/workspaces/ros2_jazzy_docker/ros2_ws/install/turtle_py:/workspaces/ros2_jazzy_docker/ros2_ws/install/stage_autonomous_nav:/workspaces/ros2_jazzy_docker/ros2_ws/install/stage_ros2:/opt/ros/jazzy CMAKE_PREFIX_PATH=/workspaces/ros2_jazzy_docker/ros2_ws/install/turtlebot3_bringup:/workspaces/ros2_jazzy_docker/ros2_ws/install/turtlebot3_node:/workspaces/ros2_jazzy_docker/ros2_ws/install/turtlebot3_navigation2:/workspaces/ros2_jazzy_docker/ros2_ws/install/turtlebot3_msgs:/workspaces/ros2_jazzy_docker/ros2_ws/install/turtlebot3_description:/workspaces/ros2_jazzy_docker/ros2_ws/install/turtlebot3_cartographer:/workspaces/ros2_jazzy_docker/ros2_ws/install/turtlebot3:/workspaces/ros2_jazzy_docker/ros2_ws/install/turtlebot3_simulations:/workspaces/ros2_jazzy_docker/ros2_ws/install/turtlebot3_fake_node:/workspaces/ros2_jazzy_docker/ros2_ws/install/turtlebot3_gazebo:/workspaces/ros2_jazzy_docker/ros2_ws/src/install/turtlebot3:/workspaces/ros2_jazzy_docker/ros2_ws/src/install/turtlebot3_simulations:/workspaces/ros2_jazzy_docker/ros2_ws/src/install/turtlebot3_bringup:/workspaces/ros2_jazzy_docker/ros2_ws/src/install/turtlebot3_node:/workspaces/ros2_jazzy_docker/ros2_ws/src/install/turtlebot3_navigation2:/workspaces/ros2_jazzy_docker/ros2_ws/src/install/turtlebot3_fake_node:/workspaces/ros2_jazzy_docker/ros2_ws/src/install/turtlebot3_msgs:/workspaces/ros2_jazzy_docker/ros2_ws/src/install/turtlebot3_gazebo:/workspaces/ros2_jazzy_docker/ros2_ws/src/install/turtlebot3_description:/workspaces/ros2_jazzy_docker/ros2_ws/src/install/turtlebot3_cartographer:/workspaces/ros2_jazzy_docker/ros2_ws/src/install/stage_ros2:/workspaces/ros2_jazzy_docker/ros2_ws/src/install/stage:/workspaces/ros2_jazzy_docker/ros2_ws/install/stage_ros2:/workspaces/ros2_jazzy_docker/ros2_ws/install/turtlebot3_teleop:/workspaces/ros2_jazzy_docker/ros2_ws/install/turtlebot3_example:/workspaces/ros2_jazzy_docker/ros2_ws/src/install/turtlebot3_teleop:/workspaces/ros2_jazzy_docker/ros2_ws/src/install/turtlebot3_example:/workspaces/ros2_jazzy_docker/ros2_ws/src/install/turtleboot3_autonomous_nav:/workspaces/ros2_jazzy_docker/ros2_ws/src/install/turtle_py:/workspaces/ros2_jazzy_docker/ros2_ws/src/install/stage_autonomous_nav:/workspaces/ros2_jazzy_docker/ros2_ws/install/turtleboot3_autonomous_nav:/workspaces/ros2_jazzy_docker/ros2_ws/install/turtle_py:/workspaces/ros2_jazzy_docker/ros2_ws/install/stage_autonomous_nav:/opt/ros/jazzy:/workspaces/ros2_jazzy_docker/ros2_ws/install/stage:/opt/ros/jazzy/opt/gz_sim_vendor:/opt/ros/jazzy/opt/gz_sensors_vendor:/opt/ros/jazzy/opt/gz_physics_vendor:/opt/ros/jazzy/opt/sdformat_vendor:/opt/ros/jazzy/opt/gz_gui_vendor:/opt/ros/jazzy/opt/gz_transport_vendor:/opt/ros/jazzy/opt/gz_rendering_vendor:/opt/ros/jazzy/opt/gz_plugin_vendor:/opt/ros/jazzy/opt/gz_fuel_tools_vendor:/opt/ros/jazzy/opt/gz_msgs_vendor:/opt/ros/jazzy/opt/gz_common_vendor:/opt/ros/jazzy/opt/gz_math_vendor:/opt/ros/jazzy/opt/gz_utils_vendor:/opt/ros/jazzy/opt/gz_tools_vendor:/opt/ros/jazzy/opt/gz_ogre_next_vendor:/opt/ros/jazzy/opt/gz_dartsim_vendor:/opt/ros/jazzy/opt/gz_cmake_vendor PYTHONPATH=/workspaces/ros2_jazzy_docker/ros2_ws/install/turtlebot3_example/lib/python3.12/site-packages:/workspaces/ros2_jazzy_docker/ros2_ws/install/turtlebot3_teleop/lib/python3.12/site-packages:/workspaces/ros2_jazzy_docker/ros2_ws/install/turtlebot3_msgs/lib/python3.12/site-packages:/workspaces/ros2_jazzy_docker/ros2_ws/src/install/turtlebot3_teleop/lib/python3.12/site-packages:/workspaces/ros2_jazzy_docker/ros2_ws/src/install/turtlebot3_example/lib/python3.12/site-packages:/workspaces/ros2_jazzy_docker/ros2_ws/src/install/turtlebot3_msgs/lib/python3.12/site-packages:/workspaces/ros2_jazzy_docker/ros2_ws/src/install/turtleboot3_autonomous_nav/lib/python3.12/site-packages:/workspaces/ros2_jazzy_docker/ros2_ws/src/install/turtle_py/lib/python3.12/site-packages:/workspaces/ros2_jazzy_docker/ros2_ws/src/install/stage_autonomous_nav/lib/python3.12/site-packages:/workspaces/ros2_jazzy_docker/ros2_ws/build/turtleboot3_autonomous_nav:/workspaces/ros2_jazzy_docker/ros2_ws/install/turtleboot3_autonomous_nav/lib/python3.12/site-packages:/workspaces/ros2_jazzy_docker/ros2_ws/build/turtle_py:/workspaces/ros2_jazzy_docker/ros2_ws/install/turtle_py/lib/python3.12/site-packages:/workspaces/ros2_jazzy_docker/ros2_ws/build/stage_autonomous_nav:/workspaces/ros2_jazzy_docker/ros2_ws/install/stage_autonomous_nav/lib/python3.12/site-packages:/opt/ros/jazzy/lib/python3.12/site-packages /usr/bin/cmake --build /workspaces/ros2_jazzy_docker/ros2_ws/build/turtlebot3 -- -j12 -l12
[65.983s] DEBUG:colcon.colcon_core.event_handler.log_command:Invoking command in '/workspaces/ros2_jazzy_docker/ros2_ws/build/turtlebot3': AMENT_PREFIX_PATH=/workspaces/ros2_jazzy_docker/ros2_ws/install/turtlebot3_example:/workspaces/ros2_jazzy_docker/ros2_ws/install/turtlebot3_teleop:/workspaces/ros2_jazzy_docker/ros2_ws/install/turtlebot3:/workspaces/ros2_jazzy_docker/ros2_ws/install/turtlebot3_simulations:/workspaces/ros2_jazzy_docker/ros2_ws/install/turtlebot3_bringup:/workspaces/ros2_jazzy_docker/ros2_ws/install/turtlebot3_node:/workspaces/ros2_jazzy_docker/ros2_ws/install/turtlebot3_navigation2:/workspaces/ros2_jazzy_docker/ros2_ws/install/turtlebot3_fake_node:/workspaces/ros2_jazzy_docker/ros2_ws/install/turtlebot3_msgs:/workspaces/ros2_jazzy_docker/ros2_ws/install/turtlebot3_gazebo:/workspaces/ros2_jazzy_docker/ros2_ws/install/turtlebot3_description:/workspaces/ros2_jazzy_docker/ros2_ws/install/turtlebot3_cartographer:/workspaces/ros2_jazzy_docker/ros2_ws/src/install/turtlebot3:/workspaces/ros2_jazzy_docker/ros2_ws/src/install/turtlebot3_teleop:/workspaces/ros2_jazzy_docker/ros2_ws/src/install/turtlebot3_simulations:/workspaces/ros2_jazzy_docker/ros2_ws/src/install/turtlebot3_bringup:/workspaces/ros2_jazzy_docker/ros2_ws/src/install/turtlebot3_node:/workspaces/ros2_jazzy_docker/ros2_ws/src/install/turtlebot3_navigation2:/workspaces/ros2_jazzy_docker/ros2_ws/src/install/turtlebot3_fake_node:/workspaces/ros2_jazzy_docker/ros2_ws/src/install/turtlebot3_example:/workspaces/ros2_jazzy_docker/ros2_ws/src/install/turtlebot3_msgs:/workspaces/ros2_jazzy_docker/ros2_ws/src/install/turtleboot3_autonomous_nav:/workspaces/ros2_jazzy_docker/ros2_ws/src/install/turtlebot3_gazebo:/workspaces/ros2_jazzy_docker/ros2_ws/src/install/turtlebot3_description:/workspaces/ros2_jazzy_docker/ros2_ws/src/install/turtlebot3_cartographer:/workspaces/ros2_jazzy_docker/ros2_ws/src/install/turtle_py:/workspaces/ros2_jazzy_docker/ros2_ws/src/install/stage_autonomous_nav:/workspaces/ros2_jazzy_docker/ros2_ws/src/install/stage_ros2:/workspaces/ros2_jazzy_docker/ros2_ws/install/turtleboot3_autonomous_nav:/workspaces/ros2_jazzy_docker/ros2_ws/install/turtle_py:/workspaces/ros2_jazzy_docker/ros2_ws/install/stage_autonomous_nav:/workspaces/ros2_jazzy_docker/ros2_ws/install/stage_ros2:/opt/ros/jazzy CMAKE_PREFIX_PATH=/workspaces/ros2_jazzy_docker/ros2_ws/install/turtlebot3_bringup:/workspaces/ros2_jazzy_docker/ros2_ws/install/turtlebot3_node:/workspaces/ros2_jazzy_docker/ros2_ws/install/turtlebot3_navigation2:/workspaces/ros2_jazzy_docker/ros2_ws/install/turtlebot3_msgs:/workspaces/ros2_jazzy_docker/ros2_ws/install/turtlebot3_description:/workspaces/ros2_jazzy_docker/ros2_ws/install/turtlebot3_cartographer:/workspaces/ros2_jazzy_docker/ros2_ws/install/turtlebot3:/workspaces/ros2_jazzy_docker/ros2_ws/install/turtlebot3_simulations:/workspaces/ros2_jazzy_docker/ros2_ws/install/turtlebot3_fake_node:/workspaces/ros2_jazzy_docker/ros2_ws/install/turtlebot3_gazebo:/workspaces/ros2_jazzy_docker/ros2_ws/src/install/turtlebot3:/workspaces/ros2_jazzy_docker/ros2_ws/src/install/turtlebot3_simulations:/workspaces/ros2_jazzy_docker/ros2_ws/src/install/turtlebot3_bringup:/workspaces/ros2_jazzy_docker/ros2_ws/src/install/turtlebot3_node:/workspaces/ros2_jazzy_docker/ros2_ws/src/install/turtlebot3_navigation2:/workspaces/ros2_jazzy_docker/ros2_ws/src/install/turtlebot3_fake_node:/workspaces/ros2_jazzy_docker/ros2_ws/src/install/turtlebot3_msgs:/workspaces/ros2_jazzy_docker/ros2_ws/src/install/turtlebot3_gazebo:/workspaces/ros2_jazzy_docker/ros2_ws/src/install/turtlebot3_description:/workspaces/ros2_jazzy_docker/ros2_ws/src/install/turtlebot3_cartographer:/workspaces/ros2_jazzy_docker/ros2_ws/src/install/stage_ros2:/workspaces/ros2_jazzy_docker/ros2_ws/src/install/stage:/workspaces/ros2_jazzy_docker/ros2_ws/install/stage_ros2:/workspaces/ros2_jazzy_docker/ros2_ws/install/turtlebot3_teleop:/workspaces/ros2_jazzy_docker/ros2_ws/install/turtlebot3_example:/workspaces/ros2_jazzy_docker/ros2_ws/src/install/turtlebot3_teleop:/workspaces/ros2_jazzy_docker/ros2_ws/src/install/turtlebot3_example:/workspaces/ros2_jazzy_docker/ros2_ws/src/install/turtleboot3_autonomous_nav:/workspaces/ros2_jazzy_docker/ros2_ws/src/install/turtle_py:/workspaces/ros2_jazzy_docker/ros2_ws/src/install/stage_autonomous_nav:/workspaces/ros2_jazzy_docker/ros2_ws/install/turtleboot3_autonomous_nav:/workspaces/ros2_jazzy_docker/ros2_ws/install/turtle_py:/workspaces/ros2_jazzy_docker/ros2_ws/install/stage_autonomous_nav:/opt/ros/jazzy:/workspaces/ros2_jazzy_docker/ros2_ws/install/stage:/opt/ros/jazzy/opt/gz_sim_vendor:/opt/ros/jazzy/opt/gz_sensors_vendor:/opt/ros/jazzy/opt/gz_physics_vendor:/opt/ros/jazzy/opt/sdformat_vendor:/opt/ros/jazzy/opt/gz_gui_vendor:/opt/ros/jazzy/opt/gz_transport_vendor:/opt/ros/jazzy/opt/gz_rendering_vendor:/opt/ros/jazzy/opt/gz_plugin_vendor:/opt/ros/jazzy/opt/gz_fuel_tools_vendor:/opt/ros/jazzy/opt/gz_msgs_vendor:/opt/ros/jazzy/opt/gz_common_vendor:/opt/ros/jazzy/opt/gz_math_vendor:/opt/ros/jazzy/opt/gz_utils_vendor:/opt/ros/jazzy/opt/gz_tools_vendor:/opt/ros/jazzy/opt/gz_ogre_next_vendor:/opt/ros/jazzy/opt/gz_dartsim_vendor:/opt/ros/jazzy/opt/gz_cmake_vendor PYTHONPATH=/workspaces/ros2_jazzy_docker/ros2_ws/install/turtlebot3_example/lib/python3.12/site-packages:/workspaces/ros2_jazzy_docker/ros2_ws/install/turtlebot3_teleop/lib/python3.12/site-packages:/workspaces/ros2_jazzy_docker/ros2_ws/install/turtlebot3_msgs/lib/python3.12/site-packages:/workspaces/ros2_jazzy_docker/ros2_ws/src/install/turtlebot3_teleop/lib/python3.12/site-packages:/workspaces/ros2_jazzy_docker/ros2_ws/src/install/turtlebot3_example/lib/python3.12/site-packages:/workspaces/ros2_jazzy_docker/ros2_ws/src/install/turtlebot3_msgs/lib/python3.12/site-packages:/workspaces/ros2_jazzy_docker/ros2_ws/src/install/turtleboot3_autonomous_nav/lib/python3.12/site-packages:/workspaces/ros2_jazzy_docker/ros2_ws/src/install/turtle_py/lib/python3.12/site-packages:/workspaces/ros2_jazzy_docker/ros2_ws/src/install/stage_autonomous_nav/lib/python3.12/site-packages:/workspaces/ros2_jazzy_docker/ros2_ws/build/turtleboot3_autonomous_nav:/workspaces/ros2_jazzy_docker/ros2_ws/install/turtleboot3_autonomous_nav/lib/python3.12/site-packages:/workspaces/ros2_jazzy_docker/ros2_ws/build/turtle_py:/workspaces/ros2_jazzy_docker/ros2_ws/install/turtle_py/lib/python3.12/site-packages:/workspaces/ros2_jazzy_docker/ros2_ws/build/stage_autonomous_nav:/workspaces/ros2_jazzy_docker/ros2_ws/install/stage_autonomous_nav/lib/python3.12/site-packages:/opt/ros/jazzy/lib/python3.12/site-packages /usr/bin/cmake --install /workspaces/ros2_jazzy_docker/ros2_ws/build/turtlebot3
[66.013s] Level 1:colcon.colcon_core.environment:create_environment_scripts_only(turtlebot3)
[66.013s] Level 1:colcon.colcon_core.environment:checking '/workspaces/ros2_jazzy_docker/ros2_ws/install/turtlebot3' for CMake module files
[66.013s] DEBUG:colcon.colcon_core.event_handler.log_command:Invoked command in '/workspaces/ros2_jazzy_docker/ros2_ws/build/turtlebot3' returned '0': AMENT_PREFIX_PATH=/workspaces/ros2_jazzy_docker/ros2_ws/install/turtlebot3_example:/workspaces/ros2_jazzy_docker/ros2_ws/install/turtlebot3_teleop:/workspaces/ros2_jazzy_docker/ros2_ws/install/turtlebot3:/workspaces/ros2_jazzy_docker/ros2_ws/install/turtlebot3_simulations:/workspaces/ros2_jazzy_docker/ros2_ws/install/turtlebot3_bringup:/workspaces/ros2_jazzy_docker/ros2_ws/install/turtlebot3_node:/workspaces/ros2_jazzy_docker/ros2_ws/install/turtlebot3_navigation2:/workspaces/ros2_jazzy_docker/ros2_ws/install/turtlebot3_fake_node:/workspaces/ros2_jazzy_docker/ros2_ws/install/turtlebot3_msgs:/workspaces/ros2_jazzy_docker/ros2_ws/install/turtlebot3_gazebo:/workspaces/ros2_jazzy_docker/ros2_ws/install/turtlebot3_description:/workspaces/ros2_jazzy_docker/ros2_ws/install/turtlebot3_cartographer:/workspaces/ros2_jazzy_docker/ros2_ws/src/install/turtlebot3:/workspaces/ros2_jazzy_docker/ros2_ws/src/install/turtlebot3_teleop:/workspaces/ros2_jazzy_docker/ros2_ws/src/install/turtlebot3_simulations:/workspaces/ros2_jazzy_docker/ros2_ws/src/install/turtlebot3_bringup:/workspaces/ros2_jazzy_docker/ros2_ws/src/install/turtlebot3_node:/workspaces/ros2_jazzy_docker/ros2_ws/src/install/turtlebot3_navigation2:/workspaces/ros2_jazzy_docker/ros2_ws/src/install/turtlebot3_fake_node:/workspaces/ros2_jazzy_docker/ros2_ws/src/install/turtlebot3_example:/workspaces/ros2_jazzy_docker/ros2_ws/src/install/turtlebot3_msgs:/workspaces/ros2_jazzy_docker/ros2_ws/src/install/turtleboot3_autonomous_nav:/workspaces/ros2_jazzy_docker/ros2_ws/src/install/turtlebot3_gazebo:/workspaces/ros2_jazzy_docker/ros2_ws/src/install/turtlebot3_description:/workspaces/ros2_jazzy_docker/ros2_ws/src/install/turtlebot3_cartographer:/workspaces/ros2_jazzy_docker/ros2_ws/src/install/turtle_py:/workspaces/ros2_jazzy_docker/ros2_ws/src/install/stage_autonomous_nav:/workspaces/ros2_jazzy_docker/ros2_ws/src/install/stage_ros2:/workspaces/ros2_jazzy_docker/ros2_ws/install/turtleboot3_autonomous_nav:/workspaces/ros2_jazzy_docker/ros2_ws/install/turtle_py:/workspaces/ros2_jazzy_docker/ros2_ws/install/stage_autonomous_nav:/workspaces/ros2_jazzy_docker/ros2_ws/install/stage_ros2:/opt/ros/jazzy CMAKE_PREFIX_PATH=/workspaces/ros2_jazzy_docker/ros2_ws/install/turtlebot3_bringup:/workspaces/ros2_jazzy_docker/ros2_ws/install/turtlebot3_node:/workspaces/ros2_jazzy_docker/ros2_ws/install/turtlebot3_navigation2:/workspaces/ros2_jazzy_docker/ros2_ws/install/turtlebot3_msgs:/workspaces/ros2_jazzy_docker/ros2_ws/install/turtlebot3_description:/workspaces/ros2_jazzy_docker/ros2_ws/install/turtlebot3_cartographer:/workspaces/ros2_jazzy_docker/ros2_ws/install/turtlebot3:/workspaces/ros2_jazzy_docker/ros2_ws/install/turtlebot3_simulations:/workspaces/ros2_jazzy_docker/ros2_ws/install/turtlebot3_fake_node:/workspaces/ros2_jazzy_docker/ros2_ws/install/turtlebot3_gazebo:/workspaces/ros2_jazzy_docker/ros2_ws/src/install/turtlebot3:/workspaces/ros2_jazzy_docker/ros2_ws/src/install/turtlebot3_simulations:/workspaces/ros2_jazzy_docker/ros2_ws/src/install/turtlebot3_bringup:/workspaces/ros2_jazzy_docker/ros2_ws/src/install/turtlebot3_node:/workspaces/ros2_jazzy_docker/ros2_ws/src/install/turtlebot3_navigation2:/workspaces/ros2_jazzy_docker/ros2_ws/src/install/turtlebot3_fake_node:/workspaces/ros2_jazzy_docker/ros2_ws/src/install/turtlebot3_msgs:/workspaces/ros2_jazzy_docker/ros2_ws/src/install/turtlebot3_gazebo:/workspaces/ros2_jazzy_docker/ros2_ws/src/install/turtlebot3_description:/workspaces/ros2_jazzy_docker/ros2_ws/src/install/turtlebot3_cartographer:/workspaces/ros2_jazzy_docker/ros2_ws/src/install/stage_ros2:/workspaces/ros2_jazzy_docker/ros2_ws/src/install/stage:/workspaces/ros2_jazzy_docker/ros2_ws/install/stage_ros2:/workspaces/ros2_jazzy_docker/ros2_ws/install/turtlebot3_teleop:/workspaces/ros2_jazzy_docker/ros2_ws/install/turtlebot3_example:/workspaces/ros2_jazzy_docker/ros2_ws/src/install/turtlebot3_teleop:/workspaces/ros2_jazzy_docker/ros2_ws/src/install/turtlebot3_example:/workspaces/ros2_jazzy_docker/ros2_ws/src/install/turtleboot3_autonomous_nav:/workspaces/ros2_jazzy_docker/ros2_ws/src/install/turtle_py:/workspaces/ros2_jazzy_docker/ros2_ws/src/install/stage_autonomous_nav:/workspaces/ros2_jazzy_docker/ros2_ws/install/turtleboot3_autonomous_nav:/workspaces/ros2_jazzy_docker/ros2_ws/install/turtle_py:/workspaces/ros2_jazzy_docker/ros2_ws/install/stage_autonomous_nav:/opt/ros/jazzy:/workspaces/ros2_jazzy_docker/ros2_ws/install/stage:/opt/ros/jazzy/opt/gz_sim_vendor:/opt/ros/jazzy/opt/gz_sensors_vendor:/opt/ros/jazzy/opt/gz_physics_vendor:/opt/ros/jazzy/opt/sdformat_vendor:/opt/ros/jazzy/opt/gz_gui_vendor:/opt/ros/jazzy/opt/gz_transport_vendor:/opt/ros/jazzy/opt/gz_rendering_vendor:/opt/ros/jazzy/opt/gz_plugin_vendor:/opt/ros/jazzy/opt/gz_fuel_tools_vendor:/opt/ros/jazzy/opt/gz_msgs_vendor:/opt/ros/jazzy/opt/gz_common_vendor:/opt/ros/jazzy/opt/gz_math_vendor:/opt/ros/jazzy/opt/gz_utils_vendor:/opt/ros/jazzy/opt/gz_tools_vendor:/opt/ros/jazzy/opt/gz_ogre_next_vendor:/opt/ros/jazzy/opt/gz_dartsim_vendor:/opt/ros/jazzy/opt/gz_cmake_vendor PYTHONPATH=/workspaces/ros2_jazzy_docker/ros2_ws/install/turtlebot3_example/lib/python3.12/site-packages:/workspaces/ros2_jazzy_docker/ros2_ws/install/turtlebot3_teleop/lib/python3.12/site-packages:/workspaces/ros2_jazzy_docker/ros2_ws/install/turtlebot3_msgs/lib/python3.12/site-packages:/workspaces/ros2_jazzy_docker/ros2_ws/src/install/turtlebot3_teleop/lib/python3.12/site-packages:/workspaces/ros2_jazzy_docker/ros2_ws/src/install/turtlebot3_example/lib/python3.12/site-packages:/workspaces/ros2_jazzy_docker/ros2_ws/src/install/turtlebot3_msgs/lib/python3.12/site-packages:/workspaces/ros2_jazzy_docker/ros2_ws/src/install/turtleboot3_autonomous_nav/lib/python3.12/site-packages:/workspaces/ros2_jazzy_docker/ros2_ws/src/install/turtle_py/lib/python3.12/site-packages:/workspaces/ros2_jazzy_docker/ros2_ws/src/install/stage_autonomous_nav/lib/python3.12/site-packages:/workspaces/ros2_jazzy_docker/ros2_ws/build/turtleboot3_autonomous_nav:/workspaces/ros2_jazzy_docker/ros2_ws/install/turtleboot3_autonomous_nav/lib/python3.12/site-packages:/workspaces/ros2_jazzy_docker/ros2_ws/build/turtle_py:/workspaces/ros2_jazzy_docker/ros2_ws/install/turtle_py/lib/python3.12/site-packages:/workspaces/ros2_jazzy_docker/ros2_ws/build/stage_autonomous_nav:/workspaces/ros2_jazzy_docker/ros2_ws/install/stage_autonomous_nav/lib/python3.12/site-packages:/opt/ros/jazzy/lib/python3.12/site-packages /usr/bin/cmake --install /workspaces/ros2_jazzy_docker/ros2_ws/build/turtlebot3
[66.014s] Level 1:colcon.colcon_core.environment:checking '/workspaces/ros2_jazzy_docker/ros2_ws/install/turtlebot3' for CMake config files
[66.015s] Level 1:colcon.colcon_core.shell:create_environment_hook('turtlebot3', 'cmake_prefix_path')
[66.015s] INFO:colcon.colcon_core.shell:Creating environment hook '/workspaces/ros2_jazzy_docker/ros2_ws/install/turtlebot3/share/turtlebot3/hook/cmake_prefix_path.ps1'
[66.016s] INFO:colcon.colcon_core.shell:Creating environment descriptor '/workspaces/ros2_jazzy_docker/ros2_ws/install/turtlebot3/share/turtlebot3/hook/cmake_prefix_path.dsv'
[66.016s] INFO:colcon.colcon_core.shell:Creating environment hook '/workspaces/ros2_jazzy_docker/ros2_ws/install/turtlebot3/share/turtlebot3/hook/cmake_prefix_path.sh'
[66.017s] Level 1:colcon.colcon_core.environment:checking '/workspaces/ros2_jazzy_docker/ros2_ws/install/turtlebot3/bin'
[66.017s] Level 1:colcon.colcon_core.environment:checking '/workspaces/ros2_jazzy_docker/ros2_ws/install/turtlebot3/lib/pkgconfig/turtlebot3.pc'
[66.017s] Level 1:colcon.colcon_core.environment:checking '/workspaces/ros2_jazzy_docker/ros2_ws/install/turtlebot3/lib/python3.12/site-packages'
[66.017s] Level 1:colcon.colcon_core.environment:checking '/workspaces/ros2_jazzy_docker/ros2_ws/install/turtlebot3/bin'
[66.017s] INFO:colcon.colcon_core.shell:Creating package script '/workspaces/ros2_jazzy_docker/ros2_ws/install/turtlebot3/share/turtlebot3/package.ps1'
[66.018s] INFO:colcon.colcon_core.shell:Creating package descriptor '/workspaces/ros2_jazzy_docker/ros2_ws/install/turtlebot3/share/turtlebot3/package.dsv'
[66.018s] INFO:colcon.colcon_core.shell:Creating package script '/workspaces/ros2_jazzy_docker/ros2_ws/install/turtlebot3/share/turtlebot3/package.sh'
[66.018s] INFO:colcon.colcon_core.shell:Creating package script '/workspaces/ros2_jazzy_docker/ros2_ws/install/turtlebot3/share/turtlebot3/package.bash'
[66.019s] INFO:colcon.colcon_core.shell:Creating package script '/workspaces/ros2_jazzy_docker/ros2_ws/install/turtlebot3/share/turtlebot3/package.zsh'
[66.019s] Level 1:colcon.colcon_core.environment:create_file_with_runtime_dependencies(/workspaces/ros2_jazzy_docker/ros2_ws/install/turtlebot3/share/colcon-core/packages/turtlebot3)
[66.021s] Level 1:colcon.colcon_core.environment:create_environment_scripts_only(turtlebot3)
[66.021s] Level 1:colcon.colcon_core.environment:checking '/workspaces/ros2_jazzy_docker/ros2_ws/install/turtlebot3' for CMake module files
[66.022s] Level 1:colcon.colcon_core.environment:checking '/workspaces/ros2_jazzy_docker/ros2_ws/install/turtlebot3' for CMake config files
[66.023s] Level 1:colcon.colcon_core.shell:create_environment_hook('turtlebot3', 'cmake_prefix_path')
[66.023s] INFO:colcon.colcon_core.shell:Creating environment hook '/workspaces/ros2_jazzy_docker/ros2_ws/install/turtlebot3/share/turtlebot3/hook/cmake_prefix_path.ps1'
[66.023s] INFO:colcon.colcon_core.shell:Creating environment descriptor '/workspaces/ros2_jazzy_docker/ros2_ws/install/turtlebot3/share/turtlebot3/hook/cmake_prefix_path.dsv'
[66.023s] INFO:colcon.colcon_core.shell:Creating environment hook '/workspaces/ros2_jazzy_docker/ros2_ws/install/turtlebot3/share/turtlebot3/hook/cmake_prefix_path.sh'
[66.024s] Level 1:colcon.colcon_core.environment:checking '/workspaces/ros2_jazzy_docker/ros2_ws/install/turtlebot3/bin'
[66.024s] Level 1:colcon.colcon_core.environment:checking '/workspaces/ros2_jazzy_docker/ros2_ws/install/turtlebot3/lib/pkgconfig/turtlebot3.pc'
[66.024s] Level 1:colcon.colcon_core.environment:checking '/workspaces/ros2_jazzy_docker/ros2_ws/install/turtlebot3/lib/python3.12/site-packages'
[66.024s] Level 1:colcon.colcon_core.environment:checking '/workspaces/ros2_jazzy_docker/ros2_ws/install/turtlebot3/bin'
[66.024s] INFO:colcon.colcon_core.shell:Creating package script '/workspaces/ros2_jazzy_docker/ros2_ws/install/turtlebot3/share/turtlebot3/package.ps1'
[66.025s] INFO:colcon.colcon_core.shell:Creating package descriptor '/workspaces/ros2_jazzy_docker/ros2_ws/install/turtlebot3/share/turtlebot3/package.dsv'
[66.025s] INFO:colcon.colcon_core.shell:Creating package script '/workspaces/ros2_jazzy_docker/ros2_ws/install/turtlebot3/share/turtlebot3/package.sh'
[66.026s] INFO:colcon.colcon_core.shell:Creating package script '/workspaces/ros2_jazzy_docker/ros2_ws/install/turtlebot3/share/turtlebot3/package.bash'
[66.026s] INFO:colcon.colcon_core.shell:Creating package script '/workspaces/ros2_jazzy_docker/ros2_ws/install/turtlebot3/share/turtlebot3/package.zsh'
[66.027s] Level 1:colcon.colcon_core.environment:create_file_with_runtime_dependencies(/workspaces/ros2_jazzy_docker/ros2_ws/install/turtlebot3/share/colcon-core/packages/turtlebot3)
[66.027s] DEBUG:colcon.colcon_parallel_executor.executor.parallel:closing loop
[66.028s] DEBUG:colcon.colcon_parallel_executor.executor.parallel:loop closed
[66.028s] DEBUG:colcon.colcon_parallel_executor.executor.parallel:run_until_complete finished with '0'
[66.028s] DEBUG:colcon.colcon_core.event_reactor:joining thread
[66.038s] INFO:colcon.colcon_core.plugin_system:Skipping extension 'colcon_notification.desktop_notification.notify_send': Could not find 'notify-send'
[66.038s] INFO:colcon.colcon_core.plugin_system:Skipping extension 'colcon_notification.desktop_notification.terminal_notifier': Not used on non-Darwin systems
[66.038s] INFO:colcon.colcon_core.plugin_system:Skipping extension 'colcon_notification.desktop_notification.win32': Not used on non-Windows systems
[66.038s] INFO:colcon.colcon_notification.desktop_notification:Sending desktop notification using 'notify2'
[66.052s] DEBUG:colcon.colcon_notification.desktop_notification.notify2:Failed to initialize notify2: org.freedesktop.DBus.Error.ServiceUnknown: The name org.freedesktop.Notifications was not provided by any .service files
[66.052s] DEBUG:colcon.colcon_core.event_reactor:joined thread
[66.053s] INFO:colcon.colcon_core.shell:Creating prefix script '/workspaces/ros2_jazzy_docker/ros2_ws/install/local_setup.ps1'
[66.054s] INFO:colcon.colcon_core.shell:Creating prefix util module '/workspaces/ros2_jazzy_docker/ros2_ws/install/_local_setup_util_ps1.py'
[66.055s] INFO:colcon.colcon_core.shell:Creating prefix chain script '/workspaces/ros2_jazzy_docker/ros2_ws/install/setup.ps1'
[66.060s] INFO:colcon.colcon_core.shell:Creating prefix script '/workspaces/ros2_jazzy_docker/ros2_ws/install/local_setup.sh'
[66.060s] INFO:colcon.colcon_core.shell:Creating prefix util module '/workspaces/ros2_jazzy_docker/ros2_ws/install/_local_setup_util_sh.py'
[66.061s] INFO:colcon.colcon_core.shell:Creating prefix chain script '/workspaces/ros2_jazzy_docker/ros2_ws/install/setup.sh'
[66.066s] INFO:colcon.colcon_core.shell:Creating prefix script '/workspaces/ros2_jazzy_docker/ros2_ws/install/local_setup.bash'
[66.067s] INFO:colcon.colcon_core.shell:Creating prefix chain script '/workspaces/ros2_jazzy_docker/ros2_ws/install/setup.bash'
[66.072s] INFO:colcon.colcon_core.shell:Creating prefix script '/workspaces/ros2_jazzy_docker/ros2_ws/install/local_setup.zsh'
[66.072s] INFO:colcon.colcon_core.shell:Creating prefix chain script '/workspaces/ros2_jazzy_docker/ros2_ws/install/setup.zsh'
